scholarship_id,name,eligible_nationalities,min_age,max_age,eligible_degree_levels,eligible_high_school_tracks,eligible_fields,preferred_school_tier,min_report_card_average,min_major_subject_average,language_requirements,requires_financial_need,max_family_income_category,host_country,host_region,selection_criteria,career_track_preference,requires_return_home_country,mission_statement,target_recipient_profile,funding_covers_tuition,funding_covers_living,funding_covers_airfare,funding_covers_insurance,funding_monthly_stipend,funding_is_full_funding,funding_coverage_count
SCH_000000,Argentina Computer Science Scholarship,"[""japan"", ""brazil"", ""philippines"", ""south_korea"", ""france"", ""singapore""]",17,22,"[""high_school"", ""bachelors""]","[""religion""]","[""computer_science""]",public_a,69.7,72.2,"[{""test_type"": ""jlpt"", ""min_score"": 40, ""is_mandatory"": false}]",False,very_low,argentina,south_america,"{""academic"": 0.336, ""leadership"": 0.2, ""olympiad"": 0.288, ""extracurricular"": 0.104, ""essay"": 0.072}",government,True,Our mission is to empower talented individuals from South_america pursuing excellence in computer_science.,We are looking for candidates with strong academic records and proven research experience.,True,False,True,False,979.86,False,2
SCH_000001,New Zealand Agriculture Scholarship,"[""south_africa"", ""chile"", ""australia"", ""uk"", ""malaysia""]",16,20,"[""high_school""]","[""vocational""]","[""agriculture""]",accredited_b,68.5,53.8,"[{""test_type"": ""toefl"", ""min_score"": 98.6, ""is_mandatory"": true}]",True,middle,new_zealand,oceania,"{""academic"": 0.5104, ""leadership"": 0.1667, ""olympiad"": 0.1146, ""extracurricular"": 0.0833, ""essay"": 0.125}",,True,We seek to support outstanding students in agriculture who demonstrate commitment to innovation.,We value students who show leadership potential and dedication to public health policy.,True,False,True,True,1669.7,False,3
SCH_000002,Germany Agriculture Scholarship,"[""france"", ""malaysia"", ""netherlands"", ""indonesia"", ""australia"", ""japan"", ""argentina""]",17,21,"[""high_school""]","[""religion""]","[""agriculture""]",private_a,68.4,78.9,"[{""test_type"": ""ielts"", ""min_score"": 7.2, ""is_mandatory"": false}]",False,upper_middle,germany,europe,"{""academic"": 0.402, ""leadership"": 0.0686, ""olympiad"": 0.2549, ""extracurricular"": 0.1373, ""essay"": 0.1373}",government,True,We seek to support outstanding students in agriculture who demonstrate commitment to societal impact.,We are looking for candidates with strong academic records and proven research experience.,True,True,False,False,1913.4,True,2
SCH_000003,Usa Law Scholarship,"[""usa"", ""india"", ""germany"", ""china""]",16,21,"[""high_school""]","[""vocational"", ""science""]","[""law"", ""mathematics"", ""physics"", ""economics""]",accredited_b,75.1,56.8,[],False,low,usa,north_america,"{""academic"": 0.3621, ""leadership"": 0.2069, ""olympiad"": 0.1466, ""extracurricular"": 0.0431, ""essay"": 0.2414}",entrepreneurship,False,We seek to support outstanding students in law who demonstrate commitment to societal impact.,We value students who show leadership potential and dedication to education reform.,True,False,True,True,1689.94,False,3
SCH_000004,Switzerland Computer Science Scholarship,"[""indonesia"", ""philippines""]",16,19,"[""high_school"", ""bachelors""]","[""languages"", ""religion""]","[""computer_science"", ""mathematics"", ""business"", ""engineering""]",excellence,75.2,67.2,"[{""test_type"": ""toefl"", ""min_score"": 103.5, ""is_mandatory"": true}]",False,very_low,switzerland,europe,"{""academic"": 0.176, ""leadership"": 0.12, ""olympiad"": 0.296, ""extracurricular"": 0.224, ""essay"": 0.184}",public_service,False,We seek to support outstanding students in computer_science who demonstrate commitment to knowledge advancement.,We are looking for candidates with strong academic records and proven research experience.,True,False,True,True,1598.52,False,3
SCH_000005,New Zealand Education Scholarship,"[""indonesia"", ""germany"", ""south_korea"", ""india"", ""switzerland"", ""nigeria""]",16,21,"[""high_school""]","[""vocational"", ""religion""]","[""education"", ""computer_science"", ""social_sciences"", ""mathematics""]",accredited_b,57.0,53.4,[],False,low,new_zealand,oceania,"{""academic"": 0.1797, ""leadership"": 0.2266, ""olympiad"": 0.2031, ""extracurricular"": 0.1953, ""essay"": 0.1953}",,True,We seek to support outstanding students in education who demonstrate commitment to societal impact.,Ideal candidates demonstrate excellence in education and commitment to community service.,True,True,False,False,752.66,True,2
SCH_000006,India Engineering Scholarship,"[""singapore"", ""thailand"", ""china""]",17,22,"[""high_school""]","[""religion""]","[""engineering"", ""law"", ""biology""]",excellence,62.3,76.0,"[{""test_type"": ""ielts"", ""min_score"": 7.1, ""is_mandatory"": false}]",True,low,india,asia,"{""academic"": 0.2967, ""leadership"": 0.1099, ""olympiad"": 0.3187, ""extracurricular"": 0.1978, ""essay"": 0.0769}",entrepreneurship,False,This scholarship aims to nurture future leaders in engineering with a passion for artificial intelligence.,We are looking for candidates with strong academic records and proven leadership experience.,True,False,False,False,550.09,False,1
SCH_000007,Switzerland Agriculture Scholarship,"[""kenya"", ""morocco"", ""germany"", ""japan"", ""uk""]",17,22,"[""high_school""]","[""social_studies""]","[""agriculture"", ""engineering"", ""education""]",accredited_b,56.2,70.9,"[{""test_type"": ""delf"", ""min_score"": 40, ""is_mandatory"": false}]",True,upper_middle,switzerland,europe,"{""academic"": 0.4248, ""leadership"": 0.2212, ""olympiad"": 0.177, ""extracurricular"": 0.1062, ""essay"": 0.0708}",,False,Our mission is to empower talented individuals from Europe pursuing excellence in agriculture.,We value students who show leadership potential and dedication to machine learning.,True,True,True,False,1236.73,True,3
SCH_000008,Chile Engineering Scholarship,"[""philippines"", ""china"", ""canada"", ""thailand"", ""australia"", ""uk""]",16,19,"[""high_school"", ""bachelors""]","[""vocational"", ""social_studies""]","[""engineering"", ""law""]",accredited_b,63.5,74.9,"[{""test_type"": ""topik"", ""min_score"": 150, ""is_mandatory"": true}]",False,very_low,chile,south_america,"{""academic"": 0.2328, ""leadership"": 0.1466, ""olympiad"": 0.2328, ""extracurricular"": 0.1897, ""essay"": 0.1983}",,True,This scholarship aims to nurture future leaders in engineering with a passion for genomic research.,Ideal candidates demonstrate excellence in engineering and commitment to technological advancement.,True,True,True,False,840.01,True,3
SCH_000009,Argentina Biology Scholarship,"[""indonesia"", ""egypt"", ""thailand"", ""sweden"", ""canada"", ""brazil""]",17,21,"[""high_school"", ""bachelors""]","[""vocational"", ""religion""]","[""biology""]",excellence,72.6,57.5,"[{""test_type"": ""ielts"", ""min_score"": 6.9, ""is_mandatory"": true}]",True,upper_middle,argentina,south_america,"{""academic"": 0.413, ""leadership"": 0.1522, ""olympiad"": 0.1522, ""extracurricular"": 0.1848, ""essay"": 0.0978}",,False,Our mission is to empower talented individuals from South_america pursuing excellence in biology.,We are looking for candidates with strong academic records and proven research experience.,False,True,True,False,510.71,False,2
SCH_000010,New Zealand Engineering Scholarship,"[""argentina"", ""canada"", ""egypt"", ""germany""]",16,20,"[""high_school"", ""bachelors""]","[""vocational"", ""science""]","[""engineering"", ""medicine"", ""education""]",excellence,69.7,64.5,"[{""test_type"": ""toefl"", ""min_score"": 104.9, ""is_mandatory"": false}]",False,upper_middle,new_zealand,oceania,"{""academic"": 0.3016, ""leadership"": 0.1111, ""olympiad"": 0.3095, ""extracurricular"": 0.119, ""essay"": 0.1587}",,False,We seek to support outstanding students in engineering who demonstrate commitment to knowledge advancement.,We are looking for candidates with strong academic records and proven research experience.,False,False,False,False,1155.31,False,0
SCH_000011,Brazil Medicine Scholarship,"[""new_zealand"", ""south_korea"", ""usa"", ""france"", ""brazil"", ""vietnam"", ""singapore""]",16,20,"[""high_school"", ""bachelors""]","[""vocational""]","[""medicine"", ""social_sciences"", ""chemistry""]",public_a,79.5,59.4,"[{""test_type"": ""ielts"", ""min_score"": 7.7, ""is_mandatory"": true}]",False,low,brazil,south_america,"{""academic"": 0.3689, ""leadership"": 0.1359, ""olympiad"": 0.1165, ""extracurricular"": 0.1553, ""essay"": 0.2233}",government,False,Our mission is to empower talented individuals from South_america pursuing excellence in medicine.,Ideal candidates demonstrate excellence in medicine and commitment to technological advancement.,True,True,False,False,544.81,True,2
SCH_000012,New Zealand Biology Scholarship,"[""morocco"", ""egypt"", ""france"", ""vietnam"", ""singapore""]",15,18,"[""high_school"", ""bachelors""]","[""science"", ""languages""]","[""biology"", ""medicine"", ""mathematics"", ""economics""]",private_a,72.2,51.9,"[{""test_type"": ""toefl"", ""min_score"": 99.4, ""is_mandatory"": true}]",False,low,new_zealand,oceania,"{""academic"": 0.3534, ""leadership"": 0.181, ""olympiad"": 0.2759, ""extracurricular"": 0.1207, ""essay"": 0.069}",,True,We seek to support outstanding students in biology who demonstrate commitment to knowledge advancement.,We are looking for candidates with strong academic records and proven leadership experience.,True,True,False,False,503.82,True,2
SCH_000013,South Korea Education Scholarship,"[""new_zealand"", ""thailand"", ""indonesia"", ""kenya"", ""france""]",15,18,"[""high_school""]","[""religion"", ""vocational""]","[""education"", ""agriculture"", ""economics"", ""law""]",private_a,59.1,67.5,"[{""test_type"": ""ielts"", ""min_score"": 7.0, ""is_mandatory"": false}]",True,low,south_korea,asia,"{""academic"": 0.3556, ""leadership"": 0.1259, ""olympiad"": 0.2074, ""extracurricular"": 0.163, ""essay"": 0.1481}",,False,We seek to support outstanding students in education who demonstrate commitment to innovation.,Ideal candidates demonstrate excellence in education and commitment to community service.,False,False,False,False,1113.64,False,0
SCH_000014,Switzerland Economics Scholarship,"[""chile"", ""china"", ""australia"", ""canada""]",15,19,"[""high_school"", ""bachelors""]","[""science"", ""social_studies""]","[""economics"", ""chemistry""]",public_a,57.4,63.4,"[{""test_type"": ""toefl"", ""min_score"": 99.1, ""is_mandatory"": false}]",False,low,switzerland,europe,"{""academic"": 0.2481, ""leadership"": 0.1429, ""olympiad"": 0.2632, ""extracurricular"": 0.218, ""essay"": 0.1278}",,False,This scholarship aims to nurture future leaders in economics with a passion for genomic research.,We value students who show leadership potential and dedication to genomic research.,True,False,True,True,64.46,False,3
SCH_000015,Canada Education Scholarship,"[""japan"", ""chile"", ""canada"", ""kenya""]",17,21,"[""high_school"", ""bachelors""]","[""social_studies"", ""religion""]","[""education"", ""medicine""]",private_a,75.1,61.8,"[{""test_type"": ""toefl"", ""min_score"": 83.8, ""is_mandatory"": false}]",False,very_low,canada,north_america,"{""academic"": 0.3382, ""leadership"": 0.1324, ""olympiad"": 0.1765, ""extracurricular"": 0.1912, ""essay"": 0.1618}",academic,False,We seek to support outstanding students in education who demonstrate commitment to innovation.,We are looking for candidates with strong academic records and proven research experience.,True,True,True,True,1831.56,True,4
SCH_000016,Netherlands Computer Science Scholarship,"[""sweden"", ""netherlands"", ""germany""]",16,20,"[""high_school""]","[""science""]","[""computer_science"", ""social_sciences"", ""law""]",excellence,81.2,62.3,"[{""test_type"": ""toefl"", ""min_score"": 87.4, ""is_mandatory"": true}]",False,middle,netherlands,europe,"{""academic"": 0.3333, ""leadership"": 0.1159, ""olympiad"": 0.2246, ""extracurricular"": 0.1232, ""essay"": 0.2029}",,False,This scholarship aims to nurture future leaders in computer_science with a passion for human-computer interaction.,Ideal candidates demonstrate excellence in computer_science and commitment to technological advancement.,True,True,True,False,1996.32,True,3
SCH_000017,Chile Social Sciences Scholarship,"[""indonesia"", ""vietnam"", ""singapore"", ""canada"", ""switzerland""]",15,18,"[""high_school""]","[""vocational""]","[""social_sciences"", ""physics"", ""computer_science"", ""economics""]",public_a,78.2,60.0,[],True,middle,chile,south_america,"{""academic"": 0.2519, ""leadership"": 0.1778, ""olympiad"": 0.2519, ""extracurricular"": 0.2148, ""essay"": 0.1037}",,False,We seek to support outstanding students in social_sciences who demonstrate commitment to knowledge advancement.,Ideal candidates demonstrate excellence in social_sciences and commitment to community service.,True,True,True,False,1838.22,True,3
SCH_000018,Usa Law Scholarship,"[""sweden"", ""netherlands"", ""usa"", ""switzerland"", ""malaysia"", ""japan"", ""south_korea""]",17,22,"[""high_school"", ""bachelors""]","[""religion"", ""languages""]","[""law""]",public_a,60.3,51.8,"[{""test_type"": ""toefl"", ""min_score"": 81.6, ""is_mandatory"": false}]",False,very_low,usa,north_america,"{""academic"": 0.3762, ""leadership"": 0.1386, ""olympiad"": 0.1584, ""extracurricular"": 0.1386, ""essay"": 0.1881}",academic,False,This scholarship aims to nurture future leaders in law with a passion for education reform.,We are looking for candidates with strong academic records and proven research experience.,True,False,True,False,1397.64,False,2
SCH_000019,Egypt Agriculture Scholarship,"[""indonesia"", ""philippines"", ""netherlands"", ""singapore"", ""south_korea"", ""argentina""]",15,19,"[""high_school"", ""bachelors""]","[""religion"", ""languages""]","[""agriculture"", ""physics"", ""law"", ""arts_humanities""]",accredited_b,68.8,73.4,"[{""test_type"": ""hsk"", ""min_score"": 60, ""is_mandatory"": false}]",False,middle,egypt,africa,"{""academic"": 0.1802, ""leadership"": 0.2252, ""olympiad"": 0.2162, ""extracurricular"": 0.2523, ""essay"": 0.1261}",,False,Our mission is to empower talented individuals from Africa pursuing excellence in agriculture.,We value students who show leadership potential and dedication to education reform.,False,True,True,False,1442.92,False,2
SCH_000020,France Engineering Scholarship,"[""new_zealand"", ""philippines""]",15,18,"[""high_school"", ""bachelors""]","[""vocational""]","[""engineering"", ""economics"", ""education""]",excellence,58.2,78.9,"[{""test_type"": ""toefl"", ""min_score"": 99.8, ""is_mandatory"": true}]",False,middle,france,europe,"{""academic"": 0.3485, ""leadership"": 0.1288, ""olympiad"": 0.1667, ""extracurricular"": 0.1667, ""essay"": 0.1894}",,False,This scholarship aims to nurture future leaders in engineering with a passion for human-computer interaction.,We are looking for candidates with strong academic records and proven leadership experience.,True,True,False,False,881.15,True,2
SCH_000021,Usa Engineering Scholarship,"[""germany"", ""thailand"", ""usa"", ""philippines""]",17,20,"[""high_school"", ""bachelors""]","[""languages""]","[""engineering"", ""chemistry"", ""arts_humanities""]",private_a,81.5,55.0,[],False,low,usa,north_america,"{""academic"": 0.368, ""leadership"": 0.08, ""olympiad"": 0.264, ""extracurricular"": 0.128, ""essay"": 0.16}",,False,We seek to support outstanding students in engineering who demonstrate commitment to knowledge advancement.,Ideal candidates demonstrate excellence in engineering and commitment to technological advancement.,False,True,False,False,1239.66,False,1
SCH_000022,Switzerland Chemistry Scholarship,"[""malaysia"", ""switzerland"", ""usa"", ""chile"", ""japan"", ""south_korea""]",16,21,"[""high_school"", ""bachelors""]","[""science"", ""languages""]","[""chemistry"", ""engineering"", ""medicine""]",accredited_b,71.9,50.9,"[{""test_type"": ""toefl"", ""min_score"": 100.5, ""is_mandatory"": true}]",False,upper_middle,switzerland,europe,"{""academic"": 0.2353, ""leadership"": 0.2101, ""olympiad"": 0.2857, ""extracurricular"": 0.1597, ""essay"": 0.1092}",entrepreneurship,False,We seek to support outstanding students in chemistry who demonstrate commitment to societal impact.,Ideal candidates demonstrate excellence in chemistry and commitment to technological advancement.,True,True,False,False,1874.22,True,2
SCH_000023,New Zealand Economics Scholarship,"[""philippines"", ""japan"", ""nigeria"", ""morocco""]",17,22,"[""high_school"", ""bachelors""]","[""vocational""]","[""economics""]",accredited_b,77.3,69.5,"[{""test_type"": ""topik"", ""min_score"": 200, ""is_mandatory"": true}]",False,low,new_zealand,oceania,"{""academic"": 0.3768, ""leadership"": 0.1159, ""olympiad"": 0.2029, ""extracurricular"": 0.1449, ""essay"": 0.1594}",government,False,We seek to support outstanding students in economics who demonstrate commitment to knowledge advancement.,We are looking for candidates with strong academic records and proven research experience.,True,True,True,True,1058.58,True,4
SCH_000024,Usa Medicine Scholarship,"[""thailand"", ""uk"", ""japan"", ""south_korea"", ""sweden"", ""malaysia""]",16,21,"[""high_school""]","[""vocational""]","[""medicine"", ""law"", ""engineering"", ""social_sciences""]",public_a,55.8,62.2,"[{""test_type"": ""ielts"", ""min_score"": 6.3, ""is_mandatory"": true}]",True,middle,usa,north_america,"{""academic"": 0.3108, ""leadership"": 0.1014, ""olympiad"": 0.2162, ""extracurricular"": 0.1689, ""essay"": 0.2027}",,True,This scholarship aims to nurture future leaders in medicine with a passion for artificial intelligence.,Ideal candidates demonstrate excellence in medicine and commitment to community service.,True,True,False,False,1053.15,True,2
SCH_000025,China Engineering Scholarship,"[""indonesia"", ""brazil"", ""egypt"", ""south_korea"", ""australia""]",16,20,"[""high_school""]","[""religion"", ""science""]","[""engineering"", ""arts_humanities"", ""agriculture"", ""social_sciences""]",private_a,55.9,77.6,"[{""test_type"": ""toefl"", ""min_score"": 104.2, ""is_mandatory"": true}]",False,low,china,asia,"{""academic"": 0.3421, ""leadership"": 0.1667, ""olympiad"": 0.1491, ""extracurricular"": 0.2456, ""essay"": 0.0965}",entrepreneurship,False,This scholarship aims to nurture future leaders in engineering with a passion for public health policy.,Ideal candidates demonstrate excellence in engineering and commitment to technological advancement.,True,False,False,False,520.45,False,1
SCH_000026,Chile Law Scholarship,"[""australia"", ""morocco"", ""indonesia"", ""china"", ""chile""]",15,20,"[""high_school""]","[""languages"", ""religion""]","[""law"", ""medicine"", ""education"", ""social_sciences""]",private_a,59.8,71.5,"[{""test_type"": ""toefl"", ""min_score"": 94.2, ""is_mandatory"": false}]",False,low,chile,south_america,"{""academic"": 0.24, ""leadership"": 0.28, ""olympiad"": 0.2, ""extracurricular"": 0.13, ""essay"": 0.15}",ngo_npo,True,We seek to support outstanding students in law who demonstrate commitment to knowledge advancement.,We value students who show leadership potential and dedication to financial technology.,True,True,False,True,1165.81,True,3
SCH_000027,Canada Economics Scholarship,"[""sweden"", ""australia""]",16,19,"[""high_school""]","[""languages"", ""religion""]","[""economics"", ""education"", ""biology""]",private_a,80.1,79.2,"[{""test_type"": ""ielts"", ""min_score"": 6.8, ""is_mandatory"": true}]",False,middle,canada,north_america,"{""academic"": 0.4, ""leadership"": 0.1789, ""olympiad"": 0.1789, ""extracurricular"": 0.1579, ""essay"": 0.0842}",,False,This scholarship aims to nurture future leaders in economics with a passion for genomic research.,We value students who show leadership potential and dedication to genomic research.,True,True,False,False,1608.53,True,2
SCH_000028,Brazil Business Scholarship,"[""indonesia"", ""sweden"", ""argentina"", ""india"", ""south_korea"", ""thailand""]",17,20,"[""high_school"", ""bachelors""]","[""science"", ""vocational""]","[""business"", ""medicine"", ""agriculture"", ""arts_humanities""]",private_a,61.5,62.6,"[{""test_type"": ""ielts"", ""min_score"": 6.9, ""is_mandatory"": true}]",True,middle,brazil,south_america,"{""academic"": 0.2544, ""leadership"": 0.1316, ""olympiad"": 0.3333, ""extracurricular"": 0.2018, ""essay"": 0.0789}",industry,False,Our mission is to empower talented individuals from South_america pursuing excellence in business.,We are looking for candidates with strong academic records and proven research experience.,False,True,False,False,1030.07,False,1
SCH_000029,South Africa Education Scholarship,"[""indonesia"", ""kenya"", ""morocco"", ""germany"", ""brazil"", ""malaysia"", ""canada""]",17,22,"[""high_school""]","[""religion"", ""social_studies""]","[""education"", ""economics""]",public_a,71.3,50.8,"[{""test_type"": ""toefl"", ""min_score"": 100.2, ""is_mandatory"": false}]",False,very_low,south_africa,africa,"{""academic"": 0.2128, ""leadership"": 0.156, ""olympiad"": 0.2695, ""extracurricular"": 0.1702, ""essay"": 0.1915}",,False,This scholarship aims to nurture future leaders in education with a passion for public health policy.,Ideal candidates demonstrate excellence in education and commitment to community service.,True,True,False,False,1658.64,True,2
SCH_000030,Canada Medicine Scholarship,"[""south_africa"", ""chile"", ""argentina"", ""thailand"", ""nigeria"", ""morocco""]",16,19,"[""high_school""]","[""social_studies"", ""religion""]","[""medicine""]",public_a,84.3,63.7,"[{""test_type"": ""ielts"", ""min_score"": 7.5, ""is_mandatory"": true}]",False,low,canada,north_america,"{""academic"": 0.1756, ""leadership"": 0.2061, ""olympiad"": 0.2137, ""extracurricular"": 0.2137, ""essay"": 0.1908}",government,True,We seek to support outstanding students in medicine who demonstrate commitment to societal impact.,Ideal candidates demonstrate excellence in medicine and commitment to technological advancement.,True,True,True,True,216.35,True,4
SCH_000031,Argentina Law Scholarship,"[""nigeria"", ""south_korea""]",16,21,"[""high_school"", ""bachelors""]","[""social_studies"", ""languages""]","[""law"", ""mathematics""]",excellence,76.7,69.2,"[{""test_type"": ""ielts"", ""min_score"": 6.5, ""is_mandatory"": false}]",True,upper_middle,argentina,south_america,"{""academic"": 0.3305, ""leadership"": 0.0847, ""olympiad"": 0.2203, ""extracurricular"": 0.178, ""essay"": 0.1864}",,True,We seek to support outstanding students in law who demonstrate commitment to societal impact.,We value students who show leadership potential and dedication to artificial intelligence.,True,True,True,False,1543.5,True,3
SCH_000032,Usa Biology Scholarship,"[""argentina"", ""japan"", ""singapore"", ""thailand"", ""south_africa"", ""brazil"", ""egypt""]",16,20,"[""high_school"", ""bachelors""]","[""science"", ""vocational""]","[""biology"", ""social_sciences"", ""business""]",excellence,77.2,64.5,"[{""test_type"": ""jlpt"", ""min_score"": 40, ""is_mandatory"": true}]",True,low,usa,north_america,"{""academic"": 0.3084, ""leadership"": 0.1869, ""olympiad"": 0.1121, ""extracurricular"": 0.271, ""essay"": 0.1215}",academic,True,We seek to support outstanding students in biology who demonstrate commitment to innovation.,We are looking for candidates with strong academic records and proven leadership experience.,True,True,False,False,975.33,True,2
SCH_000033,Egypt Education Scholarship,"[""south_korea"", ""egypt"", ""chile"", ""netherlands"", ""germany"", ""argentina"", ""nigeria""]",15,19,"[""high_school"", ""bachelors""]","[""vocational"", ""science""]","[""education"", ""medicine""]",public_a,55.0,72.8,[],False,very_low,egypt,africa,"{""academic"": 0.3577, ""leadership"": 0.2195, ""olympiad"": 0.2439, ""extracurricular"": 0.1301, ""essay"": 0.0488}",,False,Our mission is to empower talented individuals from Africa pursuing excellence in education.,We value students who show leadership potential and dedication to climate change mitigation.,True,False,False,False,1047.61,False,1
SCH_000034,Usa Chemistry Scholarship,"[""usa"", ""sweden"", ""canada""]",16,19,"[""high_school"", ""bachelors""]","[""languages""]","[""chemistry"", ""biology""]",private_a,75.3,72.9,"[{""test_type"": ""ielts"", ""min_score"": 6.1, ""is_mandatory"": true}]",False,low,usa,north_america,"{""academic"": 0.3444, ""leadership"": 0.2, ""olympiad"": 0.2222, ""extracurricular"": 0.1111, ""essay"": 0.1222}",,True,This scholarship aims to nurture future leaders in chemistry with a passion for artificial intelligence.,We value students who show leadership potential and dedication to artificial intelligence.,True,False,False,False,1169.83,False,1
SCH_000035,Chile Mathematics Scholarship,"[""thailand"", ""singapore""]",17,22,"[""high_school""]","[""social_studies""]","[""mathematics"", ""agriculture"", ""economics"", ""education""]",private_a,80.7,64.9,"[{""test_type"": ""toefl"", ""min_score"": 81.0, ""is_mandatory"": false}]",False,very_low,chile,south_america,"{""academic"": 0.24, ""leadership"": 0.11, ""olympiad"": 0.27, ""extracurricular"": 0.3, ""essay"": 0.08}",ngo_npo,False,Our mission is to empower talented individuals from South_america pursuing excellence in mathematics.,We value students who show leadership potential and dedication to artificial intelligence.,False,True,False,False,527.87,False,1
SCH_000036,Netherlands Medicine Scholarship,"[""morocco"", ""switzerland"", ""usa"", ""chile""]",16,21,"[""high_school""]","[""religion"", ""vocational""]","[""medicine"", ""arts_humanities"", ""economics""]",excellence,59.9,56.0,"[{""test_type"": ""topik"", ""min_score"": 200, ""is_mandatory"": true}]",False,very_low,netherlands,europe,"{""academic"": 0.3209, ""leadership"": 0.2164, ""olympiad"": 0.1642, ""extracurricular"": 0.1642, ""essay"": 0.1343}",,False,We seek to support outstanding students in medicine who demonstrate commitment to societal impact.,We value students who show leadership potential and dedication to human-computer interaction.,True,True,False,False,1343.99,True,2
SCH_000037,Nigeria Computer Science Scholarship,"[""thailand"", ""new_zealand"", ""usa"", ""switzerland"", ""indonesia"", ""south_africa"", ""sweden""]",15,20,"[""high_school"", ""bachelors""]","[""science""]","[""computer_science"", ""medicine""]",private_a,65.8,59.0,"[{""test_type"": ""hsk"", ""min_score"": 60, ""is_mandatory"": true}]",False,very_low,nigeria,africa,"{""academic"": 0.2914, ""leadership"": 0.1192, ""olympiad"": 0.2384, ""extracurricular"": 0.1656, ""essay"": 0.1854}",,False,We seek to support outstanding students in computer_science who demonstrate commitment to innovation.,We value students who show leadership potential and dedication to financial technology.,True,False,True,False,1872.2,False,2
SCH_000038,South Africa Social Sciences Scholarship,"[""germany"", ""argentina"", ""kenya"", ""thailand"", ""sweden"", ""vietnam""]",17,21,"[""high_school"", ""bachelors""]","[""religion""]","[""social_sciences"", ""physics""]",private_a,72.6,59.7,"[{""test_type"": ""ielts"", ""min_score"": 7.7, ""is_mandatory"": true}]",False,low,south_africa,africa,"{""academic"": 0.3196, ""leadership"": 0.1649, ""olympiad"": 0.2165, ""extracurricular"": 0.2165, ""essay"": 0.0825}",academic,False,Our mission is to empower talented individuals from Africa pursuing excellence in social_sciences.,We are looking for candidates with strong academic records and proven research experience.,False,True,True,False,399.23,False,2
SCH_000039,Australia Physics Scholarship,"[""usa"", ""morocco"", ""new_zealand"", ""indonesia"", ""argentina"", ""south_korea"", ""egypt""]",17,20,"[""high_school"", ""bachelors""]","[""languages""]","[""physics""]",excellence,55.8,73.3,"[{""test_type"": ""jlpt"", ""min_score"": 40, ""is_mandatory"": true}]",False,upper_middle,australia,oceania,"{""academic"": 0.3802, ""leadership"": 0.1653, ""olympiad"": 0.2231, ""extracurricular"": 0.0744, ""essay"": 0.157}",,False,We seek to support outstanding students in physics who demonstrate commitment to innovation.,Ideal candidates demonstrate excellence in physics and commitment to community service.,False,False,False,False,1262.32,False,0
SCH_000040,Australia Agriculture Scholarship,"[""canada"", ""indonesia"", ""india"", ""kenya""]",15,20,"[""high_school"", ""bachelors""]","[""science"", ""vocational""]","[""agriculture"", ""social_sciences"", ""computer_science"", ""chemistry""]",public_a,73.7,59.3,"[{""test_type"": ""ielts"", ""min_score"": 7.9, ""is_mandatory"": true}]",False,middle,australia,oceania,"{""academic"": 0.2258, ""leadership"": 0.2151, ""olympiad"": 0.1935, ""extracurricular"": 0.2151, ""essay"": 0.1505}",,False,We seek to support outstanding students in agriculture who demonstrate commitment to knowledge advancement.,Ideal candidates demonstrate excellence in agriculture and commitment to technological advancement.,True,False,True,True,1749.13,False,3
SCH_000041,Japan Agriculture Scholarship,"[""argentina"", ""south_korea"", ""south_africa""]",17,22,"[""high_school""]","[""vocational""]","[""agriculture"", ""biology""]",accredited_b,55.1,54.6,"[{""test_type"": ""toefl"", ""min_score"": 96.8, ""is_mandatory"": true}]",True,low,japan,asia,"{""academic"": 0.4234, ""leadership"": 0.0541, ""olympiad"": 0.1712, ""extracurricular"": 0.1261, ""essay"": 0.2252}",entrepreneurship,False,This scholarship aims to nurture future leaders in agriculture with a passion for financial technology.,Ideal candidates demonstrate excellence in agriculture and commitment to technological advancement.,True,False,False,False,1438.52,False,1
SCH_000042,Canada Biology Scholarship,"[""japan"", ""germany""]",17,20,"[""high_school""]","[""social_studies""]","[""biology"", ""engineering"", ""education"", ""business""]",public_a,79.8,76.1,"[{""test_type"": ""ielts"", ""min_score"": 7.9, ""is_mandatory"": true}]",False,upper_middle,canada,north_america,"{""academic"": 0.2316, ""leadership"": 0.0632, ""olympiad"": 0.3579, ""extracurricular"": 0.2421, ""essay"": 0.1053}",academic,True,This scholarship aims to nurture future leaders in biology with a passion for human-computer interaction.,We value students who show leadership potential and dedication to human-computer interaction.,True,True,True,False,473.58,True,3
SCH_000043,Brazil Computer Science Scholarship,"[""indonesia"", ""india"", ""argentina""]",16,20,"[""high_school""]","[""languages"", ""vocational""]","[""computer_science"", ""education"", ""engineering""]",accredited_b,60.2,77.2,"[{""test_type"": ""ielts"", ""min_score"": 6.0, ""is_mandatory"": true}]",False,very_low,brazil,south_america,"{""academic"": 0.3838, ""leadership"": 0.2222, ""olympiad"": 0.101, ""extracurricular"": 0.2424, ""essay"": 0.0505}",,False,We seek to support outstanding students in computer_science who demonstrate commitment to knowledge advancement.,Ideal candidates demonstrate excellence in computer_science and commitment to community service.,True,True,True,False,763.13,True,3
SCH_000044,Argentina Arts Humanities Scholarship,"[""sweden"", ""japan"", ""netherlands"", ""philippines"", ""china"", ""india"", ""australia""]",16,21,"[""high_school""]","[""social_studies""]","[""arts_humanities"", ""biology"", ""computer_science""]",public_a,56.7,61.8,[],False,middle,argentina,south_america,"{""academic"": 0.3107, ""leadership"": 0.0777, ""olympiad"": 0.3689, ""extracurricular"": 0.1456, ""essay"": 0.0971}",ngo_npo,True,This scholarship aims to nurture future leaders in arts_humanities with a passion for human-computer interaction.,Ideal candidates demonstrate excellence in arts_humanities and commitment to community service.,True,True,True,True,1087.19,True,4
SCH_000045,Brazil Agriculture Scholarship,"[""netherlands"", ""philippines""]",17,20,"[""high_school"", ""bachelors""]","[""vocational""]","[""agriculture""]",public_a,81.6,66.1,"[{""test_type"": ""ielts"", ""min_score"": 7.2, ""is_mandatory"": true}]",False,upper_middle,brazil,south_america,"{""academic"": 0.2222, ""leadership"": 0.2381, ""olympiad"": 0.127, ""extracurricular"": 0.2143, ""essay"": 0.1984}",,False,We seek to support outstanding students in agriculture who demonstrate commitment to societal impact.,We are looking for candidates with strong academic records and proven leadership experience.,True,True,False,False,1048.28,True,2
SCH_000046,New Zealand Computer Science Scholarship,"[""sweden"", ""south_korea"", ""chile"", ""new_zealand"", ""egypt""]",15,19,"[""high_school"", ""bachelors""]","[""science"", ""social_studies""]","[""computer_science""]",public_a,81.1,76.9,"[{""test_type"": ""ielts"", ""min_score"": 7.8, ""is_mandatory"": false}]",False,middle,new_zealand,oceania,"{""academic"": 0.303, ""leadership"": 0.1414, ""olympiad"": 0.3535, ""extracurricular"": 0.0707, ""essay"": 0.1313}",,False,This scholarship aims to nurture future leaders in computer_science with a passion for financial technology.,We value students who show leadership potential and dedication to financial technology.,True,False,True,True,252.6,False,3
SCH_000047,Switzerland Agriculture Scholarship,"[""canada"", ""new_zealand"", ""brazil""]",15,19,"[""high_school"", ""bachelors""]","[""science"", ""vocational""]","[""agriculture"", ""mathematics""]",public_a,55.5,65.9,[],False,middle,switzerland,europe,"{""academic"": 0.4019, ""leadership"": 0.1963, ""olympiad"": 0.1402, ""extracurricular"": 0.0748, ""essay"": 0.1869}",government,False,This scholarship aims to nurture future leaders in agriculture with a passion for machine learning.,We are looking for candidates with strong academic records and proven leadership experience.,True,True,False,True,1298.79,True,3
SCH_000048,Brazil Arts Humanities Scholarship,"[""indonesia"", ""sweden"", ""australia"", ""new_zealand""]",16,21,"[""high_school""]","[""science""]","[""arts_humanities"", ""mathematics"", ""computer_science"", ""business""]",public_a,80.4,56.6,"[{""test_type"": ""toefl"", ""min_score"": 107.2, ""is_mandatory"": true}]",True,low,brazil,south_america,"{""academic"": 0.287, ""leadership"": 0.2407, ""olympiad"": 0.287, ""extracurricular"": 0.0741, ""essay"": 0.1111}",public_service,False,Our mission is to empower talented individuals from South_america pursuing excellence in arts_humanities.,We value students who show leadership potential and dedication to human-computer interaction.,True,True,False,False,503.76,True,2
SCH_000049,Netherlands Economics Scholarship,"[""malaysia"", ""france"", ""kenya"", ""switzerland"", ""china""]",15,19,"[""high_school"", ""bachelors""]","[""vocational""]","[""economics""]",public_a,69.7,68.3,"[{""test_type"": ""ielts"", ""min_score"": 6.9, ""is_mandatory"": false}]",False,very_low,netherlands,europe,"{""academic"": 0.3731, ""leadership"": 0.2015, ""olympiad"": 0.2836, ""extracurricular"": 0.0821, ""essay"": 0.0597}",academic,True,This scholarship aims to nurture future leaders in economics with a passion for quantum computing.,We value students who show leadership potential and dedication to quantum computing.,False,True,False,False,688.72,False,1
SCH_000050,Vietnam Law Scholarship,"[""japan"", ""singapore"", ""brazil"", ""china"", ""egypt"", ""germany"", ""uk""]",15,19,"[""high_school""]","[""religion"", ""languages""]","[""law""]",accredited_b,84.4,68.9,[],True,upper_middle,vietnam,asia,"{""academic"": 0.4938, ""leadership"": 0.0617, ""olympiad"": 0.1975, ""extracurricular"": 0.0741, ""essay"": 0.1728}",public_service,False,This scholarship aims to nurture future leaders in law with a passion for public health policy.,We value students who show leadership potential and dedication to public health policy.,True,False,False,True,1979.67,False,2
SCH_000051,Egypt Chemistry Scholarship,"[""china"", ""vietnam"", ""chile"", ""sweden"", ""indonesia""]",16,21,"[""high_school""]","[""vocational""]","[""chemistry"", ""education"", ""medicine"", ""business""]",private_a,78.1,52.4,"[{""test_type"": ""toefl"", ""min_score"": 86.7, ""is_mandatory"": true}]",False,low,egypt,africa,"{""academic"": 0.3077, ""leadership"": 0.1958, ""olympiad"": 0.2168, ""extracurricular"": 0.0839, ""essay"": 0.1958}",,False,Our mission is to empower talented individuals from Africa pursuing excellence in chemistry.,We value students who show leadership potential and dedication to cybersecurity.,True,True,True,False,1282.88,True,3
SCH_000052,Brazil Medicine Scholarship,"[""thailand"", ""philippines"", ""sweden"", ""new_zealand"", ""morocco"", ""germany"", ""malaysia""]",16,20,"[""high_school"", ""bachelors""]","[""religion"", ""social_studies""]","[""medicine"", ""business"", ""mathematics"", ""biology""]",public_a,62.3,58.0,"[{""test_type"": ""hsk"", ""min_score"": 80, ""is_mandatory"": true}]",False,low,brazil,south_america,"{""academic"": 0.1832, ""leadership"": 0.1985, ""olympiad"": 0.2977, ""extracurricular"": 0.1985, ""essay"": 0.1221}",entrepreneurship,False,This scholarship aims to nurture future leaders in medicine with a passion for education reform.,Ideal candidates demonstrate excellence in medicine and commitment to community service.,True,False,True,False,67.3,False,2
SCH_000053,France Mathematics Scholarship,"[""netherlands"", ""nigeria"", ""australia"", ""new_zealand""]",16,20,"[""high_school""]","[""social_studies"", ""languages""]","[""mathematics""]",accredited_b,57.5,50.8,"[{""test_type"": ""toefl"", ""min_score"": 87.8, ""is_mandatory"": false}]",True,very_low,france,europe,"{""academic"": 0.3607, ""leadership"": 0.0492, ""olympiad"": 0.3197, ""extracurricular"": 0.1557, ""essay"": 0.1148}",,True,We seek to support outstanding students in mathematics who demonstrate commitment to innovation.,We value students who show leadership potential and dedication to sustainable agriculture.,True,False,True,False,1806.12,False,2
SCH_000054,South Africa Arts Humanities Scholarship,"[""brazil"", ""australia"", ""germany"", ""new_zealand"", ""philippines""]",17,22,"[""high_school""]","[""science"", ""vocational""]","[""arts_humanities""]",excellence,69.7,53.0,"[{""test_type"": ""ielts"", ""min_score"": 6.3, ""is_mandatory"": false}]",True,upper_middle,south_africa,africa,"{""academic"": 0.3443, ""leadership"": 0.1639, ""olympiad"": 0.1639, ""extracurricular"": 0.1639, ""essay"": 0.1639}",,False,We seek to support outstanding students in arts_humanities who demonstrate commitment to innovation.,We are looking for candidates with strong academic records and proven leadership experience.,False,True,False,False,562.67,False,1
SCH_000055,Switzerland Education Scholarship,"[""thailand"", ""sweden"", ""canada""]",17,20,"[""high_school"", ""bachelors""]","[""religion"", ""languages""]","[""education"", ""biology"", ""arts_humanities""]",accredited_b,68.0,57.7,[],False,low,switzerland,europe,"{""academic"": 0.3564, ""leadership"": 0.1089, ""olympiad"": 0.2475, ""extracurricular"": 0.1386, ""essay"": 0.1485}",,False,Our mission is to empower talented individuals from Europe pursuing excellence in education.,We are looking for candidates with strong academic records and proven leadership experience.,True,False,True,True,1226.28,False,3
SCH_000056,New Zealand Social Sciences Scholarship,"[""usa"", ""japan"", ""germany""]",16,19,"[""high_school""]","[""social_studies""]","[""social_sciences""]",private_a,79.9,78.3,"[{""test_type"": ""ielts"", ""min_score"": 7.8, ""is_mandatory"": true}]",False,low,new_zealand,oceania,"{""academic"": 0.3274, ""leadership"": 0.1681, ""olympiad"": 0.3097, ""extracurricular"": 0.0619, ""essay"": 0.1327}",government,True,Our mission is to empower talented individuals from Oceania pursuing excellence in social_sciences.,We value students who show leadership potential and dedication to sustainable agriculture.,True,False,True,True,286.97,False,3
SCH_000057,Canada Law Scholarship,"[""new_zealand"", ""malaysia"", ""brazil"", ""australia"", ""indonesia"", ""india"", ""germany""]",15,20,"[""high_school""]","[""social_studies"", ""religion""]","[""law"", ""social_sciences"", ""economics""]",private_a,80.5,75.1,"[{""test_type"": ""delf"", ""min_score"": 60, ""is_mandatory"": true}]",False,middle,canada,north_america,"{""academic"": 0.246, ""leadership"": 0.0397, ""olympiad"": 0.3016, ""extracurricular"": 0.2143, ""essay"": 0.1984}",entrepreneurship,False,This scholarship aims to nurture future leaders in law with a passion for artificial intelligence.,We are looking for candidates with strong academic records and proven leadership experience.,True,True,True,True,1831.69,True,4
SCH_000058,Chile Chemistry Scholarship,"[""south_africa"", ""brazil"", ""kenya"", ""china"", ""uk"", ""thailand"", ""vietnam""]",17,21,"[""high_school""]","[""science""]","[""chemistry""]",excellence,84.3,54.6,"[{""test_type"": ""toefl"", ""min_score"": 108.3, ""is_mandatory"": true}]",True,very_low,chile,south_america,"{""academic"": 0.5, ""leadership"": 0.1778, ""olympiad"": 0.1556, ""extracurricular"": 0.1, ""essay"": 0.0667}",,False,We seek to support outstanding students in chemistry who demonstrate commitment to innovation.,We value students who show leadership potential and dedication to cybersecurity.,True,True,True,False,195.29,True,3
SCH_000059,India Business Scholarship,"[""germany"", ""sweden"", ""australia""]",15,19,"[""high_school"", ""bachelors""]","[""vocational"", ""science""]","[""business"", ""agriculture"", ""engineering""]",accredited_b,80.8,57.0,[],False,middle,india,asia,"{""academic"": 0.2574, ""leadership"": 0.2673, ""olympiad"": 0.3366, ""extracurricular"": 0.0495, ""essay"": 0.0891}",academic,False,This scholarship aims to nurture future leaders in business with a passion for machine learning.,We value students who show leadership potential and dedication to machine learning.,True,True,True,False,827.52,True,3
SCH_000060,Canada Engineering Scholarship,"[""egypt"", ""morocco"", ""vietnam"", ""new_zealand""]",15,19,"[""high_school""]","[""social_studies""]","[""engineering"", ""biology"", ""business"", ""chemistry""]",excellence,68.8,66.3,"[{""test_type"": ""topik"", ""min_score"": 150, ""is_mandatory"": false}]",False,upper_middle,canada,north_america,"{""academic"": 0.2481, ""leadership"": 0.1654, ""olympiad"": 0.1955, ""extracurricular"": 0.218, ""essay"": 0.1729}",,False,Our mission is to empower talented individuals from North_america pursuing excellence in engineering.,We value students who show leadership potential and dedication to education reform.,True,True,False,True,932.9,True,3
SCH_000061,Germany Business Scholarship,"[""nigeria"", ""malaysia"", ""new_zealand"", ""south_korea"", ""usa"", ""canada"", ""indonesia""]",17,20,"[""high_school""]","[""vocational"", ""languages""]","[""business""]",private_a,64.4,67.8,"[{""test_type"": ""ielts"", ""min_score"": 7.9, ""is_mandatory"": false}]",True,middle,germany,europe,"{""academic"": 0.3525, ""leadership"": 0.1475, ""olympiad"": 0.3279, ""extracurricular"": 0.0492, ""essay"": 0.123}",government,False,This scholarship aims to nurture future leaders in business with a passion for financial technology.,We are looking for candidates with strong academic records and proven research experience.,True,True,False,False,1987.32,True,2
SCH_000062,Brazil Mathematics Scholarship,"[""sweden"", ""canada"", ""china"", ""argentina"", ""malaysia""]",15,20,"[""high_school""]","[""social_studies""]","[""mathematics"", ""computer_science"", ""law"", ""engineering""]",accredited_b,62.1,79.6,"[{""test_type"": ""toefl"", ""min_score"": 105.5, ""is_mandatory"": true}]",False,middle,brazil,south_america,"{""academic"": 0.3798, ""leadership"": 0.2248, ""olympiad"": 0.0853, ""extracurricular"": 0.186, ""essay"": 0.124}",industry,False,This scholarship aims to nurture future leaders in mathematics with a passion for genomic research.,We are looking for candidates with strong academic records and proven leadership experience.,True,True,True,False,820.26,True,3
SCH_000063,France Business Scholarship,"[""south_korea"", ""australia"", ""germany""]",17,20,"[""high_school""]","[""vocational"", ""social_studies""]","[""business""]",private_a,71.1,63.6,[],True,middle,france,europe,"{""academic"": 0.3095, ""leadership"": 0.1071, ""olympiad"": 0.2381, ""extracurricular"": 0.25, ""essay"": 0.0952}",ngo_npo,True,We seek to support outstanding students in business who demonstrate commitment to innovation.,Ideal candidates demonstrate excellence in business and commitment to community service.,True,True,False,True,429.8,True,3
SCH_000064,Argentina Agriculture Scholarship,"[""morocco"", ""philippines"", ""south_korea"", ""nigeria""]",16,21,"[""high_school"", ""bachelors""]","[""science""]","[""agriculture"", ""biology""]",accredited_b,64.0,64.7,"[{""test_type"": ""ielts"", ""min_score"": 6.8, ""is_mandatory"": false}]",True,low,argentina,south_america,"{""academic"": 0.3409, ""leadership"": 0.1136, ""olympiad"": 0.125, ""extracurricular"": 0.3068, ""essay"": 0.1136}",entrepreneurship,False,We seek to support outstanding students in agriculture who demonstrate commitment to knowledge advancement.,Ideal candidates demonstrate excellence in agriculture and commitment to technological advancement.,True,True,False,True,1049.83,True,3
SCH_000065,Brazil Biology Scholarship,"[""netherlands"", ""malaysia"", ""switzerland"", ""indonesia"", ""china"", ""morocco""]",15,20,"[""high_school"", ""bachelors""]","[""religion""]","[""biology"", ""business"", ""agriculture"", ""mathematics""]",excellence,83.5,79.6,"[{""test_type"": ""ielts"", ""min_score"": 7.9, ""is_mandatory"": false}]",False,middle,brazil,south_america,"{""academic"": 0.4037, ""leadership"": 0.1101, ""olympiad"": 0.1284, ""extracurricular"": 0.1835, ""essay"": 0.1743}",,False,This scholarship aims to nurture future leaders in biology with a passion for financial technology.,Ideal candidates demonstrate excellence in biology and commitment to technological advancement.,True,True,False,False,698.73,True,2
SCH_000066,Malaysia Business Scholarship,"[""malaysia"", ""canada"", ""switzerland""]",17,22,"[""high_school"", ""bachelors""]","[""religion""]","[""business"", ""law"", ""engineering""]",excellence,79.0,79.7,[],False,low,malaysia,asia,"{""academic"": 0.3968, ""leadership"": 0.0873, ""olympiad"": 0.2698, ""extracurricular"": 0.1508, ""essay"": 0.0952}",,False,Our mission is to empower talented individuals from Asia pursuing excellence in business.,We are looking for candidates with strong academic records and proven leadership experience.,True,False,False,False,1799.68,False,1
SCH_000067,Usa Computer Science Scholarship,"[""china"", ""canada"", ""egypt"", ""germany""]",16,19,"[""high_school""]","[""languages""]","[""computer_science""]",private_a,64.5,68.6,"[{""test_type"": ""toefl"", ""min_score"": 107.3, ""is_mandatory"": true}]",False,very_low,usa,north_america,"{""academic"": 0.2571, ""leadership"": 0.1643, ""olympiad"": 0.2786, ""extracurricular"": 0.1857, ""essay"": 0.1143}",industry,False,Our mission is to empower talented individuals from North_america pursuing excellence in computer_science.,We are looking for candidates with strong academic records and proven leadership experience.,True,False,False,False,1190.93,False,1
SCH_000068,Canada Physics Scholarship,"[""egypt"", ""usa""]",17,22,"[""high_school""]","[""languages"", ""social_studies""]","[""physics"", ""law"", ""arts_humanities""]",excellence,69.0,63.0,"[{""test_type"": ""toefl"", ""min_score"": 82.9, ""is_mandatory"": true}]",False,very_low,canada,north_america,"{""academic"": 0.3111, ""leadership"": 0.2074, ""olympiad"": 0.2667, ""extracurricular"": 0.037, ""essay"": 0.1778}",,False,This scholarship aims to nurture future leaders in physics with a passion for quantum computing.,We value students who show leadership potential and dedication to quantum computing.,True,True,True,True,877.26,True,4
SCH_000069,Indonesia Social Sciences Scholarship,"[""singapore"", ""germany"", ""france"", ""new_zealand"", ""thailand""]",17,20,"[""high_school""]","[""social_studies""]","[""social_sciences""]",public_a,77.6,71.2,"[{""test_type"": ""ielts"", ""min_score"": 6.6, ""is_mandatory"": true}]",False,very_low,indonesia,asia,"{""academic"": 0.189, ""leadership"": 0.2126, ""olympiad"": 0.2598, ""extracurricular"": 0.1811, ""essay"": 0.1575}",academic,False,Our mission is to empower talented individuals from Asia pursuing excellence in social_sciences.,We are looking for candidates with strong academic records and proven leadership experience.,True,False,False,False,1893.63,False,1
SCH_000070,Australia Education Scholarship,"[""germany"", ""malaysia"", ""morocco"", ""sweden"", ""switzerland""]",15,20,"[""high_school""]","[""vocational"", ""science""]","[""education"", ""agriculture"", ""social_sciences"", ""mathematics""]",private_a,65.3,73.8,"[{""test_type"": ""toefl"", ""min_score"": 85.5, ""is_mandatory"": true}]",True,very_low,australia,oceania,"{""academic"": 0.3417, ""leadership"": 0.125, ""olympiad"": 0.2417, ""extracurricular"": 0.2333, ""essay"": 0.0583}",public_service,False,Our mission is to empower talented individuals from Oceania pursuing excellence in education.,Ideal candidates demonstrate excellence in education and commitment to community service.,True,True,True,False,1125.9,True,3
SCH_000071,Argentina Education Scholarship,"[""nigeria"", ""sweden"", ""uk"", ""canada""]",17,21,"[""high_school"", ""bachelors""]","[""social_studies""]","[""education"", ""engineering"", ""social_sciences"", ""arts_humanities""]",accredited_b,59.8,75.3,"[{""test_type"": ""toefl"", ""min_score"": 103.7, ""is_mandatory"": true}]",True,middle,argentina,south_america,"{""academic"": 0.2418, ""leadership"": 0.2198, ""olympiad"": 0.2418, ""extracurricular"": 0.1648, ""essay"": 0.1319}",ngo_npo,True,We seek to support outstanding students in education who demonstrate commitment to knowledge advancement.,We value students who show leadership potential and dedication to cybersecurity.,True,True,False,True,1499.79,True,3
SCH_000072,New Zealand Mathematics Scholarship,"[""china"", ""netherlands"", ""switzerland""]",15,20,"[""high_school""]","[""social_studies""]","[""mathematics"", ""business"", ""medicine"", ""biology""]",public_a,60.5,51.0,"[{""test_type"": ""ielts"", ""min_score"": 7.4, ""is_mandatory"": true}]",False,upper_middle,new_zealand,oceania,"{""academic"": 0.3717, ""leadership"": 0.1327, ""olympiad"": 0.2035, ""extracurricular"": 0.0885, ""essay"": 0.2035}",,False,Our mission is to empower talented individuals from Oceania pursuing excellence in mathematics.,We are looking for candidates with strong academic records and proven leadership experience.,True,True,True,False,1468.26,True,3
SCH_000073,Netherlands Education Scholarship,"[""new_zealand"", ""switzerland""]",17,22,"[""high_school""]","[""languages"", ""vocational""]","[""education""]",private_a,67.0,52.3,"[{""test_type"": ""ielts"", ""min_score"": 6.5, ""is_mandatory"": true}]",False,upper_middle,netherlands,europe,"{""academic"": 0.3738, ""leadership"": 0.1963, ""olympiad"": 0.1495, ""extracurricular"": 0.0654, ""essay"": 0.215}",ngo_npo,True,This scholarship aims to nurture future leaders in education with a passion for climate change mitigation.,Ideal candidates demonstrate excellence in education and commitment to community service.,True,True,True,True,1273.7,True,4
SCH_000074,Nigeria Computer Science Scholarship,"[""egypt"", ""singapore"", ""brazil"", ""thailand"", ""argentina"", ""netherlands"", ""nigeria""]",15,18,"[""high_school""]","[""science"", ""social_studies""]","[""computer_science"", ""arts_humanities"", ""law""]",private_a,59.7,76.4,[],True,middle,nigeria,africa,"{""academic"": 0.3282, ""leadership"": 0.1527, ""olympiad"": 0.2061, ""extracurricular"": 0.1145, ""essay"": 0.1985}",industry,False,Our mission is to empower talented individuals from Africa pursuing excellence in computer_science.,Ideal candidates demonstrate excellence in computer_science and commitment to technological advancement.,False,False,False,False,1310.06,False,0
SCH_000075,Australia Business Scholarship,"[""nigeria"", ""singapore"", ""malaysia""]",16,19,"[""high_school""]","[""vocational"", ""religion""]","[""business"", ""economics""]",public_a,73.1,55.0,"[{""test_type"": ""toefl"", ""min_score"": 101.6, ""is_mandatory"": true}]",False,middle,australia,oceania,"{""academic"": 0.3643, ""leadership"": 0.0465, ""olympiad"": 0.1628, ""extracurricular"": 0.2171, ""essay"": 0.2093}",,False,We seek to support outstanding students in business who demonstrate commitment to innovation.,We value students who show leadership potential and dedication to machine learning.,True,False,False,True,1836.46,False,2
SCH_000076,Australia Engineering Scholarship,"[""canada"", ""egypt"", ""india"", ""singapore""]",17,22,"[""high_school"", ""bachelors""]","[""religion""]","[""engineering"", ""physics"", ""law""]",public_a,57.5,72.1,"[{""test_type"": ""toefl"", ""min_score"": 91.4, ""is_mandatory"": false}]",False,middle,australia,oceania,"{""academic"": 0.2308, ""leadership"": 0.0549, ""olympiad"": 0.1978, ""extracurricular"": 0.1868, ""essay"": 0.3297}",industry,True,This scholarship aims to nurture future leaders in engineering with a passion for quantum computing.,We value students who show leadership potential and dedication to quantum computing.,False,False,True,True,322.33,False,2
SCH_000077,New Zealand Arts Humanities Scholarship,"[""morocco"", ""brazil"", ""japan"", ""australia""]",17,20,"[""high_school""]","[""religion""]","[""arts_humanities"", ""agriculture"", ""engineering"", ""social_sciences""]",accredited_b,84.6,65.5,[],True,very_low,new_zealand,oceania,"{""academic"": 0.2301, ""leadership"": 0.1416, ""olympiad"": 0.2212, ""extracurricular"": 0.2566, ""essay"": 0.1504}",,True,This scholarship aims to nurture future leaders in arts_humanities with a passion for financial technology.,Ideal candidates demonstrate excellence in arts_humanities and commitment to community service.,False,False,True,False,1572.6,False,1
SCH_000078,Usa Medicine Scholarship,"[""philippines"", ""thailand"", ""uk"", ""france"", ""argentina"", ""sweden""]",15,20,"[""high_school"", ""bachelors""]","[""social_studies"", ""science""]","[""medicine"", ""biology"", ""law""]",excellence,67.3,53.9,"[{""test_type"": ""ielts"", ""min_score"": 6.9, ""is_mandatory"": false}]",False,low,usa,north_america,"{""academic"": 0.4516, ""leadership"": 0.1075, ""olympiad"": 0.1935, ""extracurricular"": 0.172, ""essay"": 0.0753}",entrepreneurship,False,We seek to support outstanding students in medicine who demonstrate commitment to knowledge advancement.,Ideal candidates demonstrate excellence in medicine and commitment to technological advancement.,True,True,False,False,1591.43,True,2
SCH_000079,Japan Mathematics Scholarship,"[""switzerland"", ""philippines"", ""new_zealand""]",17,20,"[""high_school"", ""bachelors""]","[""science"", ""social_studies""]","[""mathematics"", ""engineering""]",excellence,74.8,74.8,"[{""test_type"": ""ielts"", ""min_score"": 7.6, ""is_mandatory"": true}]",True,upper_middle,japan,asia,"{""academic"": 0.1709, ""leadership"": 0.2308, ""olympiad"": 0.265, ""extracurricular"": 0.2564, ""essay"": 0.0769}",academic,False,Our mission is to empower talented individuals from Asia pursuing excellence in mathematics.,We are looking for candidates with strong academic records and proven research experience.,True,True,True,True,524.29,True,4
SCH_000080,Argentina Engineering Scholarship,"[""nigeria"", ""australia"", ""switzerland""]",15,19,"[""high_school"", ""bachelors""]","[""religion""]","[""engineering"", ""physics""]",private_a,77.1,77.3,"[{""test_type"": ""ielts"", ""min_score"": 7.2, ""is_mandatory"": true}]",False,upper_middle,argentina,south_america,"{""academic"": 0.2448, ""leadership"": 0.1608, ""olympiad"": 0.2028, ""extracurricular"": 0.1888, ""essay"": 0.2028}",public_service,True,We seek to support outstanding students in engineering who demonstrate commitment to innovation.,We are looking for candidates with strong academic records and proven research experience.,True,False,False,False,966.45,False,1
SCH_000081,Chile Medicine Scholarship,"[""netherlands"", ""germany""]",17,22,"[""high_school""]","[""languages"", ""religion""]","[""medicine"", ""business"", ""law"", ""mathematics""]",public_a,65.2,60.0,"[{""test_type"": ""toefl"", ""min_score"": 83.5, ""is_mandatory"": true}]",False,low,chile,south_america,"{""academic"": 0.217, ""leadership"": 0.1792, ""olympiad"": 0.3302, ""extracurricular"": 0.0849, ""essay"": 0.1887}",,False,Our mission is to empower talented individuals from South_america pursuing excellence in medicine.,We value students who show leadership potential and dedication to cybersecurity.,True,False,False,False,1938.77,False,1
SCH_000082,Usa Arts Humanities Scholarship,"[""vietnam"", ""south_korea"", ""usa"", ""netherlands"", ""south_africa"", ""indonesia"", ""egypt""]",17,21,"[""high_school"", ""bachelors""]","[""science"", ""social_studies""]","[""arts_humanities"", ""business"", ""economics""]",public_a,62.5,59.8,[],False,middle,usa,north_america,"{""academic"": 0.2656, ""leadership"": 0.2344, ""olympiad"": 0.2266, ""extracurricular"": 0.125, ""essay"": 0.1484}",,True,Our mission is to empower talented individuals from North_america pursuing excellence in arts_humanities.,Ideal candidates demonstrate excellence in arts_humanities and commitment to technological advancement.,False,True,False,False,747.44,False,1
SCH_000083,South Africa Economics Scholarship,"[""germany"", ""new_zealand"", ""usa"", ""kenya"", ""nigeria"", ""japan""]",17,22,"[""high_school""]","[""social_studies""]","[""economics"", ""engineering""]",excellence,83.2,69.1,"[{""test_type"": ""ielts"", ""min_score"": 7.0, ""is_mandatory"": true}]",True,low,south_africa,africa,"{""academic"": 0.2376, ""leadership"": 0.1188, ""olympiad"": 0.3168, ""extracurricular"": 0.1782, ""essay"": 0.1485}",,True,We seek to support outstanding students in economics who demonstrate commitment to innovation.,We value students who show leadership potential and dedication to machine learning.,True,True,True,True,825.06,True,4
SCH_000084,New Zealand Biology Scholarship,"[""argentina"", ""thailand"", ""egypt"", ""indonesia"", ""kenya"", ""usa"", ""morocco""]",17,22,"[""high_school""]","[""languages""]","[""biology"", ""law""]",excellence,72.0,74.1,"[{""test_type"": ""toefl"", ""min_score"": 85.9, ""is_mandatory"": true}]",False,upper_middle,new_zealand,oceania,"{""academic"": 0.2376, ""leadership"": 0.2079, ""olympiad"": 0.2079, ""extracurricular"": 0.2376, ""essay"": 0.1089}",,False,We seek to support outstanding students in biology who demonstrate commitment to societal impact.,Ideal candidates demonstrate excellence in biology and commitment to technological advancement.,True,True,False,False,124.52,True,2
SCH_000085,Australia Arts Humanities Scholarship,"[""morocco"", ""indonesia"", ""netherlands"", ""thailand"", ""singapore"", ""uk"", ""china""]",15,20,"[""high_school"", ""bachelors""]","[""science"", ""languages""]","[""arts_humanities""]",excellence,79.6,71.1,"[{""test_type"": ""toefl"", ""min_score"": 89.5, ""is_mandatory"": true}]",True,very_low,australia,oceania,"{""academic"": 0.26, ""leadership"": 0.12, ""olympiad"": 0.27, ""extracurricular"": 0.19, ""essay"": 0.16}",government,False,This scholarship aims to nurture future leaders in arts_humanities with a passion for cybersecurity.,Ideal candidates demonstrate excellence in arts_humanities and commitment to technological advancement.,False,False,False,False,1600.0,False,0
SCH_000086,Germany Chemistry Scholarship,"[""thailand"", ""south_africa"", ""switzerland"", ""canada""]",17,20,"[""high_school"", ""bachelors""]","[""languages"", ""religion""]","[""chemistry"", ""physics"", ""engineering"", ""law""]",public_a,56.5,76.4,"[{""test_type"": ""jlpt"", ""min_score"": 40, ""is_mandatory"": true}]",False,low,germany,europe,"{""academic"": 0.3506, ""leadership"": 0.1558, ""olympiad"": 0.3377, ""extracurricular"": 0.0909, ""essay"": 0.0649}",,True,We seek to support outstanding students in chemistry who demonstrate commitment to innovation.,Ideal candidates demonstrate excellence in chemistry and commitment to technological advancement.,True,True,False,False,592.84,True,2
SCH_000087,Usa Law Scholarship,"[""usa"", ""sweden"", ""philippines"", ""singapore""]",16,21,"[""high_school"", ""bachelors""]","[""social_studies"", ""languages""]","[""law"", ""arts_humanities"", ""medicine"", ""engineering""]",public_a,82.9,76.7,"[{""test_type"": ""ielts"", ""min_score"": 6.8, ""is_mandatory"": true}]",True,upper_middle,usa,north_america,"{""academic"": 0.3689, ""leadership"": 0.1475, ""olympiad"": 0.1393, ""extracurricular"": 0.2049, ""essay"": 0.1393}",government,False,This scholarship aims to nurture future leaders in law with a passion for quantum computing.,We are looking for candidates with strong academic records and proven research experience.,True,True,False,False,479.57,True,2
SCH_000088,Uk Arts Humanities Scholarship,"[""brazil"", ""china"", ""philippines"", ""morocco"", ""vietnam""]",16,20,"[""high_school"", ""bachelors""]","[""languages""]","[""arts_humanities"", ""computer_science"", ""biology""]",accredited_b,82.2,63.6,"[{""test_type"": ""ielts"", ""min_score"": 6.8, ""is_mandatory"": true}]",False,low,uk,europe,"{""academic"": 0.3889, ""leadership"": 0.1296, ""olympiad"": 0.1759, ""extracurricular"": 0.213, ""essay"": 0.0926}",,True,This scholarship aims to nurture future leaders in arts_humanities with a passion for cybersecurity.,We are looking for candidates with strong academic records and proven research experience.,True,True,False,True,539.22,True,3
SCH_000089,Australia Arts Humanities Scholarship,"[""australia"", ""new_zealand""]",16,21,"[""high_school"", ""bachelors""]","[""science""]","[""arts_humanities"", ""engineering"", ""law"", ""education""]",excellence,76.1,52.7,"[{""test_type"": ""ielts"", ""min_score"": 6.9, ""is_mandatory"": true}]",False,very_low,australia,oceania,"{""academic"": 0.2676, ""leadership"": 0.1127, ""olympiad"": 0.2606, ""extracurricular"": 0.1761, ""essay"": 0.1831}",,False,Our mission is to empower talented individuals from Oceania pursuing excellence in arts_humanities.,We value students who show leadership potential and dedication to machine learning.,True,True,False,True,960.65,True,3
SCH_000090,South Africa Chemistry Scholarship,"[""switzerland"", ""sweden""]",16,19,"[""high_school"", ""bachelors""]","[""religion"", ""social_studies""]","[""chemistry"", ""social_sciences"", ""medicine"", ""engineering""]",private_a,57.2,73.7,"[{""test_type"": ""hsk"", ""min_score"": 60, ""is_mandatory"": true}]",True,middle,south_africa,africa,"{""academic"": 0.3171, ""leadership"": 0.1626, ""olympiad"": 0.1301, ""extracurricular"": 0.2195, ""essay"": 0.1707}",public_service,False,Our mission is to empower talented individuals from Africa pursuing excellence in chemistry.,Ideal candidates demonstrate excellence in chemistry and commitment to technological advancement.,True,True,True,False,1558.99,True,3
SCH_000091,South Africa Chemistry Scholarship,"[""china"", ""thailand"", ""australia"", ""malaysia""]",16,20,"[""high_school""]","[""religion"", ""social_studies""]","[""chemistry""]",accredited_b,73.2,60.7,"[{""test_type"": ""topik"", ""min_score"": 200, ""is_mandatory"": true}]",False,very_low,south_africa,africa,"{""academic"": 0.3406, ""leadership"": 0.0507, ""olympiad"": 0.1884, ""extracurricular"": 0.2174, ""essay"": 0.2029}",academic,True,We seek to support outstanding students in chemistry who demonstrate commitment to knowledge advancement.,We are looking for candidates with strong academic records and proven leadership experience.,False,True,True,False,869.06,False,2
SCH_000092,Chile Education Scholarship,"[""kenya"", ""netherlands"", ""vietnam"", ""france""]",16,20,"[""high_school"", ""bachelors""]","[""social_studies""]","[""education"", ""chemistry"", ""agriculture"", ""computer_science""]",excellence,82.3,67.5,"[{""test_type"": ""topik"", ""min_score"": 150, ""is_mandatory"": true}]",False,middle,chile,south_america,"{""academic"": 0.3826, ""leadership"": 0.0957, ""olympiad"": 0.2696, ""extracurricular"": 0.1478, ""essay"": 0.1043}",ngo_npo,True,Our mission is to empower talented individuals from South_america pursuing excellence in education.,We value students who show leadership potential and dedication to education reform.,True,True,False,False,1213.54,True,2
SCH_000093,Egypt Social Sciences Scholarship,"[""new_zealand"", ""malaysia""]",16,21,"[""high_school"", ""bachelors""]","[""religion""]","[""social_sciences"", ""engineering""]",private_a,76.6,57.1,"[{""test_type"": ""topik"", ""min_score"": 150, ""is_mandatory"": true}]",False,upper_middle,egypt,africa,"{""academic"": 0.2393, ""leadership"": 0.2137, ""olympiad"": 0.3248, ""extracurricular"": 0.1197, ""essay"": 0.1026}",,False,This scholarship aims to nurture future leaders in social_sciences with a passion for machine learning.,Ideal candidates demonstrate excellence in social_sciences and commitment to technological advancement.,True,True,True,True,1163.28,True,4
SCH_000094,France Law Scholarship,"[""brazil"", ""japan"", ""kenya"", ""nigeria"", ""malaysia"", ""switzerland"", ""morocco""]",16,20,"[""high_school"", ""bachelors""]","[""science"", ""languages""]","[""law""]",private_a,64.8,61.7,"[{""test_type"": ""ielts"", ""min_score"": 7.7, ""is_mandatory"": false}]",True,low,france,europe,"{""academic"": 0.3427, ""leadership"": 0.0629, ""olympiad"": 0.2657, ""extracurricular"": 0.1329, ""essay"": 0.1958}",,False,This scholarship aims to nurture future leaders in law with a passion for education reform.,We are looking for candidates with strong academic records and proven leadership experience.,True,False,True,False,1490.6,False,2
SCH_000095,Argentina Chemistry Scholarship,"[""south_korea"", ""new_zealand"", ""vietnam""]",16,20,"[""high_school""]","[""vocational""]","[""chemistry"", ""agriculture"", ""computer_science"", ""law""]",accredited_b,63.6,64.5,"[{""test_type"": ""toefl"", ""min_score"": 106.6, ""is_mandatory"": true}]",True,middle,argentina,south_america,"{""academic"": 0.379, ""leadership"": 0.2097, ""olympiad"": 0.129, ""extracurricular"": 0.2258, ""essay"": 0.0565}",public_service,False,We seek to support outstanding students in chemistry who demonstrate commitment to innovation.,We are looking for candidates with strong academic records and proven leadership experience.,True,True,True,False,248.61,True,3
SCH_000096,Morocco Arts Humanities Scholarship,"[""south_africa"", ""uk"", ""netherlands"", ""brazil"", ""japan""]",17,21,"[""high_school"", ""bachelors""]","[""science""]","[""arts_humanities""]",public_a,67.1,55.4,"[{""test_type"": ""topik"", ""min_score"": 150, ""is_mandatory"": true}]",False,upper_middle,morocco,africa,"{""academic"": 0.3684, ""leadership"": 0.1667, ""olympiad"": 0.3421, ""extracurricular"": 0.0702, ""essay"": 0.0526}",entrepreneurship,True,Our mission is to empower talented individuals from Africa pursuing excellence in arts_humanities.,Ideal candidates demonstrate excellence in arts_humanities and commitment to technological advancement.,False,False,True,True,1467.66,False,2
SCH_000097,Indonesia Mathematics Scholarship,"[""brazil"", ""switzerland"", ""new_zealand"", ""germany""]",15,20,"[""high_school"", ""bachelors""]","[""languages"", ""social_studies""]","[""mathematics"", ""biology"", ""medicine"", ""physics""]",public_a,66.3,73.1,"[{""test_type"": ""delf"", ""min_score"": 60, ""is_mandatory"": true}]",False,upper_middle,indonesia,asia,"{""academic"": 0.3488, ""leadership"": 0.1008, ""olympiad"": 0.2558, ""extracurricular"": 0.186, ""essay"": 0.1085}",public_service,True,We seek to support outstanding students in mathematics who demonstrate commitment to knowledge advancement.,We are looking for candidates with strong academic records and proven research experience.,True,False,True,False,1832.1,False,2
SCH_000098,Indonesia Education Scholarship,"[""china"", ""singapore"", ""new_zealand"", ""chile"", ""germany"", ""brazil""]",16,21,"[""high_school""]","[""languages"", ""social_studies""]","[""education"", ""economics"", ""physics"", ""medicine""]",private_a,69.8,53.2,"[{""test_type"": ""toefl"", ""min_score"": 90.5, ""is_mandatory"": true}]",False,upper_middle,indonesia,asia,"{""academic"": 0.3554, ""leadership"": 0.0826, ""olympiad"": 0.2893, ""extracurricular"": 0.2066, ""essay"": 0.0661}",,False,Our mission is to empower talented individuals from Asia pursuing excellence in education.,We are looking for candidates with strong academic records and proven leadership experience.,True,True,True,True,1419.49,True,4
SCH_000099,South Korea Biology Scholarship,"[""indonesia"", ""philippines"", ""china"", ""morocco"", ""vietnam"", ""sweden""]",17,22,"[""high_school"", ""bachelors""]","[""languages""]","[""biology"", ""education"", ""agriculture""]",public_a,79.7,76.3,"[{""test_type"": ""toefl"", ""min_score"": 99.8, ""is_mandatory"": true}]",False,middle,south_korea,asia,"{""academic"": 0.3276, ""leadership"": 0.1207, ""olympiad"": 0.2155, ""extracurricular"": 0.1552, ""essay"": 0.181}",entrepreneurship,False,Our mission is to empower talented individuals from Asia pursuing excellence in biology.,We value students who show leadership potential and dedication to cybersecurity.,True,False,False,True,1556.22,False,2
SCH_000100,South Africa Engineering Scholarship,"[""uk"", ""egypt"", ""germany"", ""philippines""]",17,22,"[""high_school"", ""bachelors""]","[""science""]","[""engineering"", ""social_sciences""]",public_a,64.6,66.2,"[{""test_type"": ""delf"", ""min_score"": 60, ""is_mandatory"": true}]",False,middle,south_africa,africa,"{""academic"": 0.3125, ""leadership"": 0.0893, ""olympiad"": 0.2946, ""extracurricular"": 0.1696, ""essay"": 0.1339}",academic,True,Our mission is to empower talented individuals from Africa pursuing excellence in engineering.,We are looking for candidates with strong academic records and proven leadership experience.,False,True,False,True,474.34,False,2
SCH_000101,Philippines Physics Scholarship,"[""nigeria"", ""malaysia"", ""china""]",15,18,"[""high_school"", ""bachelors""]","[""science"", ""religion""]","[""physics"", ""arts_humanities"", ""computer_science"", ""education""]",public_a,57.9,67.1,"[{""test_type"": ""toefl"", ""min_score"": 81.7, ""is_mandatory"": false}]",False,upper_middle,philippines,asia,"{""academic"": 0.2615, ""leadership"": 0.1692, ""olympiad"": 0.2154, ""extracurricular"": 0.1692, ""essay"": 0.1846}",,False,Our mission is to empower talented individuals from Asia pursuing excellence in physics.,We value students who show leadership potential and dedication to cybersecurity.,True,True,False,False,547.48,True,2
SCH_000102,Egypt Mathematics Scholarship,"[""vietnam"", ""uk"", ""france""]",16,20,"[""high_school""]","[""religion""]","[""mathematics""]",excellence,83.7,68.3,"[{""test_type"": ""ielts"", ""min_score"": 7.7, ""is_mandatory"": true}]",False,middle,egypt,africa,"{""academic"": 0.4259, ""leadership"": 0.0463, ""olympiad"": 0.1759, ""extracurricular"": 0.1481, ""essay"": 0.2037}",public_service,False,Our mission is to empower talented individuals from Africa pursuing excellence in mathematics.,We are looking for candidates with strong academic records and proven leadership experience.,True,True,True,True,1279.06,True,4
SCH_000103,Usa Engineering Scholarship,"[""japan"", ""indonesia"", ""vietnam""]",15,20,"[""high_school"", ""bachelors""]","[""science""]","[""engineering""]",excellence,72.4,71.6,"[{""test_type"": ""ielts"", ""min_score"": 7.0, ""is_mandatory"": true}]",False,upper_middle,usa,north_america,"{""academic"": 0.2941, ""leadership"": 0.1429, ""olympiad"": 0.0924, ""extracurricular"": 0.2353, ""essay"": 0.2353}",government,False,Our mission is to empower talented individuals from North_america pursuing excellence in engineering.,We are looking for candidates with strong academic records and proven leadership experience.,True,True,False,True,1603.09,True,3
SCH_000104,New Zealand Agriculture Scholarship,"[""germany"", ""nigeria"", ""australia"", ""thailand""]",16,20,"[""high_school""]","[""social_studies""]","[""agriculture"", ""economics""]",public_a,59.6,67.2,"[{""test_type"": ""ielts"", ""min_score"": 7.9, ""is_mandatory"": true}]",False,very_low,new_zealand,oceania,"{""academic"": 0.319, ""leadership"": 0.2328, ""olympiad"": 0.2069, ""extracurricular"": 0.0603, ""essay"": 0.181}",entrepreneurship,False,We seek to support outstanding students in agriculture who demonstrate commitment to knowledge advancement.,We value students who show leadership potential and dedication to renewable energy systems.,True,False,True,False,945.35,False,2
SCH_000105,Australia Business Scholarship,"[""china"", ""egypt"", ""canada""]",17,22,"[""high_school""]","[""vocational"", ""science""]","[""business"", ""law""]",public_a,69.9,58.8,"[{""test_type"": ""delf"", ""min_score"": 40, ""is_mandatory"": true}]",False,upper_middle,australia,oceania,"{""academic"": 0.2182, ""leadership"": 0.0545, ""olympiad"": 0.3636, ""extracurricular"": 0.1909, ""essay"": 0.1727}",entrepreneurship,False,This scholarship aims to nurture future leaders in business with a passion for machine learning.,Ideal candidates demonstrate excellence in business and commitment to community service.,True,False,False,True,43.88,False,2
SCH_000106,Morocco Engineering Scholarship,"[""south_korea"", ""indonesia"", ""usa""]",15,18,"[""high_school"", ""bachelors""]","[""social_studies""]","[""engineering""]",private_a,73.3,56.8,"[{""test_type"": ""toefl"", ""min_score"": 83.9, ""is_mandatory"": false}]",True,middle,morocco,africa,"{""academic"": 0.3421, ""leadership"": 0.2018, ""olympiad"": 0.1228, ""extracurricular"": 0.1316, ""essay"": 0.2018}",,False,We seek to support outstanding students in engineering who demonstrate commitment to societal impact.,We are looking for candidates with strong academic records and proven research experience.,True,False,False,False,43.7,False,1
SCH_000107,New Zealand Computer Science Scholarship,"[""usa"", ""nigeria"", ""india"", ""netherlands"", ""egypt"", ""indonesia"", ""china""]",16,20,"[""high_school""]","[""languages""]","[""computer_science"", ""medicine""]",public_a,68.4,61.7,[],False,very_low,new_zealand,oceania,"{""academic"": 0.3571, ""leadership"": 0.0816, ""olympiad"": 0.3469, ""extracurricular"": 0.0816, ""essay"": 0.1327}",,False,Our mission is to empower talented individuals from Oceania pursuing excellence in computer_science.,Ideal candidates demonstrate excellence in computer_science and commitment to community service.,True,True,True,True,65.53,True,4
SCH_000108,Usa Chemistry Scholarship,"[""switzerland"", ""canada"", ""indonesia"", ""argentina"", ""netherlands"", ""new_zealand""]",15,18,"[""high_school""]","[""religion"", ""science""]","[""chemistry"", ""biology""]",accredited_b,71.2,57.6,[],False,middle,usa,north_america,"{""academic"": 0.1935, ""leadership"": 0.121, ""olympiad"": 0.3145, ""extracurricular"": 0.2339, ""essay"": 0.1371}",ngo_npo,False,We seek to support outstanding students in chemistry who demonstrate commitment to innovation.,We value students who show leadership potential and dedication to machine learning.,False,True,True,True,1762.82,False,3
SCH_000109,Usa Computer Science Scholarship,"[""new_zealand"", ""uk"", ""malaysia"", ""nigeria"", ""switzerland""]",16,20,"[""high_school""]","[""vocational"", ""languages""]","[""computer_science"", ""arts_humanities""]",private_a,68.8,68.5,"[{""test_type"": ""jlpt"", ""min_score"": 40, ""is_mandatory"": true}]",False,upper_middle,usa,north_america,"{""academic"": 0.3469, ""leadership"": 0.1531, ""olympiad"": 0.102, ""extracurricular"": 0.1429, ""essay"": 0.2551}",industry,True,Our mission is to empower talented individuals from North_america pursuing excellence in computer_science.,We value students who show leadership potential and dedication to climate change mitigation.,False,True,True,True,946.21,False,3
SCH_000110,South Korea Engineering Scholarship,"[""nigeria"", ""japan"", ""canada"", ""malaysia"", ""china"", ""south_africa""]",16,21,"[""high_school""]","[""vocational"", ""religion""]","[""engineering""]",excellence,78.9,53.5,"[{""test_type"": ""topik"", ""min_score"": 200, ""is_mandatory"": false}]",False,upper_middle,south_korea,asia,"{""academic"": 0.3465, ""leadership"": 0.063, ""olympiad"": 0.2992, ""extracurricular"": 0.126, ""essay"": 0.1654}",,True,We seek to support outstanding students in engineering who demonstrate commitment to societal impact.,Ideal candidates demonstrate excellence in engineering and commitment to community service.,True,True,False,True,1058.51,True,3
SCH_000111,Brazil Mathematics Scholarship,"[""indonesia"", ""singapore"", ""brazil"", ""argentina"", ""morocco"", ""japan""]",16,19,"[""high_school""]","[""science""]","[""mathematics""]",accredited_b,62.9,78.5,"[{""test_type"": ""hsk"", ""min_score"": 80, ""is_mandatory"": false}]",False,middle,brazil,south_america,"{""academic"": 0.2727, ""leadership"": 0.3636, ""olympiad"": 0.1429, ""extracurricular"": 0.0779, ""essay"": 0.1429}",public_service,False,Our mission is to empower talented individuals from South_america pursuing excellence in mathematics.,Ideal candidates demonstrate excellence in mathematics and commitment to technological advancement.,True,False,False,True,914.95,False,2
SCH_000112,Uk Agriculture Scholarship,"[""switzerland"", ""chile"", ""australia"", ""vietnam"", ""thailand"", ""philippines""]",15,18,"[""high_school""]","[""languages"", ""social_studies""]","[""agriculture"", ""physics"", ""mathematics""]",accredited_b,65.4,77.1,[],False,upper_middle,uk,europe,"{""academic"": 0.3071, ""leadership"": 0.2126, ""olympiad"": 0.2126, ""extracurricular"": 0.0709, ""essay"": 0.1969}",,False,This scholarship aims to nurture future leaders in agriculture with a passion for education reform.,We value students who show leadership potential and dedication to education reform.,True,True,True,False,594.87,True,3
SCH_000113,Canada Arts Humanities Scholarship,"[""india"", ""canada""]",16,21,"[""high_school""]","[""languages"", ""vocational""]","[""arts_humanities"", ""chemistry"", ""medicine""]",public_a,79.3,68.3,"[{""test_type"": ""jlpt"", ""min_score"": 40, ""is_mandatory"": false}]",False,upper_middle,canada,north_america,"{""academic"": 0.3217, ""leadership"": 0.1608, ""olympiad"": 0.2517, ""extracurricular"": 0.1189, ""essay"": 0.1469}",public_service,False,We seek to support outstanding students in arts_humanities who demonstrate commitment to knowledge advancement.,We value students who show leadership potential and dedication to sustainable agriculture.,False,True,False,False,1654.88,False,1
SCH_000114,Usa Social Sciences Scholarship,"[""chile"", ""canada"", ""japan""]",17,20,"[""high_school""]","[""religion""]","[""social_sciences"", ""business"", ""biology""]",public_a,84.8,76.7,"[{""test_type"": ""ielts"", ""min_score"": 6.4, ""is_mandatory"": true}]",False,very_low,usa,north_america,"{""academic"": 0.2736, ""leadership"": 0.1509, ""olympiad"": 0.2453, ""extracurricular"": 0.1038, ""essay"": 0.2264}",public_service,False,This scholarship aims to nurture future leaders in social_sciences with a passion for artificial intelligence.,We are looking for candidates with strong academic records and proven research experience.,False,True,True,False,331.02,False,2
SCH_000115,New Zealand Medicine Scholarship,"[""thailand"", ""brazil"", ""south_africa""]",17,20,"[""high_school"", ""bachelors""]","[""religion"", ""vocational""]","[""medicine"", ""education""]",private_a,67.7,63.4,"[{""test_type"": ""ielts"", ""min_score"": 6.8, ""is_mandatory"": true}]",False,very_low,new_zealand,oceania,"{""academic"": 0.265, ""leadership"": 0.1624, ""olympiad"": 0.1966, ""extracurricular"": 0.1368, ""essay"": 0.2393}",,False,This scholarship aims to nurture future leaders in medicine with a passion for artificial intelligence.,We are looking for candidates with strong academic records and proven leadership experience.,True,False,True,False,1098.51,False,2
SCH_000116,South Korea Economics Scholarship,"[""philippines"", ""kenya"", ""usa"", ""uk""]",17,21,"[""high_school"", ""bachelors""]","[""science""]","[""economics"", ""mathematics""]",accredited_b,58.9,62.8,"[{""test_type"": ""toefl"", ""min_score"": 82.0, ""is_mandatory"": false}]",False,low,south_korea,asia,"{""academic"": 0.193, ""leadership"": 0.0877, ""olympiad"": 0.307, ""extracurricular"": 0.2544, ""essay"": 0.1579}",,False,This scholarship aims to nurture future leaders in economics with a passion for cybersecurity.,Ideal candidates demonstrate excellence in economics and commitment to technological advancement.,False,True,True,True,1686.63,False,3
SCH_000117,Brazil Social Sciences Scholarship,"[""germany"", ""nigeria"", ""argentina"", ""canada"", ""singapore"", ""chile"", ""netherlands""]",16,21,"[""high_school"", ""bachelors""]","[""science""]","[""social_sciences""]",public_a,64.7,50.4,"[{""test_type"": ""jlpt"", ""min_score"": 60, ""is_mandatory"": true}]",False,low,brazil,south_america,"{""academic"": 0.4318, ""leadership"": 0.2614, ""olympiad"": 0.1932, ""extracurricular"": 0.0568, ""essay"": 0.0568}",,False,We seek to support outstanding students in social_sciences who demonstrate commitment to knowledge advancement.,We are looking for candidates with strong academic records and proven leadership experience.,True,True,True,True,226.93,True,4
SCH_000118,France Biology Scholarship,"[""kenya"", ""netherlands"", ""switzerland"", ""egypt"", ""vietnam"", ""sweden"", ""malaysia""]",17,22,"[""high_school""]","[""religion""]","[""biology"", ""computer_science""]",public_a,76.7,61.5,[],False,low,france,europe,"{""academic"": 0.3833, ""leadership"": 0.0917, ""olympiad"": 0.3, ""extracurricular"": 0.175, ""essay"": 0.05}",academic,False,We seek to support outstanding students in biology who demonstrate commitment to innovation.,Ideal candidates demonstrate excellence in biology and commitment to technological advancement.,True,True,True,False,214.79,True,3
SCH_000119,Canada Education Scholarship,"[""south_africa"", ""indonesia"", ""argentina"", ""thailand"", ""chile""]",15,19,"[""high_school"", ""bachelors""]","[""social_studies""]","[""education"", ""arts_humanities"", ""law"", ""economics""]",public_a,78.3,54.6,[],False,upper_middle,canada,north_america,"{""academic"": 0.3769, ""leadership"": 0.1692, ""olympiad"": 0.1846, ""extracurricular"": 0.1692, ""essay"": 0.1}",,False,We seek to support outstanding students in education who demonstrate commitment to innovation.,Ideal candidates demonstrate excellence in education and commitment to community service.,True,True,True,False,1494.31,True,3
SCH_000120,South Africa Law Scholarship,"[""china"", ""south_korea"", ""new_zealand"", ""egypt"", ""switzerland"", ""kenya"", ""nigeria""]",17,22,"[""high_school""]","[""religion"", ""languages""]","[""law"", ""engineering"", ""business""]",private_a,83.5,53.4,[],True,middle,south_africa,africa,"{""academic"": 0.3413, ""leadership"": 0.0714, ""olympiad"": 0.2619, ""extracurricular"": 0.1508, ""essay"": 0.1746}",industry,False,This scholarship aims to nurture future leaders in law with a passion for human-computer interaction.,We value students who show leadership potential and dedication to human-computer interaction.,False,True,True,True,1153.08,False,3
SCH_000121,Sweden Business Scholarship,"[""india"", ""china"", ""netherlands"", ""france"", ""malaysia"", ""kenya"", ""germany""]",17,21,"[""high_school"", ""bachelors""]","[""social_studies"", ""languages""]","[""business"", ""law""]",private_a,66.1,54.9,"[{""test_type"": ""toefl"", ""min_score"": 89.2, ""is_mandatory"": false}]",False,very_low,sweden,europe,"{""academic"": 0.3739, ""leadership"": 0.1565, ""olympiad"": 0.2087, ""extracurricular"": 0.1913, ""essay"": 0.0696}",industry,False,This scholarship aims to nurture future leaders in business with a passion for cybersecurity.,We are looking for candidates with strong academic records and proven leadership experience.,True,True,False,True,1648.44,True,3
SCH_000122,Usa Education Scholarship,"[""new_zealand"", ""brazil"", ""germany"", ""thailand"", ""switzerland""]",17,21,"[""high_school"", ""bachelors""]","[""vocational""]","[""education""]",excellence,80.1,58.8,"[{""test_type"": ""delf"", ""min_score"": 40, ""is_mandatory"": false}]",True,upper_middle,usa,north_america,"{""academic"": 0.2574, ""leadership"": 0.2772, ""olympiad"": 0.1188, ""extracurricular"": 0.1287, ""essay"": 0.2178}",,False,This scholarship aims to nurture future leaders in education with a passion for education reform.,We are looking for candidates with strong academic records and proven leadership experience.,True,False,False,False,1483.28,False,1
SCH_000123,Brazil Medicine Scholarship,"[""thailand"", ""philippines"", ""morocco"", ""egypt"", ""malaysia""]",16,19,"[""high_school""]","[""social_studies"", ""science""]","[""medicine"", ""education"", ""law"", ""arts_humanities""]",accredited_b,65.6,65.8,"[{""test_type"": ""toefl"", ""min_score"": 86.4, ""is_mandatory"": true}]",False,middle,brazil,south_america,"{""academic"": 0.2979, ""leadership"": 0.2553, ""olympiad"": 0.1702, ""extracurricular"": 0.2128, ""essay"": 0.0638}",industry,False,Our mission is to empower talented individuals from South_america pursuing excellence in medicine.,Ideal candidates demonstrate excellence in medicine and commitment to technological advancement.,True,False,True,False,583.57,False,2
SCH_000124,Thailand Biology Scholarship,"[""chile"", ""brazil""]",17,22,"[""high_school""]","[""vocational"", ""religion""]","[""biology"", ""social_sciences""]",public_a,78.5,77.1,"[{""test_type"": ""toefl"", ""min_score"": 81.1, ""is_mandatory"": true}]",False,upper_middle,thailand,asia,"{""academic"": 0.4, ""leadership"": 0.1053, ""olympiad"": 0.1053, ""extracurricular"": 0.2526, ""essay"": 0.1368}",government,False,This scholarship aims to nurture future leaders in biology with a passion for renewable energy systems.,We are looking for candidates with strong academic records and proven leadership experience.,True,True,True,False,360.78,True,3
SCH_000125,New Zealand Computer Science Scholarship,"[""thailand"", ""france"", ""kenya"", ""morocco"", ""australia"", ""uk""]",15,19,"[""high_school"", ""bachelors""]","[""vocational""]","[""computer_science""]",public_a,67.3,75.3,"[{""test_type"": ""topik"", ""min_score"": 150, ""is_mandatory"": true}]",False,low,new_zealand,oceania,"{""academic"": 0.2626, ""leadership"": 0.2929, ""olympiad"": 0.1515, ""extracurricular"": 0.1313, ""essay"": 0.1616}",,False,Our mission is to empower talented individuals from Oceania pursuing excellence in computer_science.,Ideal candidates demonstrate excellence in computer_science and commitment to technological advancement.,True,True,False,False,728.06,True,2
SCH_000126,Argentina Economics Scholarship,"[""brazil"", ""germany"", ""chile""]",17,21,"[""high_school""]","[""vocational""]","[""economics""]",private_a,59.1,68.1,"[{""test_type"": ""hsk"", ""min_score"": 60, ""is_mandatory"": false}]",False,upper_middle,argentina,south_america,"{""academic"": 0.256, ""leadership"": 0.04, ""olympiad"": 0.296, ""extracurricular"": 0.184, ""essay"": 0.224}",,False,We seek to support outstanding students in economics who demonstrate commitment to knowledge advancement.,Ideal candidates demonstrate excellence in economics and commitment to technological advancement.,True,False,True,True,401.22,False,3
SCH_000127,New Zealand Arts Humanities Scholarship,"[""india"", ""indonesia"", ""kenya"", ""singapore"", ""south_korea"", ""germany"", ""philippines""]",17,22,"[""high_school"", ""bachelors""]","[""vocational"", ""science""]","[""arts_humanities""]",excellence,57.3,72.9,"[{""test_type"": ""hsk"", ""min_score"": 60, ""is_mandatory"": true}]",True,upper_middle,new_zealand,oceania,"{""academic"": 0.2136, ""leadership"": 0.0874, ""olympiad"": 0.3398, ""extracurricular"": 0.1748, ""essay"": 0.1845}",ngo_npo,False,This scholarship aims to nurture future leaders in arts_humanities with a passion for renewable energy systems.,We are looking for candidates with strong academic records and proven leadership experience.,False,False,True,False,334.39,False,1
SCH_000128,Germany Social Sciences Scholarship,"[""chile"", ""malaysia"", ""philippines""]",15,18,"[""high_school"", ""bachelors""]","[""languages"", ""science""]","[""social_sciences""]",public_a,66.1,70.0,[],False,upper_middle,germany,europe,"{""academic"": 0.3667, ""leadership"": 0.0917, ""olympiad"": 0.325, ""extracurricular"": 0.1417, ""essay"": 0.075}",,True,Our mission is to empower talented individuals from Europe pursuing excellence in social_sciences.,We are looking for candidates with strong academic records and proven leadership experience.,True,True,False,True,1555.18,True,3
SCH_000129,Canada Mathematics Scholarship,"[""thailand"", ""argentina"", ""morocco"", ""france"", ""switzerland""]",16,19,"[""high_school"", ""bachelors""]","[""science"", ""social_studies""]","[""mathematics"", ""economics""]",excellence,85.0,78.0,"[{""test_type"": ""hsk"", ""min_score"": 80, ""is_mandatory"": true}]",False,very_low,canada,north_america,"{""academic"": 0.3628, ""leadership"": 0.1062, ""olympiad"": 0.1858, ""extracurricular"": 0.0885, ""essay"": 0.2566}",public_service,False,Our mission is to empower talented individuals from North_america pursuing excellence in mathematics.,We are looking for candidates with strong academic records and proven research experience.,True,False,True,False,504.37,False,2
SCH_000130,Netherlands Computer Science Scholarship,"[""egypt"", ""vietnam"", ""australia""]",16,19,"[""high_school""]","[""religion"", ""languages""]","[""computer_science"", ""education"", ""chemistry"", ""engineering""]",accredited_b,73.2,69.2,"[{""test_type"": ""toefl"", ""min_score"": 109.5, ""is_mandatory"": true}]",True,middle,netherlands,europe,"{""academic"": 0.2157, ""leadership"": 0.1863, ""olympiad"": 0.1569, ""extracurricular"": 0.2647, ""essay"": 0.1765}",,False,This scholarship aims to nurture future leaders in computer_science with a passion for genomic research.,We are looking for candidates with strong academic records and proven research experience.,True,True,False,True,1297.76,True,3
SCH_000131,Canada Law Scholarship,"[""usa"", ""switzerland"", ""philippines"", ""uk"", ""new_zealand""]",15,19,"[""high_school"", ""bachelors""]","[""science"", ""social_studies""]","[""law"", ""medicine"", ""mathematics""]",public_a,79.0,61.4,[],False,low,canada,north_america,"{""academic"": 0.2128, ""leadership"": 0.1277, ""olympiad"": 0.266, ""extracurricular"": 0.2872, ""essay"": 0.1064}",academic,False,We seek to support outstanding students in law who demonstrate commitment to knowledge advancement.,We value students who show leadership potential and dedication to renewable energy systems.,False,True,False,False,535.96,False,1
SCH_000132,Morocco Education Scholarship,"[""sweden"", ""netherlands""]",17,21,"[""high_school"", ""bachelors""]","[""vocational"", ""languages""]","[""education""]",public_a,67.2,77.4,"[{""test_type"": ""ielts"", ""min_score"": 6.2, ""is_mandatory"": true}]",False,upper_middle,morocco,africa,"{""academic"": 0.2222, ""leadership"": 0.101, ""olympiad"": 0.3838, ""extracurricular"": 0.101, ""essay"": 0.1919}",,True,We seek to support outstanding students in education who demonstrate commitment to innovation.,We are looking for candidates with strong academic records and proven research experience.,True,True,True,True,41.41,True,4
SCH_000133,Usa Computer Science Scholarship,"[""new_zealand"", ""china"", ""netherlands"", ""indonesia"", ""germany""]",15,18,"[""high_school"", ""bachelors""]","[""religion""]","[""computer_science"", ""physics"", ""economics""]",excellence,76.3,58.3,"[{""test_type"": ""hsk"", ""min_score"": 60, ""is_mandatory"": true}]",False,very_low,usa,north_america,"{""academic"": 0.1961, ""leadership"": 0.2451, ""olympiad"": 0.2647, ""extracurricular"": 0.1471, ""essay"": 0.1471}",,False,This scholarship aims to nurture future leaders in computer_science with a passion for artificial intelligence.,We are looking for candidates with strong academic records and proven research experience.,True,False,True,True,1712.58,False,3
SCH_000134,France Law Scholarship,"[""new_zealand"", ""france"", ""malaysia"", ""switzerland"", ""vietnam"", ""argentina""]",16,19,"[""high_school"", ""bachelors""]","[""religion""]","[""law"", ""business""]",excellence,70.9,53.4,"[{""test_type"": ""ielts"", ""min_score"": 6.2, ""is_mandatory"": true}]",False,very_low,france,europe,"{""academic"": 0.225, ""leadership"": 0.1583, ""olympiad"": 0.3083, ""extracurricular"": 0.2083, ""essay"": 0.1}",ngo_npo,False,Our mission is to empower talented individuals from Europe pursuing excellence in law.,We value students who show leadership potential and dedication to cybersecurity.,False,True,False,False,199.93,False,1
SCH_000135,South Africa Economics Scholarship,"[""france"", ""indonesia"", ""usa"", ""germany""]",16,19,"[""high_school"", ""bachelors""]","[""religion""]","[""economics"", ""business""]",accredited_b,68.5,71.4,[],False,very_low,south_africa,africa,"{""academic"": 0.3302, ""leadership"": 0.1132, ""olympiad"": 0.3679, ""extracurricular"": 0.0849, ""essay"": 0.1038}",academic,False,This scholarship aims to nurture future leaders in economics with a passion for renewable energy systems.,Ideal candidates demonstrate excellence in economics and commitment to technological advancement.,True,False,False,False,1200.57,False,1
SCH_000136,Australia Economics Scholarship,"[""uk"", ""singapore"", ""vietnam"", ""new_zealand"", ""malaysia""]",17,21,"[""high_school""]","[""social_studies""]","[""economics"", ""physics"", ""chemistry"", ""computer_science""]",private_a,84.3,57.5,"[{""test_type"": ""ielts"", ""min_score"": 7.5, ""is_mandatory"": false}]",True,upper_middle,australia,oceania,"{""academic"": 0.2721, ""leadership"": 0.1701, ""olympiad"": 0.2585, ""extracurricular"": 0.102, ""essay"": 0.1973}",,False,This scholarship aims to nurture future leaders in economics with a passion for artificial intelligence.,We are looking for candidates with strong academic records and proven leadership experience.,True,True,False,True,951.72,True,3
SCH_000137,Brazil Law Scholarship,"[""nigeria"", ""australia"", ""egypt"", ""usa"", ""netherlands"", ""malaysia"", ""canada""]",16,21,"[""high_school""]","[""religion"", ""social_studies""]","[""law"", ""engineering"", ""economics""]",accredited_b,77.0,63.5,[],False,low,brazil,south_america,"{""academic"": 0.2443, ""leadership"": 0.2137, ""olympiad"": 0.1069, ""extracurricular"": 0.2137, ""essay"": 0.2214}",public_service,False,This scholarship aims to nurture future leaders in law with a passion for cybersecurity.,We are looking for candidates with strong academic records and proven research experience.,False,True,False,False,1751.13,False,1
SCH_000138,Germany Economics Scholarship,"[""south_africa"", ""argentina""]",16,21,"[""high_school"", ""bachelors""]","[""languages"", ""religion""]","[""economics""]",private_a,76.0,51.5,"[{""test_type"": ""toefl"", ""min_score"": 109.8, ""is_mandatory"": true}]",True,low,germany,europe,"{""academic"": 0.3158, ""leadership"": 0.193, ""olympiad"": 0.3246, ""extracurricular"": 0.1053, ""essay"": 0.0614}",,False,Our mission is to empower talented individuals from Europe pursuing excellence in economics.,Ideal candidates demonstrate excellence in economics and commitment to technological advancement.,False,True,False,True,219.34,False,2
SCH_000139,Malaysia Physics Scholarship,"[""switzerland"", ""uk"", ""indonesia"", ""sweden"", ""malaysia""]",15,18,"[""high_school"", ""bachelors""]","[""science""]","[""physics"", ""computer_science""]",excellence,57.4,69.3,[],False,middle,malaysia,asia,"{""academic"": 0.4, ""leadership"": 0.1619, ""olympiad"": 0.2, ""extracurricular"": 0.1714, ""essay"": 0.0667}",,False,Our mission is to empower talented individuals from Asia pursuing excellence in physics.,We value students who show leadership potential and dedication to artificial intelligence.,True,True,True,False,900.89,True,3
SCH_000140,France Law Scholarship,"[""japan"", ""morocco"", ""india"", ""uk"", ""netherlands""]",15,18,"[""high_school"", ""bachelors""]","[""languages"", ""science""]","[""law"", ""engineering""]",accredited_b,62.9,57.5,"[{""test_type"": ""ielts"", ""min_score"": 6.4, ""is_mandatory"": true}]",True,upper_middle,france,europe,"{""academic"": 0.3307, ""leadership"": 0.1732, ""olympiad"": 0.1417, ""extracurricular"": 0.1417, ""essay"": 0.2126}",entrepreneurship,False,We seek to support outstanding students in law who demonstrate commitment to societal impact.,Ideal candidates demonstrate excellence in law and commitment to technological advancement.,True,True,False,False,498.86,True,2
SCH_000141,Usa Engineering Scholarship,"[""france"", ""japan"", ""kenya""]",15,20,"[""high_school""]","[""languages"", ""science""]","[""engineering""]",excellence,73.3,50.7,"[{""test_type"": ""toefl"", ""min_score"": 90.7, ""is_mandatory"": true}]",False,upper_middle,usa,north_america,"{""academic"": 0.3483, ""leadership"": 0.1124, ""olympiad"": 0.236, ""extracurricular"": 0.1348, ""essay"": 0.1685}",,False,We seek to support outstanding students in engineering who demonstrate commitment to knowledge advancement.,Ideal candidates demonstrate excellence in engineering and commitment to community service.,True,True,False,False,946.19,True,2
SCH_000142,Morocco Law Scholarship,"[""chile"", ""canada"", ""morocco""]",15,20,"[""high_school"", ""bachelors""]","[""vocational""]","[""law""]",excellence,58.6,61.0,"[{""test_type"": ""ielts"", ""min_score"": 6.8, ""is_mandatory"": true}]",False,low,morocco,africa,"{""academic"": 0.3529, ""leadership"": 0.1691, ""olympiad"": 0.1985, ""extracurricular"": 0.1618, ""essay"": 0.1176}",ngo_npo,True,Our mission is to empower talented individuals from Africa pursuing excellence in law.,We value students who show leadership potential and dedication to education reform.,True,False,False,False,1581.64,False,1
SCH_000143,Kenya Engineering Scholarship,"[""vietnam"", ""singapore"", ""canada"", ""philippines"", ""india"", ""france"", ""thailand""]",17,22,"[""high_school""]","[""science""]","[""engineering""]",private_a,61.1,77.0,"[{""test_type"": ""toefl"", ""min_score"": 96.7, ""is_mandatory"": true}]",True,very_low,kenya,africa,"{""academic"": 0.3958, ""leadership"": 0.0833, ""olympiad"": 0.1146, ""extracurricular"": 0.2917, ""essay"": 0.1146}",,False,This scholarship aims to nurture future leaders in engineering with a passion for public health policy.,We are looking for candidates with strong academic records and proven leadership experience.,True,True,False,True,283.8,True,3
SCH_000144,Canada Social Sciences Scholarship,"[""australia"", ""india"", ""morocco"", ""egypt"", ""thailand"", ""kenya"", ""switzerland""]",17,21,"[""high_school"", ""bachelors""]","[""languages""]","[""social_sciences"", ""chemistry"", ""mathematics""]",excellence,74.7,76.5,"[{""test_type"": ""toefl"", ""min_score"": 84.4, ""is_mandatory"": false}]",False,low,canada,north_america,"{""academic"": 0.4144, ""leadership"": 0.0991, ""olympiad"": 0.1892, ""extracurricular"": 0.0541, ""essay"": 0.2432}",ngo_npo,False,This scholarship aims to nurture future leaders in social_sciences with a passion for quantum computing.,We are looking for candidates with strong academic records and proven leadership experience.,True,True,True,True,1245.14,True,4
SCH_000145,Singapore Computer Science Scholarship,"[""uk"", ""south_korea"", ""nigeria"", ""brazil""]",16,21,"[""high_school""]","[""languages""]","[""computer_science""]",excellence,77.6,61.1,"[{""test_type"": ""toefl"", ""min_score"": 89.4, ""is_mandatory"": true}]",False,low,singapore,asia,"{""academic"": 0.41, ""leadership"": 0.08, ""olympiad"": 0.17, ""extracurricular"": 0.12, ""essay"": 0.22}",,False,This scholarship aims to nurture future leaders in computer_science with a passion for genomic research.,We are looking for candidates with strong academic records and proven leadership experience.,True,True,False,True,29.02,True,3
SCH_000146,South Africa Arts Humanities Scholarship,"[""india"", ""chile""]",16,20,"[""high_school""]","[""science""]","[""arts_humanities""]",accredited_b,65.2,73.3,[],True,middle,south_africa,africa,"{""academic"": 0.264, ""leadership"": 0.16, ""olympiad"": 0.248, ""extracurricular"": 0.176, ""essay"": 0.152}",industry,False,We seek to support outstanding students in arts_humanities who demonstrate commitment to innovation.,We value students who show leadership potential and dedication to quantum computing.,False,True,True,False,307.56,False,2
SCH_000147,Usa Education Scholarship,"[""usa"", ""nigeria"", ""brazil"", ""germany"", ""chile""]",15,20,"[""high_school""]","[""vocational"", ""social_studies""]","[""education""]",excellence,61.5,74.5,"[{""test_type"": ""topik"", ""min_score"": 150, ""is_mandatory"": true}]",False,middle,usa,north_america,"{""academic"": 0.2843, ""leadership"": 0.1176, ""olympiad"": 0.3235, ""extracurricular"": 0.0882, ""essay"": 0.1863}",industry,True,Our mission is to empower talented individuals from North_america pursuing excellence in education.,We are looking for candidates with strong academic records and proven leadership experience.,True,True,True,False,211.45,True,3
SCH_000148,Malaysia Mathematics Scholarship,"[""india"", ""new_zealand"", ""nigeria""]",17,20,"[""high_school"", ""bachelors""]","[""religion"", ""science""]","[""mathematics"", ""physics""]",excellence,83.9,74.4,"[{""test_type"": ""hsk"", ""min_score"": 80, ""is_mandatory"": true}]",False,upper_middle,malaysia,asia,"{""academic"": 0.3333, ""leadership"": 0.1852, ""olympiad"": 0.25, ""extracurricular"": 0.1019, ""essay"": 0.1296}",,False,Our mission is to empower talented individuals from Asia pursuing excellence in mathematics.,Ideal candidates demonstrate excellence in mathematics and commitment to community service.,True,True,True,False,102.51,True,3
SCH_000149,Chile Mathematics Scholarship,"[""australia"", ""switzerland"", ""south_africa""]",16,19,"[""high_school""]","[""vocational"", ""social_studies""]","[""mathematics""]",private_a,83.2,64.2,[],False,upper_middle,chile,south_america,"{""academic"": 0.2276, ""leadership"": 0.2114, ""olympiad"": 0.2276, ""extracurricular"": 0.0976, ""essay"": 0.2358}",industry,False,This scholarship aims to nurture future leaders in mathematics with a passion for genomic research.,We value students who show leadership potential and dedication to genomic research.,True,True,False,True,589.59,True,3
SCH_000150,Australia Chemistry Scholarship,"[""uk"", ""malaysia"", ""nigeria"", ""singapore"", ""usa"", ""japan""]",16,20,"[""high_school""]","[""science"", ""religion""]","[""chemistry""]",excellence,71.4,78.1,"[{""test_type"": ""ielts"", ""min_score"": 6.8, ""is_mandatory"": true}]",True,middle,australia,oceania,"{""academic"": 0.3551, ""leadership"": 0.0654, ""olympiad"": 0.2523, ""extracurricular"": 0.2056, ""essay"": 0.1215}",,False,We seek to support outstanding students in chemistry who demonstrate commitment to knowledge advancement.,Ideal candidates demonstrate excellence in chemistry and commitment to community service.,True,True,False,False,1493.4,True,2
SCH_000151,Kenya Engineering Scholarship,"[""germany"", ""nigeria"", ""canada"", ""vietnam""]",15,18,"[""high_school"", ""bachelors""]","[""vocational"", ""science""]","[""engineering"", ""chemistry"", ""agriculture"", ""education""]",private_a,75.2,70.8,"[{""test_type"": ""ielts"", ""min_score"": 7.4, ""is_mandatory"": false}]",False,low,kenya,africa,"{""academic"": 0.3966, ""leadership"": 0.0776, ""olympiad"": 0.2586, ""extracurricular"": 0.1207, ""essay"": 0.1466}",,False,We seek to support outstanding students in engineering who demonstrate commitment to societal impact.,We are looking for candidates with strong academic records and proven research experience.,True,True,False,True,1451.31,True,3
SCH_000152,Morocco Computer Science Scholarship,"[""singapore"", ""kenya"", ""australia"", ""switzerland""]",15,19,"[""high_school"", ""bachelors""]","[""science"", ""vocational""]","[""computer_science"", ""mathematics"", ""physics"", ""law""]",public_a,64.0,52.2,[],False,upper_middle,morocco,africa,"{""academic"": 0.2541, ""leadership"": 0.2131, ""olympiad"": 0.2049, ""extracurricular"": 0.1721, ""essay"": 0.1557}",public_service,True,We seek to support outstanding students in computer_science who demonstrate commitment to knowledge advancement.,We are looking for candidates with strong academic records and proven research experience.,False,True,True,False,977.32,False,2
SCH_000153,China Social Sciences Scholarship,"[""germany"", ""chile"", ""india"", ""morocco"", ""switzerland"", ""argentina"", ""nigeria""]",17,21,"[""high_school"", ""bachelors""]","[""vocational""]","[""social_sciences"", ""law""]",public_a,61.7,72.1,[],False,middle,china,asia,"{""academic"": 0.3182, ""leadership"": 0.0545, ""olympiad"": 0.1182, ""extracurricular"": 0.2545, ""essay"": 0.2545}",entrepreneurship,False,This scholarship aims to nurture future leaders in social_sciences with a passion for climate change mitigation.,We value students who show leadership potential and dedication to climate change mitigation.,True,False,True,False,76.92,False,2
SCH_000154,Australia Chemistry Scholarship,"[""thailand"", ""south_africa"", ""switzerland"", ""malaysia"", ""chile"", ""morocco"", ""uk""]",17,22,"[""high_school""]","[""science"", ""religion""]","[""chemistry"", ""social_sciences"", ""business"", ""economics""]",private_a,79.8,62.4,[],True,middle,australia,oceania,"{""academic"": 0.25, ""leadership"": 0.1023, ""olympiad"": 0.3523, ""extracurricular"": 0.2273, ""essay"": 0.0682}",,True,Our mission is to empower talented individuals from Oceania pursuing excellence in chemistry.,We value students who show leadership potential and dedication to cybersecurity.,False,False,True,True,221.81,False,2
SCH_000155,Brazil Engineering Scholarship,"[""germany"", ""india"", ""japan"", ""uk"", ""australia"", ""morocco"", ""canada""]",15,20,"[""high_school""]","[""vocational""]","[""engineering"", ""medicine"", ""business"", ""economics""]",accredited_b,62.4,68.1,[],False,upper_middle,brazil,south_america,"{""academic"": 0.4712, ""leadership"": 0.0577, ""olympiad"": 0.1442, ""extracurricular"": 0.0481, ""essay"": 0.2788}",entrepreneurship,True,Our mission is to empower talented individuals from South_america pursuing excellence in engineering.,Ideal candidates demonstrate excellence in engineering and commitment to technological advancement.,True,True,False,True,509.81,True,3
SCH_000156,Australia Computer Science Scholarship,"[""thailand"", ""singapore"", ""nigeria"", ""kenya""]",15,19,"[""high_school"", ""bachelors""]","[""social_studies""]","[""computer_science"", ""engineering"", ""arts_humanities""]",excellence,71.6,67.3,"[{""test_type"": ""toefl"", ""min_score"": 96.9, ""is_mandatory"": true}]",False,middle,australia,oceania,"{""academic"": 0.4167, ""leadership"": 0.2333, ""olympiad"": 0.1417, ""extracurricular"": 0.1083, ""essay"": 0.1}",government,False,This scholarship aims to nurture future leaders in computer_science with a passion for machine learning.,We value students who show leadership potential and dedication to machine learning.,True,True,True,False,445.66,True,3
SCH_000157,Brazil Physics Scholarship,"[""canada"", ""chile"", ""new_zealand"", ""nigeria"", ""malaysia""]",15,19,"[""high_school"", ""bachelors""]","[""vocational"", ""science""]","[""physics""]",excellence,77.5,68.9,"[{""test_type"": ""ielts"", ""min_score"": 6.2, ""is_mandatory"": true}]",False,middle,brazil,south_america,"{""academic"": 0.2416, ""leadership"": 0.1812, ""olympiad"": 0.2215, ""extracurricular"": 0.1946, ""essay"": 0.1611}",,False,Our mission is to empower talented individuals from South_america pursuing excellence in physics.,Ideal candidates demonstrate excellence in physics and commitment to community service.,True,True,True,False,308.34,True,3
SCH_000158,Argentina Engineering Scholarship,"[""usa"", ""sweden"", ""france"", ""japan""]",17,22,"[""high_school"", ""bachelors""]","[""vocational"", ""languages""]","[""engineering""]",private_a,62.4,58.3,"[{""test_type"": ""ielts"", ""min_score"": 7.3, ""is_mandatory"": true}]",False,low,argentina,south_america,"{""academic"": 0.3718, ""leadership"": 0.0769, ""olympiad"": 0.141, ""extracurricular"": 0.1282, ""essay"": 0.2821}",,True,This scholarship aims to nurture future leaders in engineering with a passion for public health policy.,Ideal candidates demonstrate excellence in engineering and commitment to community service.,False,True,False,True,1329.07,False,2
SCH_000159,South Africa Education Scholarship,"[""philippines"", ""germany"", ""singapore"", ""australia"", ""south_africa""]",16,21,"[""high_school""]","[""social_studies"", ""science""]","[""education""]",excellence,59.0,53.1,"[{""test_type"": ""hsk"", ""min_score"": 80, ""is_mandatory"": false}]",False,very_low,south_africa,africa,"{""academic"": 0.3615, ""leadership"": 0.2308, ""olympiad"": 0.0923, ""extracurricular"": 0.2231, ""essay"": 0.0923}",government,False,This scholarship aims to nurture future leaders in education with a passion for financial technology.,Ideal candidates demonstrate excellence in education and commitment to technological advancement.,True,True,False,True,380.17,True,3
SCH_000160,Morocco Mathematics Scholarship,"[""uk"", ""singapore"", ""kenya"", ""argentina""]",15,20,"[""high_school""]","[""social_studies""]","[""mathematics""]",accredited_b,61.5,73.0,"[{""test_type"": ""ielts"", ""min_score"": 6.0, ""is_mandatory"": false}]",False,middle,morocco,africa,"{""academic"": 0.339, ""leadership"": 0.1864, ""olympiad"": 0.3051, ""extracurricular"": 0.0932, ""essay"": 0.0763}",industry,False,This scholarship aims to nurture future leaders in mathematics with a passion for renewable energy systems.,Ideal candidates demonstrate excellence in mathematics and commitment to community service.,True,True,True,True,931.03,True,4
SCH_000161,Vietnam Medicine Scholarship,"[""new_zealand"", ""china"", ""switzerland"", ""usa""]",17,21,"[""high_school""]","[""science""]","[""medicine"", ""computer_science""]",excellence,63.9,77.7,[],False,low,vietnam,asia,"{""academic"": 0.2245, ""leadership"": 0.1429, ""olympiad"": 0.2755, ""extracurricular"": 0.2755, ""essay"": 0.0816}",academic,False,This scholarship aims to nurture future leaders in medicine with a passion for climate change mitigation.,We are looking for candidates with strong academic records and proven leadership experience.,True,False,False,False,1657.52,False,1
SCH_000162,Chile Arts Humanities Scholarship,"[""germany"", ""south_korea"", ""singapore""]",16,21,"[""high_school""]","[""science"", ""religion""]","[""arts_humanities"", ""medicine"", ""agriculture""]",accredited_b,83.8,76.7,"[{""test_type"": ""ielts"", ""min_score"": 7.5, ""is_mandatory"": true}]",False,very_low,chile,south_america,"{""academic"": 0.3516, ""leadership"": 0.1562, ""olympiad"": 0.1562, ""extracurricular"": 0.1953, ""essay"": 0.1406}",public_service,True,Our mission is to empower talented individuals from South_america pursuing excellence in arts_humanities.,We are looking for candidates with strong academic records and proven leadership experience.,True,False,True,False,1312.57,False,2
SCH_000163,New Zealand Medicine Scholarship,"[""new_zealand"", ""kenya"", ""china"", ""brazil"", ""indonesia"", ""usa""]",16,19,"[""high_school"", ""bachelors""]","[""vocational""]","[""medicine"", ""education""]",accredited_b,66.2,73.8,"[{""test_type"": ""topik"", ""min_score"": 150, ""is_mandatory"": false}]",True,very_low,new_zealand,oceania,"{""academic"": 0.3538, ""leadership"": 0.1692, ""olympiad"": 0.2615, ""extracurricular"": 0.1077, ""essay"": 0.1077}",,True,We seek to support outstanding students in medicine who demonstrate commitment to knowledge advancement.,We are looking for candidates with strong academic records and proven research experience.,True,False,True,False,1434.07,False,2
SCH_000164,Chile Economics Scholarship,"[""australia"", ""japan""]",17,20,"[""high_school""]","[""languages"", ""vocational""]","[""economics""]",public_a,82.2,68.5,[],False,very_low,chile,south_america,"{""academic"": 0.3643, ""leadership"": 0.2016, ""olympiad"": 0.1008, ""extracurricular"": 0.1318, ""essay"": 0.2016}",academic,True,Our mission is to empower talented individuals from South_america pursuing excellence in economics.,We are looking for candidates with strong academic records and proven leadership experience.,True,True,False,True,682.84,True,3
SCH_000165,Canada Biology Scholarship,"[""sweden"", ""canada"", ""switzerland"", ""brazil"", ""thailand""]",15,18,"[""high_school""]","[""languages"", ""vocational""]","[""biology"", ""engineering"", ""education""]",accredited_b,76.6,64.8,"[{""test_type"": ""hsk"", ""min_score"": 80, ""is_mandatory"": true}]",False,middle,canada,north_america,"{""academic"": 0.2868, ""leadership"": 0.1085, ""olympiad"": 0.2868, ""extracurricular"": 0.1705, ""essay"": 0.1473}",,False,Our mission is to empower talented individuals from North_america pursuing excellence in biology.,We are looking for candidates with strong academic records and proven leadership experience.,True,True,True,False,1802.72,True,3
SCH_000166,Egypt Law Scholarship,"[""south_africa"", ""netherlands"", ""japan"", ""uk"", ""australia""]",15,18,"[""high_school""]","[""science""]","[""law"", ""economics"", ""mathematics"", ""business""]",public_a,63.6,61.1,"[{""test_type"": ""toefl"", ""min_score"": 90.7, ""is_mandatory"": true}]",False,low,egypt,africa,"{""academic"": 0.2478, ""leadership"": 0.2566, ""olympiad"": 0.3009, ""extracurricular"": 0.0885, ""essay"": 0.1062}",government,False,We seek to support outstanding students in law who demonstrate commitment to innovation.,We value students who show leadership potential and dedication to sustainable agriculture.,True,True,False,True,145.27,True,3
SCH_000167,Morocco Medicine Scholarship,"[""singapore"", ""new_zealand"", ""brazil""]",16,20,"[""high_school""]","[""vocational"", ""science""]","[""medicine"", ""biology""]",public_a,75.6,61.2,"[{""test_type"": ""toefl"", ""min_score"": 100.6, ""is_mandatory"": true}]",False,upper_middle,morocco,africa,"{""academic"": 0.3197, ""leadership"": 0.082, ""olympiad"": 0.2049, ""extracurricular"": 0.1721, ""essay"": 0.2213}",academic,False,This scholarship aims to nurture future leaders in medicine with a passion for cybersecurity.,Ideal candidates demonstrate excellence in medicine and commitment to technological advancement.,True,True,True,True,1337.16,True,4
SCH_000168,Argentina Engineering Scholarship,"[""south_africa"", ""new_zealand""]",16,21,"[""high_school"", ""bachelors""]","[""social_studies""]","[""engineering"", ""education"", ""social_sciences""]",accredited_b,67.4,74.3,"[{""test_type"": ""ielts"", ""min_score"": 6.1, ""is_mandatory"": true}]",False,very_low,argentina,south_america,"{""academic"": 0.2566, ""leadership"": 0.2212, ""olympiad"": 0.2832, ""extracurricular"": 0.1239, ""essay"": 0.115}",industry,False,We seek to support outstanding students in engineering who demonstrate commitment to innovation.,We value students who show leadership potential and dedication to education reform.,True,True,True,True,859.13,True,4
SCH_000169,South Africa Mathematics Scholarship,"[""germany"", ""sweden"", ""usa""]",17,20,"[""high_school"", ""bachelors""]","[""science"", ""social_studies""]","[""mathematics"", ""business"", ""agriculture""]",public_a,64.1,57.7,"[{""test_type"": ""toefl"", ""min_score"": 101.1, ""is_mandatory"": true}]",False,upper_middle,south_africa,africa,"{""academic"": 0.3053, ""leadership"": 0.1374, ""olympiad"": 0.2901, ""extracurricular"": 0.1985, ""essay"": 0.0687}",,False,This scholarship aims to nurture future leaders in mathematics with a passion for sustainable agriculture.,We value students who show leadership potential and dedication to sustainable agriculture.,True,True,False,False,1504.5,True,2
SCH_000170,Vietnam Physics Scholarship,"[""australia"", ""argentina"", ""switzerland"", ""vietnam""]",15,18,"[""high_school"", ""bachelors""]","[""social_studies"", ""science""]","[""physics"", ""mathematics"", ""education""]",public_a,79.4,70.0,[],False,middle,vietnam,asia,"{""academic"": 0.2941, ""leadership"": 0.1059, ""olympiad"": 0.1765, ""extracurricular"": 0.2, ""essay"": 0.2235}",,False,This scholarship aims to nurture future leaders in physics with a passion for machine learning.,Ideal candidates demonstrate excellence in physics and commitment to technological advancement.,True,True,False,False,135.46,True,2
SCH_000171,Switzerland Law Scholarship,"[""vietnam"", ""nigeria"", ""argentina"", ""brazil"", ""germany""]",15,18,"[""high_school""]","[""vocational"", ""languages""]","[""law""]",public_a,71.5,74.4,"[{""test_type"": ""ielts"", ""min_score"": 7.2, ""is_mandatory"": false}]",False,upper_middle,switzerland,europe,"{""academic"": 0.3592, ""leadership"": 0.165, ""olympiad"": 0.0971, ""extracurricular"": 0.2621, ""essay"": 0.1165}",,False,This scholarship aims to nurture future leaders in law with a passion for education reform.,We are looking for candidates with strong academic records and proven leadership experience.,True,False,True,False,1020.23,False,2
SCH_000172,Australia Business Scholarship,"[""canada"", ""germany"", ""vietnam"", ""chile"", ""china""]",17,22,"[""high_school"", ""bachelors""]","[""religion"", ""science""]","[""business""]",private_a,81.8,50.1,"[{""test_type"": ""ielts"", ""min_score"": 6.3, ""is_mandatory"": true}]",True,middle,australia,oceania,"{""academic"": 0.375, ""leadership"": 0.2727, ""olympiad"": 0.1364, ""extracurricular"": 0.1477, ""essay"": 0.0682}",,False,This scholarship aims to nurture future leaders in business with a passion for climate change mitigation.,Ideal candidates demonstrate excellence in business and commitment to community service.,False,True,True,False,649.91,False,2
SCH_000173,Malaysia Agriculture Scholarship,"[""thailand"", ""chile"", ""germany""]",17,20,"[""high_school"", ""bachelors""]","[""science""]","[""agriculture"", ""chemistry"", ""social_sciences""]",private_a,82.0,64.5,"[{""test_type"": ""topik"", ""min_score"": 150, ""is_mandatory"": true}]",False,upper_middle,malaysia,asia,"{""academic"": 0.3486, ""leadership"": 0.1376, ""olympiad"": 0.2936, ""extracurricular"": 0.0826, ""essay"": 0.1376}",academic,False,This scholarship aims to nurture future leaders in agriculture with a passion for climate change mitigation.,Ideal candidates demonstrate excellence in agriculture and commitment to community service.,False,True,True,False,1954.41,False,2
SCH_000174,Indonesia Law Scholarship,"[""australia"", ""argentina"", ""germany"", ""malaysia"", ""netherlands"", ""singapore""]",16,19,"[""high_school""]","[""science"", ""social_studies""]","[""law"", ""education"", ""economics""]",private_a,72.8,60.1,"[{""test_type"": ""toefl"", ""min_score"": 84.0, ""is_mandatory"": false}]",False,upper_middle,indonesia,asia,"{""academic"": 0.25, ""leadership"": 0.2308, ""olympiad"": 0.1346, ""extracurricular"": 0.1058, ""essay"": 0.2788}",,True,Our mission is to empower talented individuals from Asia pursuing excellence in law.,Ideal candidates demonstrate excellence in law and commitment to technological advancement.,True,True,False,True,1413.37,True,3
SCH_000175,Malaysia Engineering Scholarship,"[""philippines"", ""india"", ""morocco""]",15,18,"[""high_school""]","[""social_studies""]","[""engineering""]",excellence,67.1,74.2,[],False,low,malaysia,asia,"{""academic"": 0.2321, ""leadership"": 0.125, ""olympiad"": 0.125, ""extracurricular"": 0.2679, ""essay"": 0.25}",academic,False,We seek to support outstanding students in engineering who demonstrate commitment to knowledge advancement.,Ideal candidates demonstrate excellence in engineering and commitment to technological advancement.,True,True,False,True,366.67,True,3
SCH_000176,Philippines Mathematics Scholarship,"[""south_africa"", ""usa""]",15,19,"[""high_school"", ""bachelors""]","[""religion"", ""vocational""]","[""mathematics"", ""medicine""]",accredited_b,84.5,55.9,[],False,middle,philippines,asia,"{""academic"": 0.3103, ""leadership"": 0.2328, ""olympiad"": 0.2672, ""extracurricular"": 0.1379, ""essay"": 0.0517}",,False,Our mission is to empower talented individuals from Asia pursuing excellence in mathematics.,We value students who show leadership potential and dedication to cybersecurity.,True,True,True,False,138.61,True,3
SCH_000177,Kenya Chemistry Scholarship,"[""indonesia"", ""egypt"", ""uk"", ""vietnam"", ""morocco"", ""argentina""]",16,21,"[""high_school""]","[""religion""]","[""chemistry"", ""social_sciences""]",private_a,57.6,58.4,"[{""test_type"": ""jlpt"", ""min_score"": 40, ""is_mandatory"": true}]",False,middle,kenya,africa,"{""academic"": 0.2075, ""leadership"": 0.0943, ""olympiad"": 0.283, ""extracurricular"": 0.2453, ""essay"": 0.1698}",,False,Our mission is to empower talented individuals from Africa pursuing excellence in chemistry.,We value students who show leadership potential and dedication to education reform.,False,True,False,False,1389.08,False,1
SCH_000178,Canada Education Scholarship,"[""new_zealand"", ""uk"", ""france""]",15,20,"[""high_school""]","[""vocational""]","[""education""]",accredited_b,73.6,62.3,"[{""test_type"": ""ielts"", ""min_score"": 7.2, ""is_mandatory"": true}]",True,very_low,canada,north_america,"{""academic"": 0.3415, ""leadership"": 0.122, ""olympiad"": 0.3089, ""extracurricular"": 0.065, ""essay"": 0.1626}",government,True,Our mission is to empower talented individuals from North_america pursuing excellence in education.,We are looking for candidates with strong academic records and proven leadership experience.,False,True,False,False,740.65,False,1
SCH_000179,France Biology Scholarship,"[""vietnam"", ""argentina"", ""kenya"", ""philippines"", ""morocco"", ""indonesia""]",16,19,"[""high_school""]","[""science""]","[""biology"", ""chemistry"", ""agriculture""]",public_a,67.1,71.0,[],False,middle,france,europe,"{""academic"": 0.3425, ""leadership"": 0.1096, ""olympiad"": 0.3014, ""extracurricular"": 0.1233, ""essay"": 0.1233}",industry,False,We seek to support outstanding students in biology who demonstrate commitment to knowledge advancement.,We are looking for candidates with strong academic records and proven research experience.,True,True,False,True,1408.22,True,3
SCH_000180,China Chemistry Scholarship,"[""morocco"", ""thailand"", ""usa"", ""south_africa"", ""south_korea"", ""vietnam""]",16,20,"[""high_school""]","[""vocational""]","[""chemistry""]",excellence,57.0,64.8,[],True,upper_middle,china,asia,"{""academic"": 0.3478, ""leadership"": 0.0609, ""olympiad"": 0.2522, ""extracurricular"": 0.113, ""essay"": 0.2261}",industry,False,Our mission is to empower talented individuals from Asia pursuing excellence in chemistry.,Ideal candidates demonstrate excellence in chemistry and commitment to technological advancement.,True,False,True,False,1086.08,False,2
SCH_000181,Canada Physics Scholarship,"[""france"", ""chile"", ""india"", ""vietnam"", ""malaysia"", ""philippines""]",16,20,"[""high_school"", ""bachelors""]","[""social_studies""]","[""physics""]",public_a,74.1,59.9,[],False,upper_middle,canada,north_america,"{""academic"": 0.2483, ""leadership"": 0.1477, ""olympiad"": 0.2483, ""extracurricular"": 0.1812, ""essay"": 0.1745}",,True,This scholarship aims to nurture future leaders in physics with a passion for cybersecurity.,We value students who show leadership potential and dedication to cybersecurity.,True,False,False,True,1759.86,False,2
SCH_000182,Uk Mathematics Scholarship,"[""argentina"", ""south_korea"", ""chile"", ""south_africa""]",17,20,"[""high_school""]","[""science""]","[""mathematics"", ""physics""]",public_a,75.9,77.7,"[{""test_type"": ""toefl"", ""min_score"": 102.3, ""is_mandatory"": false}]",True,upper_middle,uk,europe,"{""academic"": 0.281, ""leadership"": 0.124, ""olympiad"": 0.2562, ""extracurricular"": 0.1405, ""essay"": 0.1983}",,True,Our mission is to empower talented individuals from Europe pursuing excellence in mathematics.,Ideal candidates demonstrate excellence in mathematics and commitment to community service.,True,True,True,True,1935.23,True,4
SCH_000183,New Zealand Engineering Scholarship,"[""vietnam"", ""nigeria""]",16,19,"[""high_school"", ""bachelors""]","[""vocational"", ""religion""]","[""engineering"", ""social_sciences"", ""business"", ""mathematics""]",public_a,75.2,67.9,[],False,middle,new_zealand,oceania,"{""academic"": 0.434, ""leadership"": 0.1132, ""olympiad"": 0.1887, ""extracurricular"": 0.0943, ""essay"": 0.1698}",entrepreneurship,True,We seek to support outstanding students in engineering who demonstrate commitment to societal impact.,Ideal candidates demonstrate excellence in engineering and commitment to community service.,True,True,False,False,718.94,True,2
SCH_000184,New Zealand Physics Scholarship,"[""philippines"", ""netherlands"", ""egypt"", ""india"", ""france"", ""switzerland"", ""new_zealand""]",15,18,"[""high_school""]","[""vocational""]","[""physics"", ""economics"", ""chemistry"", ""computer_science""]",excellence,68.0,79.0,"[{""test_type"": ""delf"", ""min_score"": 40, ""is_mandatory"": false}]",False,low,new_zealand,oceania,"{""academic"": 0.2842, ""leadership"": 0.3053, ""olympiad"": 0.2526, ""extracurricular"": 0.1053, ""essay"": 0.0526}",,True,Our mission is to empower talented individuals from Oceania pursuing excellence in physics.,We value students who show leadership potential and dedication to sustainable agriculture.,False,False,False,True,1063.24,False,1
SCH_000185,Indonesia Computer Science Scholarship,"[""morocco"", ""indonesia""]",15,18,"[""high_school""]","[""religion""]","[""computer_science"", ""arts_humanities"", ""mathematics"", ""economics""]",private_a,75.1,75.5,"[{""test_type"": ""jlpt"", ""min_score"": 40, ""is_mandatory"": true}]",False,upper_middle,indonesia,asia,"{""academic"": 0.3131, ""leadership"": 0.1616, ""olympiad"": 0.2929, ""extracurricular"": 0.0909, ""essay"": 0.1414}",,True,This scholarship aims to nurture future leaders in computer_science with a passion for machine learning.,We are looking for candidates with strong academic records and proven research experience.,False,False,False,False,1569.92,False,0
SCH_000186,Canada Law Scholarship,"[""indonesia"", ""india"", ""usa"", ""south_africa"", ""sweden"", ""morocco"", ""philippines""]",16,20,"[""high_school"", ""bachelors""]","[""vocational""]","[""law""]",private_a,81.8,79.8,"[{""test_type"": ""jlpt"", ""min_score"": 40, ""is_mandatory"": true}]",True,middle,canada,north_america,"{""academic"": 0.2388, ""leadership"": 0.1866, ""olympiad"": 0.2761, ""extracurricular"": 0.1791, ""essay"": 0.1194}",,False,Our mission is to empower talented individuals from North_america pursuing excellence in law.,Ideal candidates demonstrate excellence in law and commitment to community service.,True,True,True,True,570.81,True,4
SCH_000187,Switzerland Agriculture Scholarship,"[""morocco"", ""new_zealand"", ""france"", ""germany"", ""egypt""]",17,22,"[""high_school"", ""bachelors""]","[""social_studies""]","[""agriculture"", ""economics""]",excellence,67.3,65.7,"[{""test_type"": ""ielts"", ""min_score"": 6.6, ""is_mandatory"": false}]",True,upper_middle,switzerland,europe,"{""academic"": 0.2887, ""leadership"": 0.1831, ""olympiad"": 0.2465, ""extracurricular"": 0.1127, ""essay"": 0.169}",ngo_npo,False,We seek to support outstanding students in agriculture who demonstrate commitment to societal impact.,We are looking for candidates with strong academic records and proven research experience.,True,True,False,False,1664.42,True,2
SCH_000188,Usa Engineering Scholarship,"[""indonesia"", ""uk"", ""brazil""]",17,22,"[""high_school""]","[""religion""]","[""engineering""]",private_a,81.6,61.5,"[{""test_type"": ""toefl"", ""min_score"": 106.2, ""is_mandatory"": false}]",True,very_low,usa,north_america,"{""academic"": 0.3103, ""leadership"": 0.1793, ""olympiad"": 0.269, ""extracurricular"": 0.1379, ""essay"": 0.1034}",,False,We seek to support outstanding students in engineering who demonstrate commitment to societal impact.,Ideal candidates demonstrate excellence in engineering and commitment to technological advancement.,False,False,False,False,1104.46,False,0
SCH_000189,Canada Engineering Scholarship,"[""france"", ""india""]",15,19,"[""high_school""]","[""religion"", ""languages""]","[""engineering"", ""law"", ""social_sciences"", ""chemistry""]",excellence,71.7,53.6,"[{""test_type"": ""toefl"", ""min_score"": 95.4, ""is_mandatory"": false}]",False,low,canada,north_america,"{""academic"": 0.186, ""leadership"": 0.2171, ""olympiad"": 0.2636, ""extracurricular"": 0.1318, ""essay"": 0.2016}",,False,Our mission is to empower talented individuals from North_america pursuing excellence in engineering.,We are looking for candidates with strong academic records and proven leadership experience.,True,True,True,False,490.24,True,3
SCH_000190,New Zealand Arts Humanities Scholarship,"[""japan"", ""singapore"", ""vietnam"", ""canada"", ""india"", ""nigeria"", ""uk""]",16,19,"[""high_school""]","[""social_studies""]","[""arts_humanities"", ""education""]",excellence,66.9,60.2,"[{""test_type"": ""toefl"", ""min_score"": 91.1, ""is_mandatory"": false}]",False,middle,new_zealand,oceania,"{""academic"": 0.4, ""leadership"": 0.2316, ""olympiad"": 0.2316, ""extracurricular"": 0.0632, ""essay"": 0.0737}",,True,This scholarship aims to nurture future leaders in arts_humanities with a passion for financial technology.,We value students who show leadership potential and dedication to financial technology.,True,True,True,True,1103.3,True,4
SCH_000191,Nigeria Chemistry Scholarship,"[""thailand"", ""chile"", ""indonesia"", ""morocco"", ""kenya""]",15,19,"[""high_school""]","[""science""]","[""chemistry""]",private_a,62.4,75.4,[],True,upper_middle,nigeria,africa,"{""academic"": 0.2, ""leadership"": 0.2083, ""olympiad"": 0.2417, ""extracurricular"": 0.1917, ""essay"": 0.1583}",,True,This scholarship aims to nurture future leaders in chemistry with a passion for quantum computing.,Ideal candidates demonstrate excellence in chemistry and commitment to community service.,True,True,True,True,1660.75,True,4
SCH_000192,Canada Chemistry Scholarship,"[""south_korea"", ""morocco""]",15,18,"[""high_school"", ""bachelors""]","[""languages"", ""science""]","[""chemistry"", ""economics"", ""medicine"", ""computer_science""]",accredited_b,66.5,63.3,"[{""test_type"": ""ielts"", ""min_score"": 7.3, ""is_mandatory"": true}]",False,low,canada,north_america,"{""academic"": 0.2105, ""leadership"": 0.0632, ""olympiad"": 0.1684, ""extracurricular"": 0.3053, ""essay"": 0.2526}",public_service,False,Our mission is to empower talented individuals from North_america pursuing excellence in chemistry.,Ideal candidates demonstrate excellence in chemistry and commitment to technological advancement.,True,True,True,False,1405.94,True,3
SCH_000193,Canada Physics Scholarship,"[""kenya"", ""south_africa"", ""vietnam"", ""singapore"", ""france"", ""canada"", ""china""]",15,18,"[""high_school"", ""bachelors""]","[""social_studies"", ""religion""]","[""physics"", ""engineering"", ""medicine""]",public_a,69.8,73.5,"[{""test_type"": ""toefl"", ""min_score"": 109.7, ""is_mandatory"": false}]",True,very_low,canada,north_america,"{""academic"": 0.4206, ""leadership"": 0.0748, ""olympiad"": 0.2617, ""extracurricular"": 0.1028, ""essay"": 0.1402}",entrepreneurship,False,This scholarship aims to nurture future leaders in physics with a passion for renewable energy systems.,We value students who show leadership potential and dedication to renewable energy systems.,True,False,False,True,394.1,False,2
SCH_000194,Malaysia Physics Scholarship,"[""uk"", ""usa"", ""malaysia"", ""thailand""]",16,19,"[""high_school"", ""bachelors""]","[""science""]","[""physics"", ""chemistry"", ""agriculture"", ""biology""]",accredited_b,72.4,76.4,[],False,very_low,malaysia,asia,"{""academic"": 0.3218, ""leadership"": 0.2529, ""olympiad"": 0.1264, ""extracurricular"": 0.069, ""essay"": 0.2299}",,False,We seek to support outstanding students in physics who demonstrate commitment to innovation.,Ideal candidates demonstrate excellence in physics and commitment to community service.,True,False,True,True,988.49,False,3
SCH_000195,Argentina Biology Scholarship,"[""new_zealand"", ""germany""]",17,22,"[""high_school"", ""bachelors""]","[""religion"", ""languages""]","[""biology"", ""mathematics""]",private_a,63.6,77.0,"[{""test_type"": ""topik"", ""min_score"": 200, ""is_mandatory"": false}]",False,middle,argentina,south_america,"{""academic"": 0.3629, ""leadership"": 0.2258, ""olympiad"": 0.1452, ""extracurricular"": 0.121, ""essay"": 0.1452}",,False,We seek to support outstanding students in biology who demonstrate commitment to knowledge advancement.,We value students who show leadership potential and dedication to climate change mitigation.,True,True,True,True,533.02,True,4
SCH_000196,Uk Law Scholarship,"[""philippines"", ""south_africa"", ""kenya"", ""south_korea"", ""japan"", ""thailand""]",16,19,"[""high_school""]","[""languages"", ""vocational""]","[""law"", ""economics"", ""arts_humanities""]",private_a,57.6,53.3,"[{""test_type"": ""ielts"", ""min_score"": 6.7, ""is_mandatory"": true}]",False,very_low,uk,europe,"{""academic"": 0.3411, ""leadership"": 0.124, ""olympiad"": 0.2636, ""extracurricular"": 0.093, ""essay"": 0.1783}",academic,False,We seek to support outstanding students in law who demonstrate commitment to innovation.,We value students who show leadership potential and dedication to climate change mitigation.,True,False,False,True,1076.98,False,2
SCH_000197,Indonesia Business Scholarship,"[""kenya"", ""argentina""]",15,19,"[""high_school"", ""bachelors""]","[""languages""]","[""business"", ""physics""]",public_a,62.7,71.6,[],False,upper_middle,indonesia,asia,"{""academic"": 0.2069, ""leadership"": 0.069, ""olympiad"": 0.3017, ""extracurricular"": 0.1724, ""essay"": 0.25}",industry,True,We seek to support outstanding students in business who demonstrate commitment to knowledge advancement.,We value students who show leadership potential and dedication to genomic research.,True,True,True,False,1004.62,True,3
SCH_000198,Sweden Law Scholarship,"[""indonesia"", ""sweden"", ""malaysia"", ""france"", ""vietnam"", ""singapore""]",15,20,"[""high_school"", ""bachelors""]","[""languages"", ""religion""]","[""law"", ""education"", ""business"", ""physics""]",accredited_b,75.8,58.7,"[{""test_type"": ""ielts"", ""min_score"": 6.5, ""is_mandatory"": true}]",False,upper_middle,sweden,europe,"{""academic"": 0.266, ""leadership"": 0.0851, ""olympiad"": 0.2766, ""extracurricular"": 0.1596, ""essay"": 0.2128}",,False,Our mission is to empower talented individuals from Europe pursuing excellence in law.,We value students who show leadership potential and dedication to climate change mitigation.,True,True,True,True,1017.88,True,4
SCH_000199,Morocco Biology Scholarship,"[""uk"", ""south_korea"", ""new_zealand"", ""netherlands""]",16,19,"[""high_school""]","[""science""]","[""biology"", ""computer_science"", ""economics"", ""law""]",public_a,58.5,66.4,"[{""test_type"": ""ielts"", ""min_score"": 7.7, ""is_mandatory"": true}]",False,upper_middle,morocco,africa,"{""academic"": 0.1833, ""leadership"": 0.1917, ""olympiad"": 0.25, ""extracurricular"": 0.1833, ""essay"": 0.1917}",public_service,False,We seek to support outstanding students in biology who demonstrate commitment to knowledge advancement.,We value students who show leadership potential and dedication to genomic research.,True,True,True,False,210.55,True,3
SCH_000200,France Education Scholarship,"[""new_zealand"", ""india"", ""germany"", ""argentina""]",16,20,"[""high_school""]","[""social_studies""]","[""education"", ""agriculture""]",public_a,71.7,62.5,"[{""test_type"": ""ielts"", ""min_score"": 6.2, ""is_mandatory"": true}]",False,upper_middle,france,europe,"{""academic"": 0.4, ""leadership"": 0.1364, ""olympiad"": 0.2364, ""extracurricular"": 0.1273, ""essay"": 0.1}",entrepreneurship,False,Our mission is to empower talented individuals from Europe pursuing excellence in education.,Ideal candidates demonstrate excellence in education and commitment to technological advancement.,True,True,True,True,503.88,True,4
SCH_000201,Argentina Computer Science Scholarship,"[""australia"", ""malaysia"", ""kenya"", ""south_africa"", ""japan"", ""morocco"", ""germany""]",17,21,"[""high_school""]","[""languages"", ""science""]","[""computer_science"", ""physics"", ""business""]",public_a,70.0,57.0,"[{""test_type"": ""topik"", ""min_score"": 200, ""is_mandatory"": true}]",False,very_low,argentina,south_america,"{""academic"": 0.3889, ""leadership"": 0.1746, ""olympiad"": 0.2143, ""extracurricular"": 0.1587, ""essay"": 0.0635}",ngo_npo,False,We seek to support outstanding students in computer_science who demonstrate commitment to innovation.,We are looking for candidates with strong academic records and proven research experience.,True,True,True,False,1841.42,True,3
SCH_000202,Australia Arts Humanities Scholarship,"[""switzerland"", ""south_africa"", ""sweden"", ""france"", ""canada"", ""indonesia"", ""india""]",17,22,"[""high_school""]","[""religion"", ""science""]","[""arts_humanities"", ""economics""]",excellence,74.8,50.6,"[{""test_type"": ""toefl"", ""min_score"": 80.1, ""is_mandatory"": true}]",True,very_low,australia,oceania,"{""academic"": 0.3684, ""leadership"": 0.0752, ""olympiad"": 0.2556, ""extracurricular"": 0.1654, ""essay"": 0.1353}",,True,We seek to support outstanding students in arts_humanities who demonstrate commitment to societal impact.,We value students who show leadership potential and dedication to quantum computing.,False,True,False,False,1025.88,False,1
SCH_000203,Australia Economics Scholarship,"[""india"", ""new_zealand"", ""indonesia"", ""chile""]",15,20,"[""high_school"", ""bachelors""]","[""science"", ""religion""]","[""economics"", ""computer_science"", ""agriculture"", ""arts_humanities""]",accredited_b,58.7,58.5,"[{""test_type"": ""ielts"", ""min_score"": 7.3, ""is_mandatory"": false}]",False,middle,australia,oceania,"{""academic"": 0.4257, ""leadership"": 0.2475, ""olympiad"": 0.099, ""extracurricular"": 0.1287, ""essay"": 0.099}",,False,Our mission is to empower talented individuals from Oceania pursuing excellence in economics.,Ideal candidates demonstrate excellence in economics and commitment to technological advancement.,True,True,False,False,1306.55,True,2
SCH_000204,South Africa Social Sciences Scholarship,"[""vietnam"", ""australia"", ""philippines""]",17,21,"[""high_school"", ""bachelors""]","[""languages""]","[""social_sciences"", ""economics""]",accredited_b,70.8,69.7,"[{""test_type"": ""ielts"", ""min_score"": 7.0, ""is_mandatory"": false}]",False,upper_middle,south_africa,africa,"{""academic"": 0.2424, ""leadership"": 0.2929, ""olympiad"": 0.1414, ""extracurricular"": 0.0707, ""essay"": 0.2525}",public_service,False,We seek to support outstanding students in social_sciences who demonstrate commitment to knowledge advancement.,Ideal candidates demonstrate excellence in social_sciences and commitment to technological advancement.,False,False,True,True,134.83,False,2
SCH_000205,Usa Education Scholarship,"[""malaysia"", ""netherlands"", ""indonesia""]",17,22,"[""high_school"", ""bachelors""]","[""social_studies""]","[""education"", ""biology"", ""economics"", ""mathematics""]",excellence,61.4,66.1,"[{""test_type"": ""toefl"", ""min_score"": 107.4, ""is_mandatory"": true}]",False,middle,usa,north_america,"{""academic"": 0.4274, ""leadership"": 0.1538, ""olympiad"": 0.1111, ""extracurricular"": 0.2051, ""essay"": 0.1026}",government,False,This scholarship aims to nurture future leaders in education with a passion for human-computer interaction.,We value students who show leadership potential and dedication to human-computer interaction.,True,True,False,False,1525.01,True,2
SCH_000206,South Africa Physics Scholarship,"[""morocco"", ""chile"", ""sweden"", ""india"", ""indonesia"", ""france"", ""brazil""]",15,19,"[""high_school""]","[""science""]","[""physics"", ""arts_humanities"", ""computer_science""]",excellence,56.5,58.4,"[{""test_type"": ""ielts"", ""min_score"": 6.6, ""is_mandatory"": true}]",False,low,south_africa,africa,"{""academic"": 0.3223, ""leadership"": 0.1983, ""olympiad"": 0.0992, ""extracurricular"": 0.2479, ""essay"": 0.1322}",ngo_npo,False,Our mission is to empower talented individuals from Africa pursuing excellence in physics.,We value students who show leadership potential and dedication to financial technology.,True,True,True,False,1922.5,True,3
SCH_000207,Australia Mathematics Scholarship,"[""singapore"", ""france"", ""sweden"", ""nigeria"", ""china"", ""canada"", ""new_zealand""]",17,21,"[""high_school"", ""bachelors""]","[""science"", ""social_studies""]","[""mathematics"", ""engineering"", ""social_sciences"", ""medicine""]",excellence,82.8,72.1,[],True,middle,australia,oceania,"{""academic"": 0.237, ""leadership"": 0.1778, ""olympiad"": 0.2519, ""extracurricular"": 0.1926, ""essay"": 0.1407}",government,False,This scholarship aims to nurture future leaders in mathematics with a passion for sustainable agriculture.,Ideal candidates demonstrate excellence in mathematics and commitment to technological advancement.,True,False,False,True,1825.5,False,2
SCH_000208,Canada Engineering Scholarship,"[""japan"", ""sweden""]",16,19,"[""high_school"", ""bachelors""]","[""languages""]","[""engineering"", ""law"", ""economics"", ""agriculture""]",public_a,56.8,56.6,"[{""test_type"": ""toefl"", ""min_score"": 92.0, ""is_mandatory"": true}]",True,very_low,canada,north_america,"{""academic"": 0.3832, ""leadership"": 0.2243, ""olympiad"": 0.1028, ""extracurricular"": 0.1963, ""essay"": 0.0935}",,False,Our mission is to empower talented individuals from North_america pursuing excellence in engineering.,Ideal candidates demonstrate excellence in engineering and commitment to technological advancement.,True,False,False,True,304.24,False,2
SCH_000209,France Physics Scholarship,"[""netherlands"", ""uk"", ""malaysia"", ""japan"", ""chile"", ""brazil"", ""philippines""]",16,20,"[""high_school"", ""bachelors""]","[""science"", ""languages""]","[""physics""]",private_a,71.3,50.8,"[{""test_type"": ""toefl"", ""min_score"": 87.0, ""is_mandatory"": true}]",False,low,france,europe,"{""academic"": 0.2245, ""leadership"": 0.1973, ""olympiad"": 0.2041, ""extracurricular"": 0.2041, ""essay"": 0.1701}",,True,Our mission is to empower talented individuals from Europe pursuing excellence in physics.,Ideal candidates demonstrate excellence in physics and commitment to technological advancement.,True,False,True,False,279.12,False,2
SCH_000210,Brazil Computer Science Scholarship,"[""switzerland"", ""usa"", ""india""]",17,20,"[""high_school"", ""bachelors""]","[""languages""]","[""computer_science"", ""physics"", ""mathematics"", ""law""]",public_a,57.2,58.8,"[{""test_type"": ""ielts"", ""min_score"": 6.8, ""is_mandatory"": false}]",False,low,brazil,south_america,"{""academic"": 0.379, ""leadership"": 0.0726, ""olympiad"": 0.2016, ""extracurricular"": 0.1371, ""essay"": 0.2097}",,False,Our mission is to empower talented individuals from South_america pursuing excellence in computer_science.,We are looking for candidates with strong academic records and proven research experience.,True,True,True,False,1048.48,True,3
SCH_000211,Canada Law Scholarship,"[""morocco"", ""south_korea""]",16,20,"[""high_school"", ""bachelors""]","[""languages""]","[""law"", ""agriculture"", ""biology""]",accredited_b,64.4,58.7,[],False,very_low,canada,north_america,"{""academic"": 0.3984, ""leadership"": 0.1951, ""olympiad"": 0.2033, ""extracurricular"": 0.1301, ""essay"": 0.0732}",,False,We seek to support outstanding students in law who demonstrate commitment to innovation.,We are looking for candidates with strong academic records and proven research experience.,True,False,False,False,1303.32,False,1
SCH_000212,Usa Medicine Scholarship,"[""south_korea"", ""uk"", ""canada"", ""india"", ""indonesia""]",17,22,"[""high_school""]","[""languages""]","[""medicine"", ""agriculture"", ""education"", ""engineering""]",accredited_b,58.4,50.2,"[{""test_type"": ""ielts"", ""min_score"": 7.3, ""is_mandatory"": true}]",False,upper_middle,usa,north_america,"{""academic"": 0.4842, ""leadership"": 0.1263, ""olympiad"": 0.2421, ""extracurricular"": 0.0632, ""essay"": 0.0842}",,False,Our mission is to empower talented individuals from North_america pursuing excellence in medicine.,We are looking for candidates with strong academic records and proven leadership experience.,False,True,False,True,152.91,False,2
SCH_000213,Brazil Arts Humanities Scholarship,"[""canada"", ""usa"", ""malaysia"", ""morocco"", ""japan"", ""france""]",17,20,"[""high_school""]","[""languages""]","[""arts_humanities""]",excellence,62.9,57.8,"[{""test_type"": ""hsk"", ""min_score"": 60, ""is_mandatory"": true}]",False,upper_middle,brazil,south_america,"{""academic"": 0.233, ""leadership"": 0.165, ""olympiad"": 0.3204, ""extracurricular"": 0.1456, ""essay"": 0.1359}",,True,Our mission is to empower talented individuals from South_america pursuing excellence in arts_humanities.,We are looking for candidates with strong academic records and proven research experience.,False,True,True,False,1928.86,False,2
SCH_000214,Brazil Mathematics Scholarship,"[""france"", ""china"", ""thailand"", ""morocco"", ""usa"", ""brazil""]",15,19,"[""high_school"", ""bachelors""]","[""religion""]","[""mathematics"", ""chemistry""]",accredited_b,83.6,59.2,"[{""test_type"": ""toefl"", ""min_score"": 92.7, ""is_mandatory"": true}]",True,middle,brazil,south_america,"{""academic"": 0.313, ""leadership"": 0.1826, ""olympiad"": 0.113, ""extracurricular"": 0.1391, ""essay"": 0.2522}",industry,False,We seek to support outstanding students in mathematics who demonstrate commitment to innovation.,Ideal candidates demonstrate excellence in mathematics and commitment to technological advancement.,True,True,False,False,1705.64,True,2
SCH_000215,Usa Medicine Scholarship,"[""south_africa"", ""philippines"", ""indonesia"", ""egypt"", ""south_korea"", ""switzerland"", ""uk""]",15,18,"[""high_school""]","[""languages""]","[""medicine""]",accredited_b,60.4,70.2,"[{""test_type"": ""ielts"", ""min_score"": 7.3, ""is_mandatory"": true}]",True,upper_middle,usa,north_america,"{""academic"": 0.2, ""leadership"": 0.2182, ""olympiad"": 0.2091, ""extracurricular"": 0.2364, ""essay"": 0.1364}",,False,Our mission is to empower talented individuals from North_america pursuing excellence in medicine.,We are looking for candidates with strong academic records and proven leadership experience.,True,True,True,True,429.75,True,4
SCH_000216,Australia Business Scholarship,"[""nigeria"", ""china"", ""brazil"", ""thailand"", ""south_africa""]",17,20,"[""high_school""]","[""vocational"", ""religion""]","[""business""]",accredited_b,55.9,68.9,"[{""test_type"": ""toefl"", ""min_score"": 96.8, ""is_mandatory"": true}]",False,low,australia,oceania,"{""academic"": 0.378, ""leadership"": 0.1102, ""olympiad"": 0.2913, ""extracurricular"": 0.063, ""essay"": 0.1575}",entrepreneurship,False,This scholarship aims to nurture future leaders in business with a passion for human-computer interaction.,We are looking for candidates with strong academic records and proven research experience.,True,True,False,False,1202.49,True,2
SCH_000217,Egypt Medicine Scholarship,"[""australia"", ""malaysia""]",17,22,"[""high_school""]","[""languages""]","[""medicine"", ""chemistry""]",private_a,62.4,72.7,"[{""test_type"": ""ielts"", ""min_score"": 6.5, ""is_mandatory"": true}]",False,low,egypt,africa,"{""academic"": 0.2222, ""leadership"": 0.119, ""olympiad"": 0.2857, ""extracurricular"": 0.1984, ""essay"": 0.1746}",,False,Our mission is to empower talented individuals from Africa pursuing excellence in medicine.,We value students who show leadership potential and dedication to genomic research.,True,True,False,True,1981.74,True,3
SCH_000218,Egypt Education Scholarship,"[""japan"", ""vietnam"", ""usa"", ""thailand"", ""germany"", ""netherlands""]",17,22,"[""high_school""]","[""religion""]","[""education"", ""arts_humanities""]",accredited_b,58.9,58.4,"[{""test_type"": ""toefl"", ""min_score"": 94.6, ""is_mandatory"": false}]",False,low,egypt,africa,"{""academic"": 0.4286, ""leadership"": 0.0667, ""olympiad"": 0.2095, ""extracurricular"": 0.2381, ""essay"": 0.0571}",,True,We seek to support outstanding students in education who demonstrate commitment to innovation.,We are looking for candidates with strong academic records and proven research experience.,True,True,False,True,242.02,True,3
SCH_000219,Kenya Engineering Scholarship,"[""kenya"", ""canada"", ""india"", ""morocco"", ""chile"", ""nigeria""]",15,19,"[""high_school"", ""bachelors""]","[""languages"", ""science""]","[""engineering"", ""social_sciences"", ""business""]",excellence,79.0,72.7,"[{""test_type"": ""topik"", ""min_score"": 150, ""is_mandatory"": true}]",False,upper_middle,kenya,africa,"{""academic"": 0.2857, ""leadership"": 0.2755, ""olympiad"": 0.1224, ""extracurricular"": 0.2041, ""essay"": 0.1122}",,False,We seek to support outstanding students in engineering who demonstrate commitment to knowledge advancement.,We are looking for candidates with strong academic records and proven research experience.,True,False,False,False,497.95,False,1
SCH_000220,Chile Education Scholarship,"[""argentina"", ""south_korea"", ""japan"", ""brazil"", ""canada"", ""chile""]",15,19,"[""high_school""]","[""science""]","[""education""]",accredited_b,80.1,59.8,"[{""test_type"": ""ielts"", ""min_score"": 7.4, ""is_mandatory"": true}]",False,low,chile,south_america,"{""academic"": 0.2975, ""leadership"": 0.1901, ""olympiad"": 0.1653, ""extracurricular"": 0.2066, ""essay"": 0.1405}",,True,This scholarship aims to nurture future leaders in education with a passion for genomic research.,We value students who show leadership potential and dedication to genomic research.,True,False,True,False,145.47,False,2
SCH_000221,Canada Education Scholarship,"[""sweden"", ""new_zealand""]",17,22,"[""high_school"", ""bachelors""]","[""languages""]","[""education"", ""agriculture"", ""biology"", ""engineering""]",public_a,55.6,64.7,[],True,middle,canada,north_america,"{""academic"": 0.2588, ""leadership"": 0.2235, ""olympiad"": 0.3059, ""extracurricular"": 0.1529, ""essay"": 0.0588}",entrepreneurship,False,Our mission is to empower talented individuals from North_america pursuing excellence in education.,We value students who show leadership potential and dedication to artificial intelligence.,True,False,True,True,1110.74,False,3
SCH_000222,New Zealand Computer Science Scholarship,"[""south_korea"", ""new_zealand"", ""france"", ""china"", ""kenya"", ""chile"", ""vietnam""]",16,20,"[""high_school"", ""bachelors""]","[""vocational"", ""social_studies""]","[""computer_science"", ""social_sciences"", ""business"", ""engineering""]",private_a,68.0,56.7,"[{""test_type"": ""ielts"", ""min_score"": 7.8, ""is_mandatory"": false}]",False,middle,new_zealand,oceania,"{""academic"": 0.3765, ""leadership"": 0.0941, ""olympiad"": 0.2118, ""extracurricular"": 0.2118, ""essay"": 0.1059}",industry,False,Our mission is to empower talented individuals from Oceania pursuing excellence in computer_science.,Ideal candidates demonstrate excellence in computer_science and commitment to community service.,True,True,False,True,1777.68,True,3
SCH_000223,Usa Mathematics Scholarship,"[""argentina"", ""vietnam"", ""switzerland"", ""germany"", ""nigeria"", ""new_zealand""]",15,20,"[""high_school""]","[""religion""]","[""mathematics"", ""business"", ""computer_science"", ""physics""]",public_a,64.9,57.5,"[{""test_type"": ""toefl"", ""min_score"": 103.9, ""is_mandatory"": true}]",True,very_low,usa,north_america,"{""academic"": 0.2182, ""leadership"": 0.1455, ""olympiad"": 0.2636, ""extracurricular"": 0.2182, ""essay"": 0.1545}",public_service,False,Our mission is to empower talented individuals from North_america pursuing excellence in mathematics.,We are looking for candidates with strong academic records and proven research experience.,True,True,True,False,1444.43,True,3
SCH_000224,Sweden Chemistry Scholarship,"[""china"", ""nigeria"", ""morocco"", ""egypt""]",17,21,"[""high_school""]","[""languages"", ""social_studies""]","[""chemistry""]",public_a,75.9,79.1,"[{""test_type"": ""toefl"", ""min_score"": 102.9, ""is_mandatory"": false}]",False,upper_middle,sweden,europe,"{""academic"": 0.352, ""leadership"": 0.056, ""olympiad"": 0.296, ""extracurricular"": 0.184, ""essay"": 0.112}",,False,Our mission is to empower talented individuals from Europe pursuing excellence in chemistry.,Ideal candidates demonstrate excellence in chemistry and commitment to community service.,True,True,True,False,190.53,True,3
SCH_000225,China Arts Humanities Scholarship,"[""netherlands"", ""singapore"", ""brazil""]",17,20,"[""high_school""]","[""religion"", ""social_studies""]","[""arts_humanities""]",public_a,60.8,72.1,"[{""test_type"": ""hsk"", ""min_score"": 60, ""is_mandatory"": true}]",False,middle,china,asia,"{""academic"": 0.202, ""leadership"": 0.2525, ""olympiad"": 0.202, ""extracurricular"": 0.1616, ""essay"": 0.1818}",government,False,This scholarship aims to nurture future leaders in arts_humanities with a passion for education reform.,We value students who show leadership potential and dedication to education reform.,False,True,False,False,1142.5,False,1
SCH_000226,Thailand Social Sciences Scholarship,"[""netherlands"", ""malaysia"", ""new_zealand"", ""egypt"", ""sweden"", ""japan"", ""philippines""]",15,19,"[""high_school"", ""bachelors""]","[""social_studies"", ""science""]","[""social_sciences""]",excellence,65.5,59.5,"[{""test_type"": ""ielts"", ""min_score"": 6.9, ""is_mandatory"": false}]",False,upper_middle,thailand,asia,"{""academic"": 0.325, ""leadership"": 0.2167, ""olympiad"": 0.2083, ""extracurricular"": 0.1167, ""essay"": 0.1333}",government,False,We seek to support outstanding students in social_sciences who demonstrate commitment to societal impact.,We are looking for candidates with strong academic records and proven leadership experience.,True,True,False,False,425.57,True,2
SCH_000227,Morocco Chemistry Scholarship,"[""netherlands"", ""singapore""]",16,21,"[""high_school"", ""bachelors""]","[""religion"", ""vocational""]","[""chemistry""]",public_a,72.2,59.4,[],False,upper_middle,morocco,africa,"{""academic"": 0.1736, ""leadership"": 0.2397, ""olympiad"": 0.2727, ""extracurricular"": 0.157, ""essay"": 0.157}",,False,We seek to support outstanding students in chemistry who demonstrate commitment to societal impact.,We are looking for candidates with strong academic records and proven research experience.,False,True,False,False,215.6,False,1
SCH_000228,New Zealand Physics Scholarship,"[""uk"", ""sweden""]",16,20,"[""high_school""]","[""vocational"", ""languages""]","[""physics"", ""business"", ""engineering""]",private_a,62.8,67.2,"[{""test_type"": ""ielts"", ""min_score"": 6.2, ""is_mandatory"": false}]",False,very_low,new_zealand,oceania,"{""academic"": 0.2368, ""leadership"": 0.2544, ""olympiad"": 0.1667, ""extracurricular"": 0.0965, ""essay"": 0.2456}",public_service,False,This scholarship aims to nurture future leaders in physics with a passion for quantum computing.,Ideal candidates demonstrate excellence in physics and commitment to technological advancement.,True,False,True,False,1038.81,False,2
SCH_000229,Chile Physics Scholarship,"[""brazil"", ""germany"", ""thailand"", ""morocco"", ""south_korea"", ""switzerland""]",15,19,"[""high_school"", ""bachelors""]","[""social_studies"", ""religion""]","[""physics""]",excellence,65.2,67.4,[],False,low,chile,south_america,"{""academic"": 0.4174, ""leadership"": 0.0957, ""olympiad"": 0.2783, ""extracurricular"": 0.1565, ""essay"": 0.0522}",,True,Our mission is to empower talented individuals from South_america pursuing excellence in physics.,We value students who show leadership potential and dedication to sustainable agriculture.,True,False,False,False,87.4,False,1
SCH_000230,Canada Biology Scholarship,"[""south_africa"", ""brazil"", ""south_korea"", ""egypt"", ""singapore""]",15,19,"[""high_school""]","[""social_studies""]","[""biology"", ""computer_science"", ""arts_humanities""]",excellence,75.4,77.3,[],True,upper_middle,canada,north_america,"{""academic"": 0.2707, ""leadership"": 0.2105, ""olympiad"": 0.2406, ""extracurricular"": 0.203, ""essay"": 0.0752}",academic,True,We seek to support outstanding students in biology who demonstrate commitment to societal impact.,We value students who show leadership potential and dedication to human-computer interaction.,True,True,False,False,404.08,True,2
SCH_000231,Chile Engineering Scholarship,"[""uk"", ""usa"", ""singapore"", ""switzerland"", ""egypt"", ""morocco"", ""japan""]",15,20,"[""high_school"", ""bachelors""]","[""religion""]","[""engineering"", ""computer_science"", ""law""]",excellence,58.4,62.6,[],False,upper_middle,chile,south_america,"{""academic"": 0.3868, ""leadership"": 0.0566, ""olympiad"": 0.1981, ""extracurricular"": 0.1415, ""essay"": 0.217}",,False,Our mission is to empower talented individuals from South_america pursuing excellence in engineering.,We are looking for candidates with strong academic records and proven research experience.,True,True,False,False,1932.48,True,2
SCH_000232,Indonesia Law Scholarship,"[""switzerland"", ""thailand"", ""india"", ""sweden"", ""singapore""]",16,21,"[""high_school"", ""bachelors""]","[""science""]","[""law"", ""engineering"", ""education""]",public_a,60.3,68.9,"[{""test_type"": ""hsk"", ""min_score"": 80, ""is_mandatory"": true}]",False,low,indonesia,asia,"{""academic"": 0.2063, ""leadership"": 0.1667, ""olympiad"": 0.254, ""extracurricular"": 0.1587, ""essay"": 0.2143}",academic,False,This scholarship aims to nurture future leaders in law with a passion for machine learning.,We are looking for candidates with strong academic records and proven research experience.,True,True,False,False,1694.85,True,2
SCH_000233,South Korea Law Scholarship,"[""kenya"", ""chile"", ""france"", ""switzerland"", ""india"", ""malaysia"", ""japan""]",15,18,"[""high_school""]","[""vocational""]","[""law"", ""biology"", ""agriculture""]",private_a,59.8,64.7,"[{""test_type"": ""toefl"", ""min_score"": 83.3, ""is_mandatory"": true}]",False,low,south_korea,asia,"{""academic"": 0.2385, ""leadership"": 0.2569, ""olympiad"": 0.3119, ""extracurricular"": 0.1101, ""essay"": 0.0826}",public_service,False,Our mission is to empower talented individuals from Asia pursuing excellence in law.,We value students who show leadership potential and dedication to quantum computing.,True,False,False,False,1448.73,False,1
SCH_000234,Australia Medicine Scholarship,"[""chile"", ""switzerland"", ""south_africa"", ""india"", ""south_korea"", ""thailand""]",15,18,"[""high_school""]","[""science"", ""vocational""]","[""medicine"", ""economics"", ""biology""]",private_a,60.1,69.0,"[{""test_type"": ""ielts"", ""min_score"": 6.5, ""is_mandatory"": true}]",False,low,australia,oceania,"{""academic"": 0.3148, ""leadership"": 0.1296, ""olympiad"": 0.2593, ""extracurricular"": 0.0833, ""essay"": 0.213}",public_service,True,Our mission is to empower talented individuals from Oceania pursuing excellence in medicine.,Ideal candidates demonstrate excellence in medicine and commitment to technological advancement.,True,False,False,False,684.34,False,1
SCH_000235,India Medicine Scholarship,"[""indonesia"", ""philippines"", ""malaysia"", ""india""]",17,22,"[""high_school"", ""bachelors""]","[""religion""]","[""medicine"", ""agriculture""]",private_a,81.2,79.3,"[{""test_type"": ""ielts"", ""min_score"": 7.6, ""is_mandatory"": true}]",False,middle,india,asia,"{""academic"": 0.4, ""leadership"": 0.2333, ""olympiad"": 0.2167, ""extracurricular"": 0.075, ""essay"": 0.075}",,True,This scholarship aims to nurture future leaders in medicine with a passion for public health policy.,We are looking for candidates with strong academic records and proven research experience.,True,False,False,False,1335.49,False,1
SCH_000236,New Zealand Business Scholarship,"[""france"", ""japan"", ""south_africa"", ""usa"", ""switzerland"", ""philippines""]",15,18,"[""high_school"", ""bachelors""]","[""religion"", ""science""]","[""business"", ""medicine""]",public_a,85.0,53.4,"[{""test_type"": ""ielts"", ""min_score"": 7.7, ""is_mandatory"": true}]",False,upper_middle,new_zealand,oceania,"{""academic"": 0.3103, ""leadership"": 0.1638, ""olympiad"": 0.3276, ""extracurricular"": 0.1207, ""essay"": 0.0776}",academic,False,Our mission is to empower talented individuals from Oceania pursuing excellence in business.,Ideal candidates demonstrate excellence in business and commitment to technological advancement.,False,True,False,True,573.23,False,2
SCH_000237,Usa Economics Scholarship,"[""new_zealand"", ""usa"", ""nigeria"", ""chile""]",15,18,"[""high_school"", ""bachelors""]","[""science"", ""social_studies""]","[""economics""]",private_a,64.8,70.4,[],False,low,usa,north_america,"{""academic"": 0.2558, ""leadership"": 0.1628, ""olympiad"": 0.3023, ""extracurricular"": 0.0698, ""essay"": 0.2093}",ngo_npo,False,We seek to support outstanding students in economics who demonstrate commitment to innovation.,Ideal candidates demonstrate excellence in economics and commitment to technological advancement.,True,True,False,False,318.28,True,2
SCH_000238,Canada Chemistry Scholarship,"[""sweden"", ""china"", ""south_africa"", ""india"", ""argentina"", ""south_korea"", ""indonesia""]",15,20,"[""high_school""]","[""science""]","[""chemistry"", ""economics"", ""biology""]",private_a,84.9,76.1,[],False,middle,canada,north_america,"{""academic"": 0.3594, ""leadership"": 0.0625, ""olympiad"": 0.2031, ""extracurricular"": 0.1797, ""essay"": 0.1953}",government,False,This scholarship aims to nurture future leaders in chemistry with a passion for cybersecurity.,Ideal candidates demonstrate excellence in chemistry and commitment to community service.,True,False,False,False,742.39,False,1
SCH_000239,New Zealand Physics Scholarship,"[""china"", ""germany""]",15,19,"[""high_school""]","[""vocational"", ""religion""]","[""physics"", ""economics"", ""computer_science""]",accredited_b,76.5,72.5,"[{""test_type"": ""ielts"", ""min_score"": 7.6, ""is_mandatory"": true}]",False,low,new_zealand,oceania,"{""academic"": 0.301, ""leadership"": 0.2621, ""olympiad"": 0.1165, ""extracurricular"": 0.1165, ""essay"": 0.2039}",,False,This scholarship aims to nurture future leaders in physics with a passion for sustainable agriculture.,We value students who show leadership potential and dedication to sustainable agriculture.,False,False,True,False,1591.83,False,1
SCH_000240,Japan Medicine Scholarship,"[""philippines"", ""kenya"", ""new_zealand"", ""china"", ""canada"", ""singapore""]",17,20,"[""high_school""]","[""languages"", ""science""]","[""medicine"", ""business"", ""arts_humanities""]",accredited_b,80.3,79.2,[],False,low,japan,asia,"{""academic"": 0.3129, ""leadership"": 0.0748, ""olympiad"": 0.2449, ""extracurricular"": 0.2041, ""essay"": 0.1633}",,False,This scholarship aims to nurture future leaders in medicine with a passion for sustainable agriculture.,We value students who show leadership potential and dedication to sustainable agriculture.,False,True,True,False,513.21,False,2
SCH_000241,Chile Arts Humanities Scholarship,"[""australia"", ""malaysia""]",16,20,"[""high_school"", ""bachelors""]","[""languages""]","[""arts_humanities"", ""social_sciences"", ""business"", ""mathematics""]",private_a,63.5,53.9,"[{""test_type"": ""jlpt"", ""min_score"": 60, ""is_mandatory"": false}]",True,upper_middle,chile,south_america,"{""academic"": 0.2414, ""leadership"": 0.1931, ""olympiad"": 0.2345, ""extracurricular"": 0.1379, ""essay"": 0.1931}",,True,We seek to support outstanding students in arts_humanities who demonstrate commitment to innovation.,We are looking for candidates with strong academic records and proven research experience.,True,True,True,True,218.42,True,4
SCH_000242,Usa Engineering Scholarship,"[""malaysia"", ""usa"", ""sweden"", ""kenya""]",15,18,"[""high_school"", ""bachelors""]","[""religion"", ""vocational""]","[""engineering"", ""economics"", ""law"", ""education""]",accredited_b,60.1,59.2,"[{""test_type"": ""jlpt"", ""min_score"": 40, ""is_mandatory"": true}]",True,low,usa,north_america,"{""academic"": 0.3197, ""leadership"": 0.0738, ""olympiad"": 0.3115, ""extracurricular"": 0.0902, ""essay"": 0.2049}",,False,Our mission is to empower talented individuals from North_america pursuing excellence in engineering.,Ideal candidates demonstrate excellence in engineering and commitment to technological advancement.,True,False,True,False,387.78,False,2
SCH_000243,Vietnam Medicine Scholarship,"[""new_zealand"", ""indonesia""]",15,20,"[""high_school""]","[""languages""]","[""medicine"", ""economics"", ""social_sciences""]",excellence,73.2,74.5,[],False,very_low,vietnam,asia,"{""academic"": 0.3455, ""leadership"": 0.2273, ""olympiad"": 0.1727, ""extracurricular"": 0.1455, ""essay"": 0.1091}",,True,We seek to support outstanding students in medicine who demonstrate commitment to innovation.,Ideal candidates demonstrate excellence in medicine and commitment to community service.,True,True,False,False,388.56,True,2
SCH_000244,Canada Arts Humanities Scholarship,"[""germany"", ""usa"", ""netherlands""]",17,20,"[""high_school""]","[""science"", ""social_studies""]","[""arts_humanities"", ""social_sciences"", ""economics"", ""agriculture""]",excellence,81.1,65.2,[],False,very_low,canada,north_america,"{""academic"": 0.3125, ""leadership"": 0.2232, ""olympiad"": 0.25, ""extracurricular"": 0.1696, ""essay"": 0.0446}",entrepreneurship,True,We seek to support outstanding students in arts_humanities who demonstrate commitment to societal impact.,We are looking for candidates with strong academic records and proven leadership experience.,True,True,True,True,356.68,True,4
SCH_000245,Usa Computer Science Scholarship,"[""morocco"", ""sweden"", ""france"", ""south_korea"", ""germany"", ""kenya""]",17,20,"[""high_school""]","[""religion"", ""social_studies""]","[""computer_science"", ""education""]",private_a,83.6,54.7,"[{""test_type"": ""toefl"", ""min_score"": 81.1, ""is_mandatory"": true}]",False,middle,usa,north_america,"{""academic"": 0.3609, ""leadership"": 0.1203, ""olympiad"": 0.2857, ""extracurricular"": 0.0526, ""essay"": 0.1805}",,False,This scholarship aims to nurture future leaders in computer_science with a passion for public health policy.,We are looking for candidates with strong academic records and proven research experience.,False,True,False,True,1846.42,False,2
SCH_000246,Canada Computer Science Scholarship,"[""australia"", ""south_africa"", ""thailand"", ""switzerland"", ""south_korea""]",17,22,"[""high_school""]","[""languages""]","[""computer_science"", ""mathematics"", ""physics""]",private_a,55.0,62.8,"[{""test_type"": ""toefl"", ""min_score"": 83.7, ""is_mandatory"": true}]",True,low,canada,north_america,"{""academic"": 0.2889, ""leadership"": 0.1185, ""olympiad"": 0.2222, ""extracurricular"": 0.163, ""essay"": 0.2074}",industry,True,We seek to support outstanding students in computer_science who demonstrate commitment to societal impact.,We value students who show leadership potential and dedication to human-computer interaction.,True,False,False,True,1300.34,False,2
SCH_000247,China Agriculture Scholarship,"[""japan"", ""new_zealand"", ""india"", ""france"", ""morocco""]",17,20,"[""high_school"", ""bachelors""]","[""science""]","[""agriculture""]",accredited_b,58.1,73.0,"[{""test_type"": ""toefl"", ""min_score"": 95.6, ""is_mandatory"": true}]",False,very_low,china,asia,"{""academic"": 0.2828, ""leadership"": 0.2323, ""olympiad"": 0.2323, ""extracurricular"": 0.1616, ""essay"": 0.0909}",,False,Our mission is to empower talented individuals from Asia pursuing excellence in agriculture.,We are looking for candidates with strong academic records and proven leadership experience.,False,True,False,False,1451.93,False,1
SCH_000248,Chile Mathematics Scholarship,"[""singapore"", ""canada"", ""thailand"", ""south_korea""]",16,19,"[""high_school"", ""bachelors""]","[""religion""]","[""mathematics"", ""physics""]",excellence,56.0,77.5,"[{""test_type"": ""ielts"", ""min_score"": 7.6, ""is_mandatory"": false}]",False,upper_middle,chile,south_america,"{""academic"": 0.3727, ""leadership"": 0.0727, ""olympiad"": 0.2455, ""extracurricular"": 0.1091, ""essay"": 0.2}",government,False,This scholarship aims to nurture future leaders in mathematics with a passion for quantum computing.,We value students who show leadership potential and dedication to quantum computing.,True,True,True,False,825.14,True,3
SCH_000249,Usa Physics Scholarship,"[""kenya"", ""japan"", ""malaysia"", ""brazil""]",16,20,"[""high_school""]","[""social_studies""]","[""physics"", ""mathematics""]",public_a,84.5,75.7,"[{""test_type"": ""delf"", ""min_score"": 40, ""is_mandatory"": true}]",False,middle,usa,north_america,"{""academic"": 0.4105, ""leadership"": 0.1053, ""olympiad"": 0.1684, ""extracurricular"": 0.0737, ""essay"": 0.2421}",ngo_npo,False,This scholarship aims to nurture future leaders in physics with a passion for quantum computing.,We are looking for candidates with strong academic records and proven research experience.,True,True,False,False,1406.98,True,2
SCH_000250,Usa Chemistry Scholarship,"[""france"", ""vietnam""]",16,19,"[""high_school""]","[""languages"", ""science""]","[""chemistry"", ""medicine"", ""arts_humanities"", ""engineering""]",excellence,63.5,75.0,[],False,upper_middle,usa,north_america,"{""academic"": 0.4608, ""leadership"": 0.0882, ""olympiad"": 0.1863, ""extracurricular"": 0.1765, ""essay"": 0.0882}",public_service,False,Our mission is to empower talented individuals from North_america pursuing excellence in chemistry.,We are looking for candidates with strong academic records and proven leadership experience.,True,True,True,False,1601.56,True,3
SCH_000251,Germany Agriculture Scholarship,"[""south_africa"", ""china"", ""japan"", ""new_zealand""]",16,20,"[""high_school"", ""bachelors""]","[""social_studies""]","[""agriculture"", ""law"", ""mathematics"", ""physics""]",excellence,74.0,50.4,"[{""test_type"": ""ielts"", ""min_score"": 7.6, ""is_mandatory"": true}]",False,upper_middle,germany,europe,"{""academic"": 0.3805, ""leadership"": 0.2212, ""olympiad"": 0.2212, ""extracurricular"": 0.0973, ""essay"": 0.0796}",,False,This scholarship aims to nurture future leaders in agriculture with a passion for climate change mitigation.,We value students who show leadership potential and dedication to climate change mitigation.,True,True,False,False,1370.05,True,2
SCH_000252,Japan Chemistry Scholarship,"[""france"", ""philippines"", ""malaysia""]",17,22,"[""high_school"", ""bachelors""]","[""languages"", ""science""]","[""chemistry"", ""agriculture"", ""physics"", ""computer_science""]",accredited_b,76.3,60.4,"[{""test_type"": ""ielts"", ""min_score"": 6.0, ""is_mandatory"": true}]",False,upper_middle,japan,asia,"{""academic"": 0.31, ""leadership"": 0.16, ""olympiad"": 0.19, ""extracurricular"": 0.24, ""essay"": 0.1}",government,False,This scholarship aims to nurture future leaders in chemistry with a passion for quantum computing.,Ideal candidates demonstrate excellence in chemistry and commitment to technological advancement.,True,True,True,False,990.06,True,3
SCH_000253,France Chemistry Scholarship,"[""brazil"", ""china""]",17,22,"[""high_school"", ""bachelors""]","[""vocational""]","[""chemistry"", ""agriculture"", ""physics""]",public_a,81.3,54.4,"[{""test_type"": ""hsk"", ""min_score"": 80, ""is_mandatory"": true}]",False,low,france,europe,"{""academic"": 0.1797, ""leadership"": 0.1953, ""olympiad"": 0.3047, ""extracurricular"": 0.1875, ""essay"": 0.1328}",entrepreneurship,False,This scholarship aims to nurture future leaders in chemistry with a passion for cybersecurity.,We are looking for candidates with strong academic records and proven research experience.,False,True,False,False,760.5,False,1
SCH_000254,France Mathematics Scholarship,"[""usa"", ""india""]",15,18,"[""high_school""]","[""vocational"", ""science""]","[""mathematics""]",accredited_b,70.7,76.2,"[{""test_type"": ""ielts"", ""min_score"": 6.4, ""is_mandatory"": true}]",False,very_low,france,europe,"{""academic"": 0.3121, ""leadership"": 0.0638, ""olympiad"": 0.2837, ""extracurricular"": 0.1348, ""essay"": 0.2057}",academic,False,Our mission is to empower talented individuals from Europe pursuing excellence in mathematics.,We are looking for candidates with strong academic records and proven research experience.,True,False,False,False,1680.86,False,1
SCH_000255,Egypt Agriculture Scholarship,"[""canada"", ""kenya"", ""egypt""]",17,20,"[""high_school""]","[""science""]","[""agriculture"", ""medicine""]",public_a,70.6,70.1,[],True,very_low,egypt,africa,"{""academic"": 0.3333, ""leadership"": 0.1587, ""olympiad"": 0.1984, ""extracurricular"": 0.1349, ""essay"": 0.1746}",industry,False,Our mission is to empower talented individuals from Africa pursuing excellence in agriculture.,We value students who show leadership potential and dedication to renewable energy systems.,True,True,True,False,1205.06,True,3
SCH_000256,South Africa Business Scholarship,"[""egypt"", ""new_zealand""]",16,20,"[""high_school""]","[""religion""]","[""business"", ""engineering"", ""physics"", ""chemistry""]",private_a,71.0,60.5,"[{""test_type"": ""toefl"", ""min_score"": 94.2, ""is_mandatory"": true}]",True,low,south_africa,africa,"{""academic"": 0.3636, ""leadership"": 0.0649, ""olympiad"": 0.2338, ""extracurricular"": 0.2468, ""essay"": 0.0909}",entrepreneurship,False,We seek to support outstanding students in business who demonstrate commitment to knowledge advancement.,Ideal candidates demonstrate excellence in business and commitment to technological advancement.,True,True,True,False,1979.44,True,3
SCH_000257,Canada Physics Scholarship,"[""japan"", ""new_zealand""]",16,21,"[""high_school"", ""bachelors""]","[""religion""]","[""physics"", ""arts_humanities""]",private_a,71.5,74.0,[],False,low,canada,north_america,"{""academic"": 0.3188, ""leadership"": 0.1594, ""olympiad"": 0.2174, ""extracurricular"": 0.1884, ""essay"": 0.1159}",industry,True,Our mission is to empower talented individuals from North_america pursuing excellence in physics.,Ideal candidates demonstrate excellence in physics and commitment to community service.,True,False,False,False,1639.19,False,1
SCH_000258,Nigeria Physics Scholarship,"[""usa"", ""india"", ""morocco"", ""argentina"", ""uk"", ""new_zealand""]",16,19,"[""high_school""]","[""vocational""]","[""physics"", ""mathematics"", ""education"", ""engineering""]",private_a,69.4,74.5,"[{""test_type"": ""ielts"", ""min_score"": 6.8, ""is_mandatory"": true}]",False,middle,nigeria,africa,"{""academic"": 0.3386, ""leadership"": 0.126, ""olympiad"": 0.1732, ""extracurricular"": 0.1417, ""essay"": 0.2205}",,False,This scholarship aims to nurture future leaders in physics with a passion for human-computer interaction.,We are looking for candidates with strong academic records and proven leadership experience.,False,False,True,True,1637.02,False,2
SCH_000259,Nigeria Economics Scholarship,"[""kenya"", ""malaysia""]",17,20,"[""high_school"", ""bachelors""]","[""science"", ""religion""]","[""economics"", ""social_sciences""]",public_a,83.0,79.6,[],False,middle,nigeria,africa,"{""academic"": 0.3902, ""leadership"": 0.2114, ""olympiad"": 0.1138, ""extracurricular"": 0.0732, ""essay"": 0.2114}",industry,False,We seek to support outstanding students in economics who demonstrate commitment to knowledge advancement.,Ideal candidates demonstrate excellence in economics and commitment to community service.,True,True,True,False,1875.59,True,3
SCH_000260,Brazil Social Sciences Scholarship,"[""australia"", ""uk"", ""usa"", ""china""]",16,21,"[""high_school""]","[""science""]","[""social_sciences"", ""biology"", ""law""]",private_a,56.1,65.2,[],True,very_low,brazil,south_america,"{""academic"": 0.3504, ""leadership"": 0.146, ""olympiad"": 0.0949, ""extracurricular"": 0.219, ""essay"": 0.1898}",,True,This scholarship aims to nurture future leaders in social_sciences with a passion for machine learning.,We are looking for candidates with strong academic records and proven research experience.,True,True,False,False,1782.84,True,2
SCH_000261,Nigeria Mathematics Scholarship,"[""south_africa"", ""france"", ""switzerland"", ""vietnam"", ""argentina""]",17,20,"[""high_school""]","[""science"", ""vocational""]","[""mathematics""]",private_a,73.6,62.5,"[{""test_type"": ""ielts"", ""min_score"": 6.3, ""is_mandatory"": true}]",False,upper_middle,nigeria,africa,"{""academic"": 0.303, ""leadership"": 0.0758, ""olympiad"": 0.2955, ""extracurricular"": 0.1818, ""essay"": 0.1439}",academic,False,Our mission is to empower talented individuals from Africa pursuing excellence in mathematics.,We are looking for candidates with strong academic records and proven leadership experience.,True,True,False,False,277.94,True,2
SCH_000262,Morocco Economics Scholarship,"[""usa"", ""vietnam"", ""nigeria"", ""brazil""]",17,22,"[""high_school"", ""bachelors""]","[""languages""]","[""economics""]",excellence,79.3,67.4,[],False,low,morocco,africa,"{""academic"": 0.4141, ""leadership"": 0.202, ""olympiad"": 0.1414, ""extracurricular"": 0.1616, ""essay"": 0.0808}",ngo_npo,True,Our mission is to empower talented individuals from Africa pursuing excellence in economics.,We are looking for candidates with strong academic records and proven research experience.,False,True,True,True,294.45,False,3
SCH_000263,Chile Business Scholarship,"[""malaysia"", ""switzerland""]",16,19,"[""high_school""]","[""religion"", ""languages""]","[""business"", ""arts_humanities"", ""agriculture""]",accredited_b,61.4,56.0,"[{""test_type"": ""toefl"", ""min_score"": 96.9, ""is_mandatory"": true}]",True,upper_middle,chile,south_america,"{""academic"": 0.2803, ""leadership"": 0.2121, ""olympiad"": 0.2803, ""extracurricular"": 0.1894, ""essay"": 0.0379}",,False,We seek to support outstanding students in business who demonstrate commitment to knowledge advancement.,We value students who show leadership potential and dedication to genomic research.,False,True,False,True,1607.45,False,2
SCH_000264,Nigeria Mathematics Scholarship,"[""usa"", ""uk"", ""new_zealand""]",17,22,"[""high_school""]","[""social_studies"", ""science""]","[""mathematics"", ""chemistry"", ""education""]",private_a,66.0,53.5,"[{""test_type"": ""ielts"", ""min_score"": 6.2, ""is_mandatory"": true}]",True,upper_middle,nigeria,africa,"{""academic"": 0.4098, ""leadership"": 0.0738, ""olympiad"": 0.2295, ""extracurricular"": 0.1066, ""essay"": 0.1803}",public_service,True,This scholarship aims to nurture future leaders in mathematics with a passion for sustainable agriculture.,We value students who show leadership potential and dedication to sustainable agriculture.,False,True,False,False,1993.87,False,1
SCH_000265,Thailand Economics Scholarship,"[""egypt"", ""chile"", ""malaysia"", ""kenya"", ""germany""]",17,22,"[""high_school"", ""bachelors""]","[""vocational"", ""social_studies""]","[""economics"", ""chemistry""]",excellence,78.7,70.9,"[{""test_type"": ""topik"", ""min_score"": 200, ""is_mandatory"": true}]",False,upper_middle,thailand,asia,"{""academic"": 0.2231, ""leadership"": 0.1901, ""olympiad"": 0.2562, ""extracurricular"": 0.1653, ""essay"": 0.1653}",industry,False,This scholarship aims to nurture future leaders in economics with a passion for quantum computing.,Ideal candidates demonstrate excellence in economics and commitment to community service.,False,True,True,False,162.54,False,2
SCH_000266,Morocco Engineering Scholarship,"[""indonesia"", ""germany"", ""singapore"", ""new_zealand""]",17,21,"[""high_school""]","[""science""]","[""engineering"", ""business"", ""arts_humanities""]",public_a,82.2,75.2,"[{""test_type"": ""ielts"", ""min_score"": 6.7, ""is_mandatory"": true}]",True,upper_middle,morocco,africa,"{""academic"": 0.2476, ""leadership"": 0.219, ""olympiad"": 0.2571, ""extracurricular"": 0.0667, ""essay"": 0.2095}",entrepreneurship,False,Our mission is to empower talented individuals from Africa pursuing excellence in engineering.,We value students who show leadership potential and dedication to sustainable agriculture.,True,False,True,False,1395.73,False,2
SCH_000267,Canada Economics Scholarship,"[""kenya"", ""japan"", ""france""]",16,20,"[""high_school"", ""bachelors""]","[""religion"", ""languages""]","[""economics""]",public_a,81.9,59.9,"[{""test_type"": ""toefl"", ""min_score"": 92.4, ""is_mandatory"": true}]",False,very_low,canada,north_america,"{""academic"": 0.3721, ""leadership"": 0.1705, ""olympiad"": 0.2868, ""extracurricular"": 0.124, ""essay"": 0.0465}",,False,We seek to support outstanding students in economics who demonstrate commitment to innovation.,Ideal candidates demonstrate excellence in economics and commitment to community service.,True,True,True,True,1732.74,True,4
SCH_000268,New Zealand Law Scholarship,"[""india"", ""south_korea"", ""vietnam"", ""australia""]",17,20,"[""high_school""]","[""vocational"", ""science""]","[""law"", ""medicine"", ""agriculture"", ""mathematics""]",public_a,63.2,63.4,"[{""test_type"": ""ielts"", ""min_score"": 6.4, ""is_mandatory"": true}]",False,middle,new_zealand,oceania,"{""academic"": 0.377, ""leadership"": 0.0738, ""olympiad"": 0.2787, ""extracurricular"": 0.123, ""essay"": 0.1475}",,False,Our mission is to empower talented individuals from Oceania pursuing excellence in law.,We are looking for candidates with strong academic records and proven leadership experience.,True,True,True,True,1971.62,True,4
SCH_000269,Brazil Mathematics Scholarship,"[""new_zealand"", ""germany"", ""uk"", ""netherlands""]",16,21,"[""high_school"", ""bachelors""]","[""religion""]","[""mathematics"", ""social_sciences"", ""chemistry"", ""economics""]",accredited_b,72.6,60.2,[],True,middle,brazil,south_america,"{""academic"": 0.4299, ""leadership"": 0.2056, ""olympiad"": 0.0935, ""extracurricular"": 0.1402, ""essay"": 0.1308}",,False,This scholarship aims to nurture future leaders in mathematics with a passion for renewable energy systems.,Ideal candidates demonstrate excellence in mathematics and commitment to technological advancement.,True,True,False,False,1947.96,True,2
SCH_000270,Usa Biology Scholarship,"[""philippines"", ""vietnam"", ""switzerland"", ""south_korea"", ""china""]",15,19,"[""high_school""]","[""vocational"", ""science""]","[""biology"", ""arts_humanities"", ""agriculture""]",public_a,74.8,52.2,"[{""test_type"": ""toefl"", ""min_score"": 103.9, ""is_mandatory"": true}]",True,middle,usa,north_america,"{""academic"": 0.2336, ""leadership"": 0.2243, ""olympiad"": 0.2897, ""extracurricular"": 0.0654, ""essay"": 0.1869}",entrepreneurship,False,This scholarship aims to nurture future leaders in biology with a passion for public health policy.,We value students who show leadership potential and dedication to public health policy.,True,True,False,False,1415.09,True,2
SCH_000271,Usa Arts Humanities Scholarship,"[""netherlands"", ""egypt"", ""nigeria""]",16,21,"[""high_school""]","[""religion""]","[""arts_humanities""]",public_a,68.2,67.4,[],False,middle,usa,north_america,"{""academic"": 0.3396, ""leadership"": 0.1887, ""olympiad"": 0.1038, ""extracurricular"": 0.2453, ""essay"": 0.1226}",,True,This scholarship aims to nurture future leaders in arts_humanities with a passion for renewable energy systems.,We value students who show leadership potential and dedication to renewable energy systems.,True,True,True,False,554.92,True,3
SCH_000272,India Chemistry Scholarship,"[""china"", ""egypt"", ""chile"", ""argentina"", ""australia"", ""south_korea""]",17,20,"[""high_school"", ""bachelors""]","[""vocational""]","[""chemistry"", ""law"", ""mathematics""]",accredited_b,63.5,59.7,"[{""test_type"": ""toefl"", ""min_score"": 94.8, ""is_mandatory"": true}]",False,upper_middle,india,asia,"{""academic"": 0.2418, ""leadership"": 0.2088, ""olympiad"": 0.1978, ""extracurricular"": 0.2747, ""essay"": 0.0769}",public_service,False,Our mission is to empower talented individuals from Asia pursuing excellence in chemistry.,We are looking for candidates with strong academic records and proven research experience.,True,True,True,False,1755.02,True,3
SCH_000273,Egypt Law Scholarship,"[""france"", ""japan"", ""vietnam""]",15,18,"[""high_school"", ""bachelors""]","[""social_studies""]","[""law"", ""education"", ""medicine""]",private_a,68.1,51.8,"[{""test_type"": ""ielts"", ""min_score"": 6.9, ""is_mandatory"": true}]",True,upper_middle,egypt,africa,"{""academic"": 0.2847, ""leadership"": 0.1241, ""olympiad"": 0.2409, ""extracurricular"": 0.146, ""essay"": 0.2044}",,False,We seek to support outstanding students in law who demonstrate commitment to knowledge advancement.,We are looking for candidates with strong academic records and proven research experience.,False,True,True,True,1819.81,False,3
SCH_000274,Australia Social Sciences Scholarship,"[""argentina"", ""india"", ""morocco""]",17,21,"[""high_school"", ""bachelors""]","[""social_studies"", ""vocational""]","[""social_sciences"", ""medicine""]",excellence,60.8,75.9,"[{""test_type"": ""ielts"", ""min_score"": 7.9, ""is_mandatory"": true}]",False,very_low,australia,oceania,"{""academic"": 0.2893, ""leadership"": 0.0992, ""olympiad"": 0.1901, ""extracurricular"": 0.2397, ""essay"": 0.1818}",,True,We seek to support outstanding students in social_sciences who demonstrate commitment to innovation.,We value students who show leadership potential and dedication to financial technology.,True,True,False,False,1309.42,True,2
SCH_000275,New Zealand Social Sciences Scholarship,"[""singapore"", ""china""]",15,18,"[""high_school"", ""bachelors""]","[""languages""]","[""social_sciences"", ""computer_science"", ""biology"", ""mathematics""]",private_a,69.2,56.0,"[{""test_type"": ""jlpt"", ""min_score"": 60, ""is_mandatory"": true}]",False,middle,new_zealand,oceania,"{""academic"": 0.3769, ""leadership"": 0.0769, ""olympiad"": 0.2615, ""extracurricular"": 0.0538, ""essay"": 0.2308}",,True,We seek to support outstanding students in social_sciences who demonstrate commitment to knowledge advancement.,Ideal candidates demonstrate excellence in social_sciences and commitment to technological advancement.,True,False,False,False,1074.24,False,1
SCH_000276,Egypt Computer Science Scholarship,"[""philippines"", ""chile"", ""malaysia"", ""france"", ""morocco"", ""vietnam""]",17,20,"[""high_school"", ""bachelors""]","[""religion"", ""vocational""]","[""computer_science""]",excellence,65.2,66.8,"[{""test_type"": ""jlpt"", ""min_score"": 40, ""is_mandatory"": false}]",False,very_low,egypt,africa,"{""academic"": 0.2526, ""leadership"": 0.2105, ""olympiad"": 0.3263, ""extracurricular"": 0.1263, ""essay"": 0.0842}",government,False,We seek to support outstanding students in computer_science who demonstrate commitment to societal impact.,We value students who show leadership potential and dedication to genomic research.,True,False,True,True,193.98,False,3
SCH_000277,Usa Physics Scholarship,"[""thailand"", ""australia"", ""uk""]",15,19,"[""high_school"", ""bachelors""]","[""social_studies"", ""vocational""]","[""physics""]",accredited_b,81.1,52.5,"[{""test_type"": ""ielts"", ""min_score"": 6.5, ""is_mandatory"": true}]",False,very_low,usa,north_america,"{""academic"": 0.3407, ""leadership"": 0.0879, ""olympiad"": 0.3626, ""extracurricular"": 0.1099, ""essay"": 0.0989}",,False,We seek to support outstanding students in physics who demonstrate commitment to societal impact.,We are looking for candidates with strong academic records and proven research experience.,True,True,False,False,767.13,True,2
SCH_000278,Canada Medicine Scholarship,"[""kenya"", ""nigeria"", ""uk"", ""malaysia""]",17,20,"[""high_school""]","[""science"", ""vocational""]","[""medicine"", ""arts_humanities""]",accredited_b,58.4,68.8,"[{""test_type"": ""toefl"", ""min_score"": 102.4, ""is_mandatory"": true}]",False,upper_middle,canada,north_america,"{""academic"": 0.3545, ""leadership"": 0.1364, ""olympiad"": 0.3364, ""extracurricular"": 0.0545, ""essay"": 0.1182}",,False,We seek to support outstanding students in medicine who demonstrate commitment to societal impact.,Ideal candidates demonstrate excellence in medicine and commitment to technological advancement.,True,True,True,False,243.39,True,3
SCH_000279,Malaysia Law Scholarship,"[""usa"", ""kenya"", ""nigeria""]",17,22,"[""high_school""]","[""languages"", ""vocational""]","[""law""]",private_a,72.3,60.7,"[{""test_type"": ""ielts"", ""min_score"": 6.1, ""is_mandatory"": false}]",False,upper_middle,malaysia,asia,"{""academic"": 0.3393, ""leadership"": 0.1339, ""olympiad"": 0.2321, ""extracurricular"": 0.1071, ""essay"": 0.1875}",industry,False,Our mission is to empower talented individuals from Asia pursuing excellence in law.,We are looking for candidates with strong academic records and proven research experience.,True,True,True,False,1045.98,True,3
SCH_000280,Vietnam Business Scholarship,"[""vietnam"", ""egypt"", ""philippines"", ""thailand"", ""singapore"", ""indonesia"", ""south_africa""]",15,19,"[""high_school"", ""bachelors""]","[""religion"", ""social_studies""]","[""business"", ""law"", ""economics"", ""education""]",public_a,76.1,58.4,"[{""test_type"": ""topik"", ""min_score"": 200, ""is_mandatory"": true}]",True,upper_middle,vietnam,asia,"{""academic"": 0.3286, ""leadership"": 0.1643, ""olympiad"": 0.1857, ""extracurricular"": 0.1857, ""essay"": 0.1357}",,False,We seek to support outstanding students in business who demonstrate commitment to innovation.,We value students who show leadership potential and dedication to quantum computing.,True,False,True,True,604.52,False,3
SCH_000281,Australia Law Scholarship,"[""kenya"", ""south_korea"", ""usa"", ""canada"", ""nigeria"", ""germany""]",17,21,"[""high_school"", ""bachelors""]","[""religion""]","[""law""]",public_a,75.8,65.7,"[{""test_type"": ""toefl"", ""min_score"": 98.5, ""is_mandatory"": true}]",False,low,australia,oceania,"{""academic"": 0.3529, ""leadership"": 0.0784, ""olympiad"": 0.2549, ""extracurricular"": 0.1765, ""essay"": 0.1373}",,False,This scholarship aims to nurture future leaders in law with a passion for public health policy.,Ideal candidates demonstrate excellence in law and commitment to community service.,False,True,True,False,885.66,False,2
SCH_000282,Argentina Mathematics Scholarship,"[""south_africa"", ""thailand"", ""sweden"", ""malaysia"", ""uk"", ""japan"", ""egypt""]",17,20,"[""high_school"", ""bachelors""]","[""languages""]","[""mathematics"", ""business"", ""physics""]",excellence,84.3,76.6,[],False,low,argentina,south_america,"{""academic"": 0.3262, ""leadership"": 0.2128, ""olympiad"": 0.234, ""extracurricular"": 0.0426, ""essay"": 0.1844}",government,True,This scholarship aims to nurture future leaders in mathematics with a passion for cybersecurity.,Ideal candidates demonstrate excellence in mathematics and commitment to technological advancement.,True,True,True,True,1989.25,True,4
SCH_000283,Morocco Education Scholarship,"[""uk"", ""usa"", ""argentina"", ""switzerland""]",16,19,"[""high_school"", ""bachelors""]","[""religion""]","[""education"", ""computer_science"", ""social_sciences"", ""chemistry""]",excellence,56.4,76.3,[],False,very_low,morocco,africa,"{""academic"": 0.2444, ""leadership"": 0.2667, ""olympiad"": 0.1667, ""extracurricular"": 0.2444, ""essay"": 0.0778}",ngo_npo,False,We seek to support outstanding students in education who demonstrate commitment to innovation.,We value students who show leadership potential and dedication to genomic research.,False,True,True,False,1431.91,False,2
SCH_000284,Canada Arts Humanities Scholarship,"[""usa"", ""new_zealand"", ""chile"", ""philippines"", ""south_korea"", ""malaysia""]",17,22,"[""high_school""]","[""religion"", ""social_studies""]","[""arts_humanities"", ""law"", ""computer_science""]",excellence,72.5,50.4,"[{""test_type"": ""hsk"", ""min_score"": 60, ""is_mandatory"": false}]",True,upper_middle,canada,north_america,"{""academic"": 0.3311, ""leadership"": 0.1824, ""olympiad"": 0.2568, ""extracurricular"": 0.1149, ""essay"": 0.1149}",,True,Our mission is to empower talented individuals from North_america pursuing excellence in arts_humanities.,We value students who show leadership potential and dedication to public health policy.,False,True,True,True,1088.84,False,3
SCH_000285,South Africa Mathematics Scholarship,"[""sweden"", ""switzerland"", ""usa"", ""indonesia"", ""singapore"", ""india"", ""australia""]",16,19,"[""high_school"", ""bachelors""]","[""science""]","[""mathematics"", ""chemistry"", ""education""]",public_a,80.5,51.5,"[{""test_type"": ""ielts"", ""min_score"": 6.8, ""is_mandatory"": true}]",False,middle,south_africa,africa,"{""academic"": 0.2564, ""leadership"": 0.1667, ""olympiad"": 0.1795, ""extracurricular"": 0.2692, ""essay"": 0.1282}",public_service,False,This scholarship aims to nurture future leaders in mathematics with a passion for public health policy.,Ideal candidates demonstrate excellence in mathematics and commitment to community service.,True,True,False,False,514.04,True,2
SCH_000286,Australia Education Scholarship,"[""south_korea"", ""egypt"", ""argentina""]",16,19,"[""high_school""]","[""social_studies"", ""science""]","[""education"", ""medicine""]",excellence,77.0,61.4,"[{""test_type"": ""topik"", ""min_score"": 150, ""is_mandatory"": false}]",False,low,australia,oceania,"{""academic"": 0.2243, ""leadership"": 0.1682, ""olympiad"": 0.2804, ""extracurricular"": 0.2056, ""essay"": 0.1215}",,False,Our mission is to empower talented individuals from Oceania pursuing excellence in education.,We value students who show leadership potential and dedication to financial technology.,True,False,True,False,1249.87,False,2
SCH_000287,Usa Social Sciences Scholarship,"[""australia"", ""egypt"", ""nigeria""]",16,21,"[""high_school"", ""bachelors""]","[""vocational"", ""social_studies""]","[""social_sciences"", ""education"", ""medicine""]",excellence,82.5,60.6,"[{""test_type"": ""topik"", ""min_score"": 200, ""is_mandatory"": true}]",False,upper_middle,usa,north_america,"{""academic"": 0.3419, ""leadership"": 0.1111, ""olympiad"": 0.2051, ""extracurricular"": 0.2564, ""essay"": 0.0855}",academic,True,This scholarship aims to nurture future leaders in social_sciences with a passion for public health policy.,Ideal candidates demonstrate excellence in social_sciences and commitment to community service.,True,True,False,True,932.85,True,3
SCH_000288,Philippines Computer Science Scholarship,"[""morocco"", ""south_korea"", ""new_zealand"", ""argentina"", ""netherlands"", ""france""]",15,19,"[""high_school""]","[""languages""]","[""computer_science"", ""education"", ""chemistry"", ""physics""]",excellence,56.9,66.4,[],False,middle,philippines,asia,"{""academic"": 0.25, ""leadership"": 0.2174, ""olympiad"": 0.1739, ""extracurricular"": 0.2609, ""essay"": 0.0978}",,False,This scholarship aims to nurture future leaders in computer_science with a passion for sustainable agriculture.,We are looking for candidates with strong academic records and proven research experience.,False,False,True,False,23.31,False,1
SCH_000289,Brazil Arts Humanities Scholarship,"[""usa"", ""australia"", ""philippines"", ""uk"", ""indonesia"", ""brazil""]",17,20,"[""high_school"", ""bachelors""]","[""religion""]","[""arts_humanities""]",accredited_b,71.3,70.6,[],False,middle,brazil,south_america,"{""academic"": 0.2857, ""leadership"": 0.1071, ""olympiad"": 0.1905, ""extracurricular"": 0.3452, ""essay"": 0.0714}",,True,This scholarship aims to nurture future leaders in arts_humanities with a passion for machine learning.,We value students who show leadership potential and dedication to machine learning.,False,True,True,False,1571.35,False,2
SCH_000290,Chile Physics Scholarship,"[""new_zealand"", ""kenya"", ""indonesia"", ""malaysia""]",15,19,"[""high_school"", ""bachelors""]","[""vocational""]","[""physics"", ""chemistry"", ""computer_science""]",public_a,71.2,67.6,"[{""test_type"": ""toefl"", ""min_score"": 106.2, ""is_mandatory"": false}]",False,low,chile,south_america,"{""academic"": 0.45, ""leadership"": 0.05, ""olympiad"": 0.12, ""extracurricular"": 0.09, ""essay"": 0.29}",industry,True,Our mission is to empower talented individuals from South_america pursuing excellence in physics.,Ideal candidates demonstrate excellence in physics and commitment to technological advancement.,True,True,True,True,924.54,True,4
SCH_000291,Germany Arts Humanities Scholarship,"[""argentina"", ""japan"", ""south_africa"", ""south_korea"", ""singapore""]",16,20,"[""high_school"", ""bachelors""]","[""religion""]","[""arts_humanities"", ""physics"", ""computer_science"", ""medicine""]",accredited_b,64.1,69.4,"[{""test_type"": ""toefl"", ""min_score"": 97.1, ""is_mandatory"": true}]",False,very_low,germany,europe,"{""academic"": 0.1826, ""leadership"": 0.2, ""olympiad"": 0.2, ""extracurricular"": 0.2435, ""essay"": 0.1739}",,False,Our mission is to empower talented individuals from Europe pursuing excellence in arts_humanities.,We are looking for candidates with strong academic records and proven leadership experience.,True,True,False,False,1881.54,True,2
SCH_000292,Canada Economics Scholarship,"[""morocco"", ""brazil"", ""india"", ""uk"", ""usa"", ""south_korea"", ""new_zealand""]",17,21,"[""high_school""]","[""languages""]","[""economics"", ""social_sciences""]",excellence,57.4,64.0,"[{""test_type"": ""toefl"", ""min_score"": 104.6, ""is_mandatory"": true}]",False,middle,canada,north_america,"{""academic"": 0.2348, ""leadership"": 0.1565, ""olympiad"": 0.2957, ""extracurricular"": 0.1391, ""essay"": 0.1739}",,False,This scholarship aims to nurture future leaders in economics with a passion for cybersecurity.,We are looking for candidates with strong academic records and proven leadership experience.,True,True,True,False,1177.57,True,3
SCH_000293,Canada Engineering Scholarship,"[""chile"", ""malaysia"", ""egypt"", ""nigeria"", ""india"", ""germany"", ""usa""]",17,22,"[""high_school"", ""bachelors""]","[""religion""]","[""engineering"", ""biology"", ""computer_science"", ""economics""]",private_a,69.8,64.8,[],False,upper_middle,canada,north_america,"{""academic"": 0.3922, ""leadership"": 0.1863, ""olympiad"": 0.1569, ""extracurricular"": 0.2059, ""essay"": 0.0588}",public_service,False,Our mission is to empower talented individuals from North_america pursuing excellence in engineering.,We value students who show leadership potential and dedication to sustainable agriculture.,True,True,False,True,1720.86,True,3
SCH_000294,Thailand Arts Humanities Scholarship,"[""chile"", ""australia"", ""usa"", ""nigeria"", ""china""]",17,20,"[""high_school"", ""bachelors""]","[""languages""]","[""arts_humanities"", ""biology""]",accredited_b,70.0,56.3,"[{""test_type"": ""toefl"", ""min_score"": 109.6, ""is_mandatory"": true}]",False,low,thailand,asia,"{""academic"": 0.2869, ""leadership"": 0.1311, ""olympiad"": 0.3033, ""extracurricular"": 0.0984, ""essay"": 0.1803}",,True,Our mission is to empower talented individuals from Asia pursuing excellence in arts_humanities.,We value students who show leadership potential and dedication to public health policy.,True,False,False,False,144.9,False,1
SCH_000295,Netherlands Mathematics Scholarship,"[""indonesia"", ""morocco"", ""egypt"", ""india""]",17,21,"[""high_school""]","[""vocational""]","[""mathematics"", ""arts_humanities"", ""biology""]",accredited_b,58.3,57.5,"[{""test_type"": ""toefl"", ""min_score"": 84.7, ""is_mandatory"": true}]",False,middle,netherlands,europe,"{""academic"": 0.5269, ""leadership"": 0.1075, ""olympiad"": 0.1075, ""extracurricular"": 0.1613, ""essay"": 0.0968}",,False,This scholarship aims to nurture future leaders in mathematics with a passion for climate change mitigation.,Ideal candidates demonstrate excellence in mathematics and commitment to technological advancement.,True,False,False,True,668.51,False,2
SCH_000296,India Business Scholarship,"[""malaysia"", ""australia""]",16,21,"[""high_school"", ""bachelors""]","[""religion"", ""social_studies""]","[""business"", ""medicine"", ""social_sciences""]",accredited_b,74.8,55.8,"[{""test_type"": ""ielts"", ""min_score"": 6.6, ""is_mandatory"": true}]",True,low,india,asia,"{""academic"": 0.3804, ""leadership"": 0.1304, ""olympiad"": 0.2826, ""extracurricular"": 0.0652, ""essay"": 0.1413}",,False,This scholarship aims to nurture future leaders in business with a passion for human-computer interaction.,We value students who show leadership potential and dedication to human-computer interaction.,True,True,True,False,1247.07,True,3
SCH_000297,Argentina Arts Humanities Scholarship,"[""egypt"", ""vietnam"", ""india"", ""indonesia""]",15,19,"[""high_school""]","[""social_studies"", ""languages""]","[""arts_humanities"", ""computer_science"", ""mathematics"", ""medicine""]",private_a,58.7,66.1,"[{""test_type"": ""hsk"", ""min_score"": 60, ""is_mandatory"": true}]",False,upper_middle,argentina,south_america,"{""academic"": 0.2538, ""leadership"": 0.1154, ""olympiad"": 0.2538, ""extracurricular"": 0.2, ""essay"": 0.1769}",academic,True,Our mission is to empower talented individuals from South_america pursuing excellence in arts_humanities.,We are looking for candidates with strong academic records and proven leadership experience.,True,True,False,True,956.4,True,3
SCH_000298,New Zealand Biology Scholarship,"[""philippines"", ""indonesia"", ""south_africa""]",16,19,"[""high_school"", ""bachelors""]","[""social_studies""]","[""biology"", ""physics""]",accredited_b,55.7,64.3,"[{""test_type"": ""delf"", ""min_score"": 40, ""is_mandatory"": true}]",True,low,new_zealand,oceania,"{""academic"": 0.4273, ""leadership"": 0.1364, ""olympiad"": 0.1727, ""extracurricular"": 0.0545, ""essay"": 0.2091}",ngo_npo,False,This scholarship aims to nurture future leaders in biology with a passion for machine learning.,We value students who show leadership potential and dedication to machine learning.,True,False,False,True,631.79,False,2
SCH_000299,Usa Arts Humanities Scholarship,"[""france"", ""germany""]",15,19,"[""high_school"", ""bachelors""]","[""languages"", ""religion""]","[""arts_humanities"", ""social_sciences"", ""chemistry"", ""medicine""]",excellence,72.2,68.0,[],False,low,usa,north_america,"{""academic"": 0.3404, ""leadership"": 0.2128, ""olympiad"": 0.2695, ""extracurricular"": 0.1348, ""essay"": 0.0426}",,True,This scholarship aims to nurture future leaders in arts_humanities with a passion for sustainable agriculture.,We are looking for candidates with strong academic records and proven leadership experience.,True,True,True,True,957.31,True,4
SCH_000300,Netherlands Law Scholarship,"[""thailand"", ""indonesia"", ""malaysia"", ""philippines"", ""japan"", ""morocco""]",15,18,"[""high_school"", ""bachelors""]","[""science""]","[""law"", ""computer_science"", ""agriculture""]",public_a,57.4,74.8,"[{""test_type"": ""delf"", ""min_score"": 60, ""is_mandatory"": true}]",False,middle,netherlands,europe,"{""academic"": 0.3689, ""leadership"": 0.1967, ""olympiad"": 0.2049, ""extracurricular"": 0.1148, ""essay"": 0.1148}",,False,Our mission is to empower talented individuals from Europe pursuing excellence in law.,We value students who show leadership potential and dedication to education reform.,True,True,False,False,235.34,True,2
SCH_000301,New Zealand Business Scholarship,"[""nigeria"", ""sweden"", ""brazil""]",15,19,"[""high_school""]","[""science""]","[""business"", ""education"", ""arts_humanities"", ""social_sciences""]",accredited_b,80.1,51.9,"[{""test_type"": ""toefl"", ""min_score"": 87.6, ""is_mandatory"": true}]",True,low,new_zealand,oceania,"{""academic"": 0.2712, ""leadership"": 0.1017, ""olympiad"": 0.2119, ""extracurricular"": 0.1949, ""essay"": 0.2203}",academic,False,We seek to support outstanding students in business who demonstrate commitment to knowledge advancement.,We are looking for candidates with strong academic records and proven research experience.,True,True,False,False,1606.1,True,2
SCH_000302,France Engineering Scholarship,"[""vietnam"", ""france"", ""new_zealand"", ""australia"", ""germany"", ""south_africa""]",15,20,"[""high_school""]","[""social_studies""]","[""engineering"", ""medicine"", ""arts_humanities""]",public_a,59.6,63.4,[],False,upper_middle,france,europe,"{""academic"": 0.176, ""leadership"": 0.176, ""olympiad"": 0.304, ""extracurricular"": 0.192, ""essay"": 0.152}",ngo_npo,False,We seek to support outstanding students in engineering who demonstrate commitment to knowledge advancement.,Ideal candidates demonstrate excellence in engineering and commitment to technological advancement.,True,True,True,True,1856.3,True,4
SCH_000303,Chile Engineering Scholarship,"[""germany"", ""singapore"", ""france"", ""argentina""]",16,20,"[""high_school""]","[""vocational""]","[""engineering"", ""chemistry"", ""economics""]",excellence,55.6,52.8,"[{""test_type"": ""jlpt"", ""min_score"": 60, ""is_mandatory"": false}]",False,middle,chile,south_america,"{""academic"": 0.217, ""leadership"": 0.0755, ""olympiad"": 0.3491, ""extracurricular"": 0.0943, ""essay"": 0.2642}",entrepreneurship,False,Our mission is to empower talented individuals from South_america pursuing excellence in engineering.,We are looking for candidates with strong academic records and proven leadership experience.,True,False,False,False,1423.76,False,1
SCH_000304,Australia Education Scholarship,"[""egypt"", ""nigeria"", ""morocco"", ""australia""]",15,20,"[""high_school"", ""bachelors""]","[""science"", ""languages""]","[""education"", ""physics""]",public_a,59.9,66.4,"[{""test_type"": ""ielts"", ""min_score"": 6.6, ""is_mandatory"": true}]",False,upper_middle,australia,oceania,"{""academic"": 0.3611, ""leadership"": 0.0463, ""olympiad"": 0.1481, ""extracurricular"": 0.2685, ""essay"": 0.1759}",public_service,False,This scholarship aims to nurture future leaders in education with a passion for machine learning.,We value students who show leadership potential and dedication to machine learning.,True,True,True,True,1214.72,True,4
SCH_000305,Argentina Computer Science Scholarship,"[""singapore"", ""switzerland"", ""china"", ""japan"", ""chile""]",16,21,"[""high_school""]","[""vocational""]","[""computer_science""]",accredited_b,70.5,74.4,"[{""test_type"": ""hsk"", ""min_score"": 60, ""is_mandatory"": true}]",True,middle,argentina,south_america,"{""academic"": 0.2339, ""leadership"": 0.1935, ""olympiad"": 0.3145, ""extracurricular"": 0.1048, ""essay"": 0.1532}",,False,We seek to support outstanding students in computer_science who demonstrate commitment to knowledge advancement.,We are looking for candidates with strong academic records and proven leadership experience.,False,True,False,False,1298.59,False,1
SCH_000306,France Agriculture Scholarship,"[""nigeria"", ""brazil"", ""singapore"", ""south_korea"", ""new_zealand"", ""canada""]",15,19,"[""high_school"", ""bachelors""]","[""religion"", ""social_studies""]","[""agriculture""]",private_a,56.6,75.2,"[{""test_type"": ""toefl"", ""min_score"": 106.0, ""is_mandatory"": true}]",False,upper_middle,france,europe,"{""academic"": 0.3211, ""leadership"": 0.0917, ""olympiad"": 0.2569, ""extracurricular"": 0.0917, ""essay"": 0.2385}",,False,This scholarship aims to nurture future leaders in agriculture with a passion for cybersecurity.,We value students who show leadership potential and dedication to cybersecurity.,True,False,False,True,555.22,False,2
SCH_000307,Argentina Mathematics Scholarship,"[""new_zealand"", ""india""]",17,21,"[""high_school""]","[""science""]","[""mathematics"", ""law"", ""medicine"", ""agriculture""]",public_a,72.0,72.8,"[{""test_type"": ""hsk"", ""min_score"": 60, ""is_mandatory"": false}]",True,middle,argentina,south_america,"{""academic"": 0.2479, ""leadership"": 0.2222, ""olympiad"": 0.1197, ""extracurricular"": 0.2222, ""essay"": 0.188}",ngo_npo,False,This scholarship aims to nurture future leaders in mathematics with a passion for public health policy.,Ideal candidates demonstrate excellence in mathematics and commitment to community service.,False,True,True,False,493.03,False,2
SCH_000308,Australia Economics Scholarship,"[""singapore"", ""thailand"", ""chile""]",17,20,"[""high_school"", ""bachelors""]","[""social_studies""]","[""economics"", ""business"", ""biology"", ""social_sciences""]",excellence,61.2,58.6,[],False,upper_middle,australia,oceania,"{""academic"": 0.3008, ""leadership"": 0.2033, ""olympiad"": 0.2033, ""extracurricular"": 0.2195, ""essay"": 0.0732}",ngo_npo,False,Our mission is to empower talented individuals from Oceania pursuing excellence in economics.,Ideal candidates demonstrate excellence in economics and commitment to community service.,True,True,True,True,678.42,True,4
SCH_000309,Argentina Law Scholarship,"[""switzerland"", ""canada"", ""japan"", ""chile""]",17,21,"[""high_school"", ""bachelors""]","[""social_studies"", ""languages""]","[""law"", ""engineering"", ""business""]",excellence,80.5,51.8,"[{""test_type"": ""toefl"", ""min_score"": 103.2, ""is_mandatory"": true}]",True,middle,argentina,south_america,"{""academic"": 0.2826, ""leadership"": 0.1667, ""olympiad"": 0.2826, ""extracurricular"": 0.1304, ""essay"": 0.1377}",,False,Our mission is to empower talented individuals from South_america pursuing excellence in law.,We value students who show leadership potential and dedication to artificial intelligence.,True,True,True,False,993.43,True,3
SCH_000310,South Africa Economics Scholarship,"[""kenya"", ""nigeria"", ""switzerland"", ""india"", ""japan"", ""south_korea"", ""malaysia""]",15,20,"[""high_school""]","[""social_studies""]","[""economics""]",private_a,58.9,73.7,[],False,very_low,south_africa,africa,"{""academic"": 0.2985, ""leadership"": 0.1194, ""olympiad"": 0.2164, ""extracurricular"": 0.1791, ""essay"": 0.1866}",,False,We seek to support outstanding students in economics who demonstrate commitment to innovation.,We value students who show leadership potential and dedication to human-computer interaction.,True,True,True,True,699.39,True,4
SCH_000311,Usa Biology Scholarship,"[""egypt"", ""south_africa"", ""switzerland"", ""vietnam"", ""singapore"", ""south_korea""]",15,18,"[""high_school"", ""bachelors""]","[""religion""]","[""biology"", ""computer_science""]",public_a,66.3,52.2,"[{""test_type"": ""toefl"", ""min_score"": 89.8, ""is_mandatory"": true}]",False,low,usa,north_america,"{""academic"": 0.2627, ""leadership"": 0.2288, ""olympiad"": 0.2288, ""extracurricular"": 0.1949, ""essay"": 0.0847}",,True,This scholarship aims to nurture future leaders in biology with a passion for renewable energy systems.,Ideal candidates demonstrate excellence in biology and commitment to technological advancement.,False,True,False,False,1698.33,False,1
SCH_000312,Usa Engineering Scholarship,"[""uk"", ""south_africa"", ""indonesia"", ""new_zealand"", ""australia"", ""india""]",17,20,"[""high_school"", ""bachelors""]","[""vocational"", ""science""]","[""engineering""]",accredited_b,81.1,64.1,"[{""test_type"": ""toefl"", ""min_score"": 93.2, ""is_mandatory"": true}]",False,upper_middle,usa,north_america,"{""academic"": 0.2427, ""leadership"": 0.1845, ""olympiad"": 0.1262, ""extracurricular"": 0.2427, ""essay"": 0.2039}",,False,We seek to support outstanding students in engineering who demonstrate commitment to innovation.,We are looking for candidates with strong academic records and proven research experience.,True,True,False,False,1527.93,True,2
SCH_000313,Canada Mathematics Scholarship,"[""sweden"", ""new_zealand"", ""indonesia"", ""china"", ""kenya"", ""japan"", ""canada""]",15,20,"[""high_school""]","[""vocational"", ""social_studies""]","[""mathematics"", ""computer_science"", ""chemistry"", ""agriculture""]",excellence,80.2,50.7,"[{""test_type"": ""toefl"", ""min_score"": 98.7, ""is_mandatory"": true}]",True,very_low,canada,north_america,"{""academic"": 0.3425, ""leadership"": 0.1301, ""olympiad"": 0.2466, ""extracurricular"": 0.1575, ""essay"": 0.1233}",,False,This scholarship aims to nurture future leaders in mathematics with a passion for human-computer interaction.,We value students who show leadership potential and dedication to human-computer interaction.,True,True,True,False,737.64,True,3
SCH_000314,Morocco Law Scholarship,"[""uk"", ""south_africa"", ""vietnam""]",16,20,"[""high_school"", ""bachelors""]","[""vocational"", ""religion""]","[""law"", ""computer_science"", ""mathematics""]",private_a,69.1,76.7,"[{""test_type"": ""ielts"", ""min_score"": 7.4, ""is_mandatory"": false}]",True,upper_middle,morocco,africa,"{""academic"": 0.2717, ""leadership"": 0.1087, ""olympiad"": 0.2826, ""extracurricular"": 0.1848, ""essay"": 0.1522}",industry,True,Our mission is to empower talented individuals from Africa pursuing excellence in law.,We value students who show leadership potential and dedication to genomic research.,True,True,False,False,1449.3,True,2
SCH_000315,Usa Computer Science Scholarship,"[""thailand"", ""argentina"", ""china"", ""malaysia"", ""philippines"", ""vietnam""]",15,18,"[""high_school"", ""bachelors""]","[""vocational""]","[""computer_science""]",public_a,71.8,54.0,"[{""test_type"": ""jlpt"", ""min_score"": 60, ""is_mandatory"": true}]",False,upper_middle,usa,north_america,"{""academic"": 0.2778, ""leadership"": 0.1111, ""olympiad"": 0.2685, ""extracurricular"": 0.1944, ""essay"": 0.1481}",public_service,False,This scholarship aims to nurture future leaders in computer_science with a passion for human-computer interaction.,Ideal candidates demonstrate excellence in computer_science and commitment to technological advancement.,True,True,True,False,1914.71,True,3
SCH_000316,Usa Business Scholarship,"[""japan"", ""netherlands"", ""chile"", ""uk"", ""usa"", ""china""]",16,19,"[""high_school""]","[""social_studies""]","[""business""]",excellence,78.9,55.4,"[{""test_type"": ""ielts"", ""min_score"": 7.4, ""is_mandatory"": true}]",False,upper_middle,usa,north_america,"{""academic"": 0.2015, ""leadership"": 0.1493, ""olympiad"": 0.2388, ""extracurricular"": 0.2164, ""essay"": 0.194}",academic,False,Our mission is to empower talented individuals from North_america pursuing excellence in business.,We value students who show leadership potential and dedication to cybersecurity.,True,True,False,True,548.08,True,3
SCH_000317,Argentina Physics Scholarship,"[""south_korea"", ""sweden""]",17,22,"[""high_school"", ""bachelors""]","[""languages"", ""science""]","[""physics"", ""social_sciences"", ""biology"", ""mathematics""]",excellence,61.4,54.1,"[{""test_type"": ""jlpt"", ""min_score"": 60, ""is_mandatory"": true}]",False,low,argentina,south_america,"{""academic"": 0.2404, ""leadership"": 0.1538, ""olympiad"": 0.1635, ""extracurricular"": 0.2596, ""essay"": 0.1827}",academic,True,Our mission is to empower talented individuals from South_america pursuing excellence in physics.,Ideal candidates demonstrate excellence in physics and commitment to technological advancement.,True,True,False,True,1991.02,True,3
SCH_000318,Chile Law Scholarship,"[""singapore"", ""brazil"", ""chile"", ""canada"", ""japan""]",17,21,"[""high_school"", ""bachelors""]","[""vocational""]","[""law"", ""computer_science""]",private_a,62.0,69.6,"[{""test_type"": ""jlpt"", ""min_score"": 40, ""is_mandatory"": true}]",False,upper_middle,chile,south_america,"{""academic"": 0.3656, ""leadership"": 0.2473, ""olympiad"": 0.129, ""extracurricular"": 0.1935, ""essay"": 0.0645}",,False,Our mission is to empower talented individuals from South_america pursuing excellence in law.,We value students who show leadership potential and dedication to climate change mitigation.,True,True,False,False,104.31,True,2
SCH_000319,Usa Social Sciences Scholarship,"[""india"", ""philippines"", ""south_korea"", ""japan"", ""chile"", ""argentina"", ""egypt""]",15,18,"[""high_school""]","[""vocational""]","[""social_sciences"", ""computer_science""]",excellence,69.9,70.9,"[{""test_type"": ""toefl"", ""min_score"": 85.0, ""is_mandatory"": false}]",False,middle,usa,north_america,"{""academic"": 0.3759, ""leadership"": 0.0451, ""olympiad"": 0.2932, ""extracurricular"": 0.218, ""essay"": 0.0677}",ngo_npo,True,We seek to support outstanding students in social_sciences who demonstrate commitment to knowledge advancement.,We value students who show leadership potential and dedication to climate change mitigation.,True,True,False,True,1301.06,True,3
SCH_000320,Usa Chemistry Scholarship,"[""uk"", ""usa"", ""australia"", ""germany"", ""morocco""]",15,20,"[""high_school""]","[""religion"", ""social_studies""]","[""chemistry"", ""medicine""]",private_a,84.4,72.7,"[{""test_type"": ""delf"", ""min_score"": 40, ""is_mandatory"": true}]",False,very_low,usa,north_america,"{""academic"": 0.3917, ""leadership"": 0.1583, ""olympiad"": 0.2667, ""extracurricular"": 0.1083, ""essay"": 0.075}",,True,We seek to support outstanding students in chemistry who demonstrate commitment to innovation.,We value students who show leadership potential and dedication to quantum computing.,True,True,True,True,1270.41,True,4
SCH_000321,South Africa Business Scholarship,"[""china"", ""malaysia"", ""new_zealand""]",15,19,"[""high_school""]","[""science""]","[""business""]",accredited_b,85.0,54.6,"[{""test_type"": ""ielts"", ""min_score"": 7.8, ""is_mandatory"": true}]",True,upper_middle,south_africa,africa,"{""academic"": 0.3173, ""leadership"": 0.0865, ""olympiad"": 0.25, ""extracurricular"": 0.0865, ""essay"": 0.2596}",entrepreneurship,False,This scholarship aims to nurture future leaders in business with a passion for quantum computing.,We value students who show leadership potential and dedication to quantum computing.,False,True,True,True,929.97,False,3
SCH_000322,Switzerland Economics Scholarship,"[""brazil"", ""japan"", ""uk"", ""kenya"", ""chile"", ""canada"", ""thailand""]",16,19,"[""high_school""]","[""social_studies""]","[""economics"", ""arts_humanities""]",public_a,71.3,71.5,[],True,very_low,switzerland,europe,"{""academic"": 0.5366, ""leadership"": 0.061, ""olympiad"": 0.1829, ""extracurricular"": 0.0732, ""essay"": 0.1463}",,False,Our mission is to empower talented individuals from Europe pursuing excellence in economics.,We are looking for candidates with strong academic records and proven leadership experience.,True,True,True,False,1154.28,True,3
SCH_000323,South Africa Medicine Scholarship,"[""netherlands"", ""sweden"", ""usa"", ""chile"", ""japan"", ""south_africa"", ""uk""]",17,21,"[""high_school""]","[""social_studies"", ""religion""]","[""medicine"", ""engineering"", ""computer_science""]",private_a,64.3,62.1,"[{""test_type"": ""toefl"", ""min_score"": 89.0, ""is_mandatory"": true}]",False,middle,south_africa,africa,"{""academic"": 0.2901, ""leadership"": 0.1679, ""olympiad"": 0.1679, ""extracurricular"": 0.1527, ""essay"": 0.2214}",academic,False,This scholarship aims to nurture future leaders in medicine with a passion for sustainable agriculture.,We are looking for candidates with strong academic records and proven leadership experience.,True,True,False,False,514.46,True,2
SCH_000324,Netherlands Agriculture Scholarship,"[""chile"", ""nigeria"", ""new_zealand"", ""uk"", ""philippines"", ""singapore""]",17,22,"[""high_school""]","[""religion"", ""social_studies""]","[""agriculture"", ""economics""]",excellence,82.6,76.6,"[{""test_type"": ""ielts"", ""min_score"": 7.2, ""is_mandatory"": true}]",True,very_low,netherlands,europe,"{""academic"": 0.4123, ""leadership"": 0.1667, ""olympiad"": 0.1404, ""extracurricular"": 0.114, ""essay"": 0.1667}",public_service,False,We seek to support outstanding students in agriculture who demonstrate commitment to societal impact.,Ideal candidates demonstrate excellence in agriculture and commitment to community service.,True,True,False,True,27.26,True,3
SCH_000325,China Agriculture Scholarship,"[""india"", ""switzerland"", ""thailand""]",15,18,"[""high_school"", ""bachelors""]","[""science""]","[""agriculture""]",public_a,73.8,60.4,"[{""test_type"": ""delf"", ""min_score"": 40, ""is_mandatory"": true}]",False,very_low,china,asia,"{""academic"": 0.3373, ""leadership"": 0.3133, ""olympiad"": 0.1325, ""extracurricular"": 0.1084, ""essay"": 0.1084}",entrepreneurship,False,We seek to support outstanding students in agriculture who demonstrate commitment to innovation.,We are looking for candidates with strong academic records and proven research experience.,True,True,False,True,1789.85,True,3
SCH_000326,Argentina Education Scholarship,"[""australia"", ""vietnam"", ""egypt"", ""netherlands"", ""nigeria""]",17,21,"[""high_school""]","[""social_studies""]","[""education""]",private_a,64.0,68.5,"[{""test_type"": ""hsk"", ""min_score"": 60, ""is_mandatory"": true}]",False,middle,argentina,south_america,"{""academic"": 0.2683, ""leadership"": 0.1301, ""olympiad"": 0.2927, ""extracurricular"": 0.1626, ""essay"": 0.1463}",ngo_npo,False,This scholarship aims to nurture future leaders in education with a passion for renewable energy systems.,We are looking for candidates with strong academic records and proven leadership experience.,True,True,True,False,244.59,True,3
SCH_000327,Kenya Chemistry Scholarship,"[""thailand"", ""brazil"", ""philippines"", ""nigeria"", ""china"", ""egypt"", ""france""]",17,20,"[""high_school"", ""bachelors""]","[""languages""]","[""chemistry"", ""medicine""]",private_a,59.4,66.4,"[{""test_type"": ""delf"", ""min_score"": 40, ""is_mandatory"": false}]",True,middle,kenya,africa,"{""academic"": 0.3, ""leadership"": 0.0857, ""olympiad"": 0.3857, ""extracurricular"": 0.1571, ""essay"": 0.0714}",,True,We seek to support outstanding students in chemistry who demonstrate commitment to innovation.,Ideal candidates demonstrate excellence in chemistry and commitment to community service.,True,True,False,False,257.02,True,2
SCH_000328,Usa Business Scholarship,"[""brazil"", ""france""]",15,18,"[""high_school"", ""bachelors""]","[""social_studies""]","[""business"", ""engineering"", ""arts_humanities""]",accredited_b,82.1,54.2,"[{""test_type"": ""toefl"", ""min_score"": 94.4, ""is_mandatory"": true}]",False,upper_middle,usa,north_america,"{""academic"": 0.3363, ""leadership"": 0.1327, ""olympiad"": 0.292, ""extracurricular"": 0.1327, ""essay"": 0.1062}",public_service,False,We seek to support outstanding students in business who demonstrate commitment to innovation.,We value students who show leadership potential and dedication to quantum computing.,False,True,True,False,1282.92,False,2
SCH_000329,Argentina Education Scholarship,"[""singapore"", ""argentina"", ""chile""]",17,21,"[""high_school"", ""bachelors""]","[""religion""]","[""education""]",excellence,57.4,65.2,"[{""test_type"": ""ielts"", ""min_score"": 7.0, ""is_mandatory"": true}]",False,middle,argentina,south_america,"{""academic"": 0.5679, ""leadership"": 0.0988, ""olympiad"": 0.1728, ""extracurricular"": 0.0864, ""essay"": 0.0741}",public_service,True,Our mission is to empower talented individuals from South_america pursuing excellence in education.,We value students who show leadership potential and dedication to renewable energy systems.,False,True,False,False,451.89,False,1
SCH_000330,New Zealand Agriculture Scholarship,"[""vietnam"", ""chile"", ""netherlands"", ""new_zealand"", ""malaysia"", ""switzerland"", ""kenya""]",15,19,"[""high_school""]","[""social_studies""]","[""agriculture"", ""law"", ""social_sciences"", ""chemistry""]",public_a,61.4,56.5,"[{""test_type"": ""topik"", ""min_score"": 150, ""is_mandatory"": true}]",False,low,new_zealand,oceania,"{""academic"": 0.3871, ""leadership"": 0.1505, ""olympiad"": 0.2903, ""extracurricular"": 0.086, ""essay"": 0.086}",government,False,Our mission is to empower talented individuals from Oceania pursuing excellence in agriculture.,We value students who show leadership potential and dedication to machine learning.,True,False,True,True,1255.31,False,3
SCH_000331,Thailand Economics Scholarship,"[""usa"", ""france"", ""new_zealand"", ""vietnam"", ""india"", ""japan"", ""malaysia""]",16,20,"[""high_school"", ""bachelors""]","[""science""]","[""economics"", ""physics"", ""agriculture""]",excellence,60.7,68.4,"[{""test_type"": ""toefl"", ""min_score"": 102.6, ""is_mandatory"": true}]",False,very_low,thailand,asia,"{""academic"": 0.3933, ""leadership"": 0.1573, ""olympiad"": 0.1461, ""extracurricular"": 0.1348, ""essay"": 0.1685}",,False,We seek to support outstanding students in economics who demonstrate commitment to knowledge advancement.,We value students who show leadership potential and dedication to sustainable agriculture.,True,True,True,False,1060.69,True,3
SCH_000332,Usa Education Scholarship,"[""vietnam"", ""germany"", ""india"", ""morocco"", ""south_korea""]",15,19,"[""high_school"", ""bachelors""]","[""vocational""]","[""education""]",accredited_b,62.2,57.8,"[{""test_type"": ""topik"", ""min_score"": 200, ""is_mandatory"": false}]",True,low,usa,north_america,"{""academic"": 0.2551, ""leadership"": 0.1837, ""olympiad"": 0.1735, ""extracurricular"": 0.1429, ""essay"": 0.2449}",academic,True,Our mission is to empower talented individuals from North_america pursuing excellence in education.,We are looking for candidates with strong academic records and proven leadership experience.,True,False,True,False,1760.52,False,2
SCH_000333,Germany Biology Scholarship,"[""sweden"", ""south_africa"", ""germany"", ""morocco""]",15,20,"[""high_school""]","[""religion"", ""vocational""]","[""biology"", ""education"", ""computer_science"", ""arts_humanities""]",public_a,68.7,76.0,"[{""test_type"": ""ielts"", ""min_score"": 7.4, ""is_mandatory"": true}]",False,upper_middle,germany,europe,"{""academic"": 0.3386, ""leadership"": 0.0551, ""olympiad"": 0.2913, ""extracurricular"": 0.1496, ""essay"": 0.1654}",,False,This scholarship aims to nurture future leaders in biology with a passion for quantum computing.,We are looking for candidates with strong academic records and proven research experience.,True,True,False,True,1917.71,True,3
SCH_000334,Philippines Physics Scholarship,"[""uk"", ""netherlands"", ""nigeria"", ""kenya"", ""canada""]",15,20,"[""high_school"", ""bachelors""]","[""science"", ""vocational""]","[""physics"", ""arts_humanities"", ""education""]",excellence,68.9,61.4,[],False,middle,philippines,asia,"{""academic"": 0.2115, ""leadership"": 0.2115, ""olympiad"": 0.25, ""extracurricular"": 0.1827, ""essay"": 0.1442}",public_service,False,We seek to support outstanding students in physics who demonstrate commitment to societal impact.,We value students who show leadership potential and dedication to genomic research.,False,True,False,True,599.88,False,2
SCH_000335,Indonesia Business Scholarship,"[""malaysia"", ""singapore"", ""switzerland"", ""australia"", ""south_korea"", ""france""]",15,20,"[""high_school""]","[""science"", ""social_studies""]","[""business"", ""agriculture"", ""mathematics""]",excellence,61.1,73.5,"[{""test_type"": ""toefl"", ""min_score"": 105.2, ""is_mandatory"": true}]",False,very_low,indonesia,asia,"{""academic"": 0.4891, ""leadership"": 0.1522, ""olympiad"": 0.1304, ""extracurricular"": 0.1413, ""essay"": 0.087}",industry,True,Our mission is to empower talented individuals from Asia pursuing excellence in business.,We are looking for candidates with strong academic records and proven leadership experience.,True,True,False,False,826.0,True,2
SCH_000336,Australia Chemistry Scholarship,"[""chile"", ""brazil"", ""thailand""]",15,18,"[""high_school"", ""bachelors""]","[""social_studies"", ""religion""]","[""chemistry""]",accredited_b,57.0,55.3,"[{""test_type"": ""ielts"", ""min_score"": 6.5, ""is_mandatory"": true}]",False,very_low,australia,oceania,"{""academic"": 0.3478, ""leadership"": 0.087, ""olympiad"": 0.3043, ""extracurricular"": 0.0609, ""essay"": 0.2}",industry,False,Our mission is to empower talented individuals from Oceania pursuing excellence in chemistry.,Ideal candidates demonstrate excellence in chemistry and commitment to community service.,True,True,False,False,641.86,True,2
SCH_000337,South Africa Mathematics Scholarship,"[""vietnam"", ""germany"", ""argentina""]",15,19,"[""high_school"", ""bachelors""]","[""science""]","[""mathematics"", ""biology"", ""education"", ""engineering""]",public_a,77.5,77.4,"[{""test_type"": ""ielts"", ""min_score"": 7.4, ""is_mandatory"": false}]",False,upper_middle,south_africa,africa,"{""academic"": 0.2326, ""leadership"": 0.1047, ""olympiad"": 0.314, ""extracurricular"": 0.1512, ""essay"": 0.1977}",,False,This scholarship aims to nurture future leaders in mathematics with a passion for machine learning.,We value students who show leadership potential and dedication to machine learning.,True,True,True,False,1582.71,True,3
SCH_000338,Malaysia Engineering Scholarship,"[""japan"", ""south_africa""]",16,19,"[""high_school""]","[""religion"", ""languages""]","[""engineering"", ""computer_science"", ""economics""]",public_a,60.7,70.6,"[{""test_type"": ""toefl"", ""min_score"": 89.5, ""is_mandatory"": true}]",False,middle,malaysia,asia,"{""academic"": 0.3208, ""leadership"": 0.0755, ""olympiad"": 0.2264, ""extracurricular"": 0.1321, ""essay"": 0.2453}",government,False,This scholarship aims to nurture future leaders in engineering with a passion for public health policy.,We value students who show leadership potential and dedication to public health policy.,True,False,False,False,979.96,False,1
SCH_000339,Kenya Mathematics Scholarship,"[""south_africa"", ""sweden"", ""australia"", ""switzerland"", ""kenya"", ""south_korea""]",17,22,"[""high_school"", ""bachelors""]","[""social_studies""]","[""mathematics""]",excellence,63.8,55.2,"[{""test_type"": ""jlpt"", ""min_score"": 40, ""is_mandatory"": true}]",False,low,kenya,africa,"{""academic"": 0.2581, ""leadership"": 0.2097, ""olympiad"": 0.3065, ""extracurricular"": 0.1452, ""essay"": 0.0806}",,False,This scholarship aims to nurture future leaders in mathematics with a passion for artificial intelligence.,Ideal candidates demonstrate excellence in mathematics and commitment to community service.,True,True,False,False,1958.67,True,2
SCH_000340,Canada Chemistry Scholarship,"[""germany"", ""indonesia""]",16,20,"[""high_school"", ""bachelors""]","[""science"", ""languages""]","[""chemistry""]",private_a,64.0,70.0,"[{""test_type"": ""toefl"", ""min_score"": 82.7, ""is_mandatory"": false}]",True,low,canada,north_america,"{""academic"": 0.225, ""leadership"": 0.125, ""olympiad"": 0.1833, ""extracurricular"": 0.2333, ""essay"": 0.2333}",,True,Our mission is to empower talented individuals from North_america pursuing excellence in chemistry.,We value students who show leadership potential and dedication to public health policy.,True,True,False,True,1694.54,True,3
SCH_000341,Chile Economics Scholarship,"[""indonesia"", ""egypt"", ""singapore"", ""south_africa"", ""morocco""]",15,20,"[""high_school"", ""bachelors""]","[""vocational""]","[""economics""]",accredited_b,83.1,74.5,"[{""test_type"": ""delf"", ""min_score"": 40, ""is_mandatory"": true}]",False,very_low,chile,south_america,"{""academic"": 0.3475, ""leadership"": 0.1441, ""olympiad"": 0.2797, ""extracurricular"": 0.178, ""essay"": 0.0508}",,False,We seek to support outstanding students in economics who demonstrate commitment to innovation.,We are looking for candidates with strong academic records and proven leadership experience.,False,True,True,False,1668.45,False,2
SCH_000342,Canada Education Scholarship,"[""morocco"", ""singapore"", ""canada""]",17,21,"[""high_school"", ""bachelors""]","[""social_studies"", ""languages""]","[""education"", ""engineering"", ""agriculture"", ""chemistry""]",public_a,77.6,78.4,"[{""test_type"": ""ielts"", ""min_score"": 7.1, ""is_mandatory"": false}]",True,middle,canada,north_america,"{""academic"": 0.3782, ""leadership"": 0.1176, ""olympiad"": 0.3109, ""extracurricular"": 0.1008, ""essay"": 0.0924}",entrepreneurship,True,This scholarship aims to nurture future leaders in education with a passion for human-computer interaction.,We value students who show leadership potential and dedication to human-computer interaction.,True,False,True,False,1829.9,False,2
SCH_000343,Morocco Economics Scholarship,"[""france"", ""morocco"", ""sweden"", ""south_africa"", ""philippines""]",15,18,"[""high_school"", ""bachelors""]","[""social_studies"", ""languages""]","[""economics"", ""biology""]",excellence,67.5,76.4,"[{""test_type"": ""topik"", ""min_score"": 150, ""is_mandatory"": false}]",False,upper_middle,morocco,africa,"{""academic"": 0.3256, ""leadership"": 0.2326, ""olympiad"": 0.1705, ""extracurricular"": 0.062, ""essay"": 0.2093}",,True,This scholarship aims to nurture future leaders in economics with a passion for financial technology.,We value students who show leadership potential and dedication to financial technology.,True,True,True,True,1584.18,True,4
SCH_000344,Kenya Physics Scholarship,"[""china"", ""argentina"", ""singapore"", ""uk"", ""south_africa"", ""chile""]",15,18,"[""high_school""]","[""social_studies""]","[""physics"", ""mathematics""]",excellence,83.6,64.5,"[{""test_type"": ""ielts"", ""min_score"": 6.2, ""is_mandatory"": true}]",False,low,kenya,africa,"{""academic"": 0.3727, ""leadership"": 0.1909, ""olympiad"": 0.1455, ""extracurricular"": 0.1818, ""essay"": 0.1091}",,False,This scholarship aims to nurture future leaders in physics with a passion for machine learning.,Ideal candidates demonstrate excellence in physics and commitment to technological advancement.,True,True,True,False,1195.79,True,3
SCH_000345,Netherlands Medicine Scholarship,"[""uk"", ""vietnam"", ""singapore"", ""sweden"", ""egypt""]",15,19,"[""high_school""]","[""social_studies""]","[""medicine"", ""law"", ""mathematics""]",public_a,69.2,72.6,[],False,low,netherlands,europe,"{""academic"": 0.3, ""leadership"": 0.2333, ""olympiad"": 0.1917, ""extracurricular"": 0.15, ""essay"": 0.125}",,False,Our mission is to empower talented individuals from Europe pursuing excellence in medicine.,We value students who show leadership potential and dedication to renewable energy systems.,False,False,True,False,82.99,False,1
SCH_000346,New Zealand Engineering Scholarship,"[""brazil"", ""egypt"", ""chile""]",15,18,"[""high_school"", ""bachelors""]","[""social_studies"", ""science""]","[""engineering"", ""economics"", ""social_sciences"", ""chemistry""]",accredited_b,62.0,55.5,[],True,very_low,new_zealand,oceania,"{""academic"": 0.3663, ""leadership"": 0.099, ""olympiad"": 0.1485, ""extracurricular"": 0.1089, ""essay"": 0.2772}",,False,Our mission is to empower talented individuals from Oceania pursuing excellence in engineering.,We value students who show leadership potential and dedication to financial technology.,True,True,False,True,575.1,True,3
SCH_000347,Morocco Chemistry Scholarship,"[""kenya"", ""china"", ""malaysia"", ""thailand"", ""south_korea""]",15,18,"[""high_school""]","[""vocational"", ""science""]","[""chemistry"", ""computer_science"", ""engineering""]",public_a,62.3,54.6,"[{""test_type"": ""ielts"", ""min_score"": 7.6, ""is_mandatory"": false}]",False,upper_middle,morocco,africa,"{""academic"": 0.3333, ""leadership"": 0.1984, ""olympiad"": 0.254, ""extracurricular"": 0.0556, ""essay"": 0.1587}",,False,This scholarship aims to nurture future leaders in chemistry with a passion for machine learning.,We are looking for candidates with strong academic records and proven research experience.,True,False,False,False,1051.44,False,1
SCH_000348,Indonesia Education Scholarship,"[""kenya"", ""germany"", ""malaysia"", ""switzerland"", ""vietnam"", ""chile""]",15,20,"[""high_school""]","[""languages""]","[""education""]",accredited_b,58.8,70.1,"[{""test_type"": ""ielts"", ""min_score"": 6.7, ""is_mandatory"": true}]",True,very_low,indonesia,asia,"{""academic"": 0.4182, ""leadership"": 0.0727, ""olympiad"": 0.3182, ""extracurricular"": 0.1182, ""essay"": 0.0727}",,False,We seek to support outstanding students in education who demonstrate commitment to societal impact.,Ideal candidates demonstrate excellence in education and commitment to technological advancement.,True,True,False,False,701.51,True,2
SCH_000349,Indonesia Biology Scholarship,"[""philippines"", ""sweden"", ""switzerland"", ""usa"", ""india"", ""france"", ""morocco""]",15,20,"[""high_school""]","[""vocational""]","[""biology"", ""physics"", ""education""]",private_a,69.6,54.8,"[{""test_type"": ""toefl"", ""min_score"": 92.8, ""is_mandatory"": true}]",False,low,indonesia,asia,"{""academic"": 0.186, ""leadership"": 0.155, ""olympiad"": 0.2636, ""extracurricular"": 0.2093, ""essay"": 0.186}",,True,We seek to support outstanding students in biology who demonstrate commitment to innovation.,We are looking for candidates with strong academic records and proven research experience.,False,True,True,True,149.32,False,3
SCH_000350,Philippines Medicine Scholarship,"[""brazil"", ""argentina""]",16,21,"[""high_school"", ""bachelors""]","[""social_studies""]","[""medicine"", ""social_sciences"", ""chemistry"", ""business""]",accredited_b,80.7,78.6,"[{""test_type"": ""ielts"", ""min_score"": 7.9, ""is_mandatory"": true}]",True,middle,philippines,asia,"{""academic"": 0.2422, ""leadership"": 0.1875, ""olympiad"": 0.1797, ""extracurricular"": 0.1953, ""essay"": 0.1953}",public_service,True,This scholarship aims to nurture future leaders in medicine with a passion for sustainable agriculture.,Ideal candidates demonstrate excellence in medicine and commitment to community service.,False,False,False,False,1071.72,False,0
SCH_000351,Egypt Mathematics Scholarship,"[""uk"", ""canada"", ""nigeria"", ""germany""]",15,20,"[""high_school"", ""bachelors""]","[""science""]","[""mathematics"", ""business""]",public_a,58.9,64.1,"[{""test_type"": ""toefl"", ""min_score"": 93.0, ""is_mandatory"": true}]",False,middle,egypt,africa,"{""academic"": 0.2632, ""leadership"": 0.2526, ""olympiad"": 0.1684, ""extracurricular"": 0.1263, ""essay"": 0.1895}",public_service,False,We seek to support outstanding students in mathematics who demonstrate commitment to innovation.,Ideal candidates demonstrate excellence in mathematics and commitment to technological advancement.,True,True,True,True,1873.32,True,4
SCH_000352,Canada Agriculture Scholarship,"[""usa"", ""malaysia""]",15,18,"[""high_school"", ""bachelors""]","[""science""]","[""agriculture"", ""biology"", ""mathematics"", ""physics""]",accredited_b,69.8,69.4,"[{""test_type"": ""ielts"", ""min_score"": 7.2, ""is_mandatory"": true}]",True,upper_middle,canada,north_america,"{""academic"": 0.2299, ""leadership"": 0.3218, ""olympiad"": 0.1494, ""extracurricular"": 0.1609, ""essay"": 0.1379}",,True,This scholarship aims to nurture future leaders in agriculture with a passion for climate change mitigation.,We value students who show leadership potential and dedication to climate change mitigation.,True,False,False,False,256.33,False,1
SCH_000353,South Africa Engineering Scholarship,"[""sweden"", ""france"", ""netherlands""]",17,21,"[""high_school"", ""bachelors""]","[""vocational""]","[""engineering"", ""medicine"", ""business""]",private_a,84.8,72.2,"[{""test_type"": ""ielts"", ""min_score"": 7.1, ""is_mandatory"": true}]",False,middle,south_africa,africa,"{""academic"": 0.1959, ""leadership"": 0.2027, ""olympiad"": 0.2703, ""extracurricular"": 0.1284, ""essay"": 0.2027}",,False,We seek to support outstanding students in engineering who demonstrate commitment to innovation.,Ideal candidates demonstrate excellence in engineering and commitment to community service.,True,True,False,False,1754.03,True,2
SCH_000354,Kenya Economics Scholarship,"[""new_zealand"", ""uk"", ""vietnam"", ""egypt"", ""japan""]",15,19,"[""high_school""]","[""science"", ""languages""]","[""economics"", ""education"", ""medicine""]",excellence,58.9,74.5,[],False,middle,kenya,africa,"{""academic"": 0.2593, ""leadership"": 0.1944, ""olympiad"": 0.1944, ""extracurricular"": 0.1296, ""essay"": 0.2222}",industry,True,We seek to support outstanding students in economics who demonstrate commitment to knowledge advancement.,We value students who show leadership potential and dedication to genomic research.,True,True,True,True,1461.92,True,4
SCH_000355,Usa Arts Humanities Scholarship,"[""new_zealand"", ""morocco""]",16,20,"[""high_school""]","[""vocational"", ""religion""]","[""arts_humanities"", ""biology"", ""physics""]",accredited_b,84.1,54.5,"[{""test_type"": ""delf"", ""min_score"": 60, ""is_mandatory"": false}]",False,low,usa,north_america,"{""academic"": 0.3866, ""leadership"": 0.1261, ""olympiad"": 0.3277, ""extracurricular"": 0.1008, ""essay"": 0.0588}",,True,Our mission is to empower talented individuals from North_america pursuing excellence in arts_humanities.,We are looking for candidates with strong academic records and proven leadership experience.,True,False,True,True,67.82,False,3
SCH_000356,Usa Business Scholarship,"[""kenya"", ""brazil""]",17,21,"[""high_school""]","[""social_studies"", ""vocational""]","[""business"", ""economics""]",public_a,60.3,52.8,"[{""test_type"": ""ielts"", ""min_score"": 6.8, ""is_mandatory"": true}]",False,upper_middle,usa,north_america,"{""academic"": 0.2031, ""leadership"": 0.2344, ""olympiad"": 0.2656, ""extracurricular"": 0.2109, ""essay"": 0.0859}",,False,Our mission is to empower talented individuals from North_america pursuing excellence in business.,We are looking for candidates with strong academic records and proven leadership experience.,True,True,False,False,1598.02,True,2
SCH_000357,Australia Education Scholarship,"[""chile"", ""switzerland""]",15,19,"[""high_school"", ""bachelors""]","[""languages""]","[""education"", ""chemistry"", ""computer_science""]",accredited_b,61.0,73.6,"[{""test_type"": ""toefl"", ""min_score"": 108.1, ""is_mandatory"": false}]",False,middle,australia,oceania,"{""academic"": 0.2838, ""leadership"": 0.1892, ""olympiad"": 0.1351, ""extracurricular"": 0.1959, ""essay"": 0.1959}",ngo_npo,False,Our mission is to empower talented individuals from Oceania pursuing excellence in education.,Ideal candidates demonstrate excellence in education and commitment to technological advancement.,True,True,False,False,531.06,True,2
SCH_000358,Australia Physics Scholarship,"[""argentina"", ""netherlands"", ""thailand"", ""vietnam"", ""south_korea"", ""singapore""]",15,20,"[""high_school"", ""bachelors""]","[""religion""]","[""physics""]",accredited_b,69.4,75.5,[],True,very_low,australia,oceania,"{""academic"": 0.3304, ""leadership"": 0.0714, ""olympiad"": 0.25, ""extracurricular"": 0.1786, ""essay"": 0.1696}",,True,Our mission is to empower talented individuals from Oceania pursuing excellence in physics.,We are looking for candidates with strong academic records and proven research experience.,False,True,False,True,999.18,False,2
SCH_000359,New Zealand Economics Scholarship,"[""south_korea"", ""brazil""]",17,20,"[""high_school"", ""bachelors""]","[""science""]","[""economics"", ""biology"", ""business"", ""computer_science""]",private_a,73.4,52.0,[],True,middle,new_zealand,oceania,"{""academic"": 0.3282, ""leadership"": 0.0763, ""olympiad"": 0.2824, ""extracurricular"": 0.2137, ""essay"": 0.0992}",,False,This scholarship aims to nurture future leaders in economics with a passion for education reform.,Ideal candidates demonstrate excellence in economics and commitment to community service.,True,True,True,True,1394.8,True,4
SCH_000360,Usa Law Scholarship,"[""indonesia"", ""brazil"", ""singapore""]",17,22,"[""high_school""]","[""religion""]","[""law"", ""agriculture""]",excellence,55.5,65.2,"[{""test_type"": ""toefl"", ""min_score"": 106.2, ""is_mandatory"": true}]",False,upper_middle,usa,north_america,"{""academic"": 0.374, ""leadership"": 0.1301, ""olympiad"": 0.1951, ""extracurricular"": 0.1463, ""essay"": 0.1545}",,False,We seek to support outstanding students in law who demonstrate commitment to knowledge advancement.,Ideal candidates demonstrate excellence in law and commitment to community service.,False,True,False,False,25.77,False,1
SCH_000361,Switzerland Medicine Scholarship,"[""japan"", ""china"", ""egypt"", ""canada"", ""philippines"", ""sweden""]",17,22,"[""high_school""]","[""vocational"", ""languages""]","[""medicine"", ""engineering""]",private_a,77.9,77.7,[],True,middle,switzerland,europe,"{""academic"": 0.32, ""leadership"": 0.1267, ""olympiad"": 0.2333, ""extracurricular"": 0.1467, ""essay"": 0.1733}",ngo_npo,False,This scholarship aims to nurture future leaders in medicine with a passion for artificial intelligence.,We are looking for candidates with strong academic records and proven research experience.,True,True,True,False,1628.48,True,3
SCH_000362,Canada Biology Scholarship,"[""singapore"", ""india"", ""south_africa"", ""china"", ""australia""]",16,20,"[""high_school""]","[""religion"", ""social_studies""]","[""biology"", ""physics""]",accredited_b,69.1,53.7,[],False,very_low,canada,north_america,"{""academic"": 0.274, ""leadership"": 0.1438, ""olympiad"": 0.2534, ""extracurricular"": 0.1849, ""essay"": 0.1438}",,False,This scholarship aims to nurture future leaders in biology with a passion for human-computer interaction.,Ideal candidates demonstrate excellence in biology and commitment to technological advancement.,True,True,False,True,612.91,True,3
SCH_000363,Brazil Medicine Scholarship,"[""france"", ""thailand"", ""switzerland"", ""singapore""]",15,19,"[""high_school""]","[""religion"", ""social_studies""]","[""medicine"", ""arts_humanities"", ""engineering"", ""physics""]",accredited_b,66.6,51.0,"[{""test_type"": ""jlpt"", ""min_score"": 60, ""is_mandatory"": true}]",False,very_low,brazil,south_america,"{""academic"": 0.3451, ""leadership"": 0.2566, ""olympiad"": 0.115, ""extracurricular"": 0.0619, ""essay"": 0.2212}",,False,We seek to support outstanding students in medicine who demonstrate commitment to innovation.,We value students who show leadership potential and dedication to public health policy.,True,False,False,False,1042.51,False,1
SCH_000364,Australia Agriculture Scholarship,"[""australia"", ""switzerland"", ""chile"", ""uk"", ""philippines""]",15,19,"[""high_school""]","[""languages"", ""science""]","[""agriculture"", ""engineering"", ""social_sciences""]",private_a,78.8,64.8,"[{""test_type"": ""hsk"", ""min_score"": 60, ""is_mandatory"": false}]",True,very_low,australia,oceania,"{""academic"": 0.1786, ""leadership"": 0.1786, ""olympiad"": 0.3125, ""extracurricular"": 0.1071, ""essay"": 0.2232}",,False,This scholarship aims to nurture future leaders in agriculture with a passion for machine learning.,Ideal candidates demonstrate excellence in agriculture and commitment to community service.,True,True,True,True,631.41,True,4
SCH_000365,Morocco Law Scholarship,"[""south_africa"", ""uk"", ""china"", ""australia"", ""argentina"", ""brazil"", ""france""]",15,20,"[""high_school"", ""bachelors""]","[""vocational"", ""religion""]","[""law"", ""economics""]",excellence,79.0,53.1,"[{""test_type"": ""toefl"", ""min_score"": 96.5, ""is_mandatory"": true}]",False,very_low,morocco,africa,"{""academic"": 0.2121, ""leadership"": 0.2626, ""olympiad"": 0.303, ""extracurricular"": 0.1515, ""essay"": 0.0707}",,False,Our mission is to empower talented individuals from Africa pursuing excellence in law.,Ideal candidates demonstrate excellence in law and commitment to technological advancement.,True,True,False,False,865.84,True,2
SCH_000366,Sweden Chemistry Scholarship,"[""egypt"", ""vietnam"", ""sweden""]",17,21,"[""high_school"", ""bachelors""]","[""languages""]","[""chemistry"", ""business"", ""economics""]",excellence,76.9,59.5,"[{""test_type"": ""toefl"", ""min_score"": 87.2, ""is_mandatory"": true}]",True,upper_middle,sweden,europe,"{""academic"": 0.2642, ""leadership"": 0.1792, ""olympiad"": 0.1132, ""extracurricular"": 0.1604, ""essay"": 0.283}",entrepreneurship,False,Our mission is to empower talented individuals from Europe pursuing excellence in chemistry.,Ideal candidates demonstrate excellence in chemistry and commitment to technological advancement.,True,True,False,True,1668.64,True,3
SCH_000367,Germany Education Scholarship,"[""thailand"", ""egypt"", ""sweden"", ""germany"", ""vietnam"", ""philippines"", ""malaysia""]",17,21,"[""high_school""]","[""languages"", ""religion""]","[""education"", ""agriculture"", ""economics"", ""social_sciences""]",public_a,80.1,51.5,"[{""test_type"": ""ielts"", ""min_score"": 7.4, ""is_mandatory"": false}]",False,low,germany,europe,"{""academic"": 0.3048, ""leadership"": 0.0952, ""olympiad"": 0.2857, ""extracurricular"": 0.1333, ""essay"": 0.181}",,True,We seek to support outstanding students in education who demonstrate commitment to knowledge advancement.,We value students who show leadership potential and dedication to genomic research.,True,True,False,True,353.04,True,3
SCH_000368,Indonesia Agriculture Scholarship,"[""india"", ""switzerland"", ""china"", ""morocco"", ""france"", ""netherlands"", ""sweden""]",15,19,"[""high_school""]","[""religion""]","[""agriculture"", ""law"", ""economics"", ""social_sciences""]",public_a,65.5,73.2,"[{""test_type"": ""ielts"", ""min_score"": 7.3, ""is_mandatory"": true}]",False,middle,indonesia,asia,"{""academic"": 0.2655, ""leadership"": 0.1858, ""olympiad"": 0.1062, ""extracurricular"": 0.2389, ""essay"": 0.2035}",academic,False,This scholarship aims to nurture future leaders in agriculture with a passion for quantum computing.,We value students who show leadership potential and dedication to quantum computing.,True,True,True,False,830.34,True,3
SCH_000369,Usa Agriculture Scholarship,"[""chile"", ""australia"", ""switzerland"", ""france"", ""egypt"", ""vietnam""]",17,21,"[""high_school""]","[""religion""]","[""agriculture""]",private_a,58.3,55.3,"[{""test_type"": ""jlpt"", ""min_score"": 60, ""is_mandatory"": true}]",False,low,usa,north_america,"{""academic"": 0.4118, ""leadership"": 0.1429, ""olympiad"": 0.2185, ""extracurricular"": 0.1008, ""essay"": 0.1261}",,False,We seek to support outstanding students in agriculture who demonstrate commitment to societal impact.,Ideal candidates demonstrate excellence in agriculture and commitment to community service.,True,True,True,False,1964.39,True,3
SCH_000370,Sweden Computer Science Scholarship,"[""kenya"", ""chile"", ""brazil"", ""south_africa"", ""philippines"", ""switzerland"", ""indonesia""]",15,19,"[""high_school""]","[""languages""]","[""computer_science"", ""physics"", ""economics""]",private_a,78.2,54.4,"[{""test_type"": ""ielts"", ""min_score"": 6.6, ""is_mandatory"": true}]",True,upper_middle,sweden,europe,"{""academic"": 0.2977, ""leadership"": 0.2214, ""olympiad"": 0.1756, ""extracurricular"": 0.1832, ""essay"": 0.1221}",entrepreneurship,False,We seek to support outstanding students in computer_science who demonstrate commitment to societal impact.,Ideal candidates demonstrate excellence in computer_science and commitment to technological advancement.,True,False,True,True,389.48,False,3
SCH_000371,Brazil Arts Humanities Scholarship,"[""uk"", ""south_korea"", ""sweden"", ""argentina"", ""philippines"", ""india"", ""morocco""]",15,19,"[""high_school"", ""bachelors""]","[""languages"", ""religion""]","[""arts_humanities""]",private_a,72.0,51.8,"[{""test_type"": ""delf"", ""min_score"": 40, ""is_mandatory"": true}]",False,low,brazil,south_america,"{""academic"": 0.2672, ""leadership"": 0.1603, ""olympiad"": 0.2748, ""extracurricular"": 0.1069, ""essay"": 0.1908}",government,True,This scholarship aims to nurture future leaders in arts_humanities with a passion for public health policy.,We are looking for candidates with strong academic records and proven research experience.,True,True,False,True,527.27,True,3
SCH_000372,New Zealand Arts Humanities Scholarship,"[""switzerland"", ""thailand"", ""singapore"", ""malaysia"", ""india""]",17,20,"[""high_school""]","[""religion"", ""social_studies""]","[""arts_humanities"", ""agriculture"", ""engineering"", ""physics""]",public_a,60.8,54.2,"[{""test_type"": ""ielts"", ""min_score"": 6.0, ""is_mandatory"": true}]",True,middle,new_zealand,oceania,"{""academic"": 0.3571, ""leadership"": 0.1984, ""olympiad"": 0.2063, ""extracurricular"": 0.1905, ""essay"": 0.0476}",public_service,True,This scholarship aims to nurture future leaders in arts_humanities with a passion for education reform.,Ideal candidates demonstrate excellence in arts_humanities and commitment to community service.,True,False,True,True,1511.73,False,3
SCH_000373,South Korea Law Scholarship,"[""egypt"", ""chile""]",15,19,"[""high_school""]","[""languages""]","[""law"", ""social_sciences"", ""economics""]",accredited_b,77.0,77.0,"[{""test_type"": ""ielts"", ""min_score"": 6.8, ""is_mandatory"": true}]",False,low,south_korea,asia,"{""academic"": 0.3077, ""leadership"": 0.1678, ""olympiad"": 0.2308, ""extracurricular"": 0.1119, ""essay"": 0.1818}",ngo_npo,False,Our mission is to empower talented individuals from Asia pursuing excellence in law.,Ideal candidates demonstrate excellence in law and commitment to technological advancement.,True,True,False,True,1906.82,True,3
SCH_000374,Canada Engineering Scholarship,"[""germany"", ""usa"", ""new_zealand"", ""argentina"", ""switzerland"", ""indonesia"", ""kenya""]",17,22,"[""high_school""]","[""vocational""]","[""engineering"", ""medicine"", ""business""]",accredited_b,56.8,58.6,"[{""test_type"": ""toefl"", ""min_score"": 107.3, ""is_mandatory"": false}]",True,low,canada,north_america,"{""academic"": 0.2255, ""leadership"": 0.2549, ""olympiad"": 0.3137, ""extracurricular"": 0.098, ""essay"": 0.1078}",,True,Our mission is to empower talented individuals from North_america pursuing excellence in engineering.,We are looking for candidates with strong academic records and proven leadership experience.,True,False,True,False,1129.0,False,2
SCH_000375,Australia Business Scholarship,"[""kenya"", ""philippines"", ""australia"", ""france""]",15,18,"[""high_school""]","[""languages""]","[""business""]",excellence,75.0,62.8,"[{""test_type"": ""toefl"", ""min_score"": 109.3, ""is_mandatory"": true}]",True,upper_middle,australia,oceania,"{""academic"": 0.2917, ""leadership"": 0.0917, ""olympiad"": 0.325, ""extracurricular"": 0.1083, ""essay"": 0.1833}",academic,False,Our mission is to empower talented individuals from Oceania pursuing excellence in business.,Ideal candidates demonstrate excellence in business and commitment to community service.,True,True,True,False,360.96,True,3
SCH_000376,Nigeria Arts Humanities Scholarship,"[""usa"", ""sweden"", ""australia"", ""japan""]",16,20,"[""high_school"", ""bachelors""]","[""science"", ""vocational""]","[""arts_humanities"", ""physics"", ""social_sciences"", ""engineering""]",accredited_b,81.3,54.4,[],True,middle,nigeria,africa,"{""academic"": 0.297, ""leadership"": 0.1782, ""olympiad"": 0.2277, ""extracurricular"": 0.1485, ""essay"": 0.1485}",entrepreneurship,False,This scholarship aims to nurture future leaders in arts_humanities with a passion for education reform.,We value students who show leadership potential and dedication to education reform.,True,True,True,False,1688.4,True,3
SCH_000377,Nigeria Computer Science Scholarship,"[""kenya"", ""morocco""]",17,21,"[""high_school"", ""bachelors""]","[""science"", ""languages""]","[""computer_science""]",excellence,78.8,69.5,"[{""test_type"": ""toefl"", ""min_score"": 92.2, ""is_mandatory"": true}]",True,upper_middle,nigeria,africa,"{""academic"": 0.1894, ""leadership"": 0.197, ""olympiad"": 0.2576, ""extracurricular"": 0.1439, ""essay"": 0.2121}",academic,True,This scholarship aims to nurture future leaders in computer_science with a passion for cybersecurity.,Ideal candidates demonstrate excellence in computer_science and commitment to community service.,True,False,True,True,1160.96,False,3
SCH_000378,Singapore Physics Scholarship,"[""malaysia"", ""japan"", ""china"", ""egypt""]",15,18,"[""high_school""]","[""vocational""]","[""physics"", ""business""]",private_a,65.5,62.2,"[{""test_type"": ""toefl"", ""min_score"": 96.2, ""is_mandatory"": false}]",True,very_low,singapore,asia,"{""academic"": 0.3981, ""leadership"": 0.0556, ""olympiad"": 0.1667, ""extracurricular"": 0.25, ""essay"": 0.1296}",,False,This scholarship aims to nurture future leaders in physics with a passion for genomic research.,We are looking for candidates with strong academic records and proven research experience.,True,True,True,False,1324.34,True,3
SCH_000379,Usa Economics Scholarship,"[""brazil"", ""germany""]",16,19,"[""high_school""]","[""science""]","[""economics"", ""biology"", ""law""]",accredited_b,78.9,71.4,[],False,upper_middle,usa,north_america,"{""academic"": 0.2679, ""leadership"": 0.1875, ""olympiad"": 0.2232, ""extracurricular"": 0.1607, ""essay"": 0.1607}",,True,This scholarship aims to nurture future leaders in economics with a passion for genomic research.,Ideal candidates demonstrate excellence in economics and commitment to technological advancement.,True,True,True,True,603.26,True,4
SCH_000380,New Zealand Education Scholarship,"[""france"", ""india"", ""south_africa"", ""japan""]",15,18,"[""high_school"", ""bachelors""]","[""religion""]","[""education"", ""economics"", ""agriculture""]",excellence,72.7,77.6,"[{""test_type"": ""toefl"", ""min_score"": 80.6, ""is_mandatory"": false}]",False,middle,new_zealand,oceania,"{""academic"": 0.2713, ""leadership"": 0.2093, ""olympiad"": 0.1008, ""extracurricular"": 0.2093, ""essay"": 0.2093}",,False,Our mission is to empower talented individuals from Oceania pursuing excellence in education.,Ideal candidates demonstrate excellence in education and commitment to community service.,True,True,False,True,664.53,True,3
SCH_000381,Brazil Agriculture Scholarship,"[""singapore"", ""germany"", ""uk"", ""usa""]",17,22,"[""high_school""]","[""languages"", ""social_studies""]","[""agriculture"", ""medicine"", ""engineering""]",excellence,68.5,55.8,[],True,low,brazil,south_america,"{""academic"": 0.2095, ""leadership"": 0.1619, ""olympiad"": 0.181, ""extracurricular"": 0.2571, ""essay"": 0.1905}",academic,False,Our mission is to empower talented individuals from South_america pursuing excellence in agriculture.,We value students who show leadership potential and dedication to artificial intelligence.,True,True,False,False,695.08,True,2
SCH_000382,Japan Mathematics Scholarship,"[""india"", ""chile""]",15,19,"[""high_school""]","[""vocational""]","[""mathematics"", ""business"", ""medicine""]",accredited_b,83.9,58.2,[],True,upper_middle,japan,asia,"{""academic"": 0.4474, ""leadership"": 0.1974, ""olympiad"": 0.1842, ""extracurricular"": 0.0921, ""essay"": 0.0789}",,False,Our mission is to empower talented individuals from Asia pursuing excellence in mathematics.,We are looking for candidates with strong academic records and proven leadership experience.,True,False,True,True,1423.73,False,3
SCH_000383,New Zealand Chemistry Scholarship,"[""south_korea"", ""japan"", ""canada"", ""brazil"", ""malaysia"", ""kenya"", ""thailand""]",16,20,"[""high_school""]","[""languages""]","[""chemistry""]",accredited_b,55.3,55.8,"[{""test_type"": ""topik"", ""min_score"": 150, ""is_mandatory"": true}]",False,low,new_zealand,oceania,"{""academic"": 0.3162, ""leadership"": 0.125, ""olympiad"": 0.2353, ""extracurricular"": 0.1765, ""essay"": 0.1471}",entrepreneurship,True,This scholarship aims to nurture future leaders in chemistry with a passion for financial technology.,We are looking for candidates with strong academic records and proven leadership experience.,False,False,False,True,18.87,False,1
SCH_000384,Japan Computer Science Scholarship,"[""kenya"", ""india"", ""new_zealand""]",15,19,"[""high_school""]","[""vocational""]","[""computer_science""]",public_a,83.4,74.6,[],False,low,japan,asia,"{""academic"": 0.3664, ""leadership"": 0.1374, ""olympiad"": 0.1069, ""extracurricular"": 0.2061, ""essay"": 0.1832}",,False,Our mission is to empower talented individuals from Asia pursuing excellence in computer_science.,We value students who show leadership potential and dedication to financial technology.,False,True,True,False,622.18,False,2
SCH_000385,New Zealand Mathematics Scholarship,"[""nigeria"", ""canada"", ""singapore""]",15,18,"[""high_school""]","[""social_studies"", ""languages""]","[""mathematics"", ""law"", ""social_sciences""]",accredited_b,71.5,72.1,[],False,upper_middle,new_zealand,oceania,"{""academic"": 0.3274, ""leadership"": 0.1416, ""olympiad"": 0.115, ""extracurricular"": 0.2478, ""essay"": 0.1681}",academic,True,Our mission is to empower talented individuals from Oceania pursuing excellence in mathematics.,Ideal candidates demonstrate excellence in mathematics and commitment to community service.,True,False,True,False,1020.76,False,2
SCH_000386,Netherlands Medicine Scholarship,"[""chile"", ""switzerland"", ""china"", ""new_zealand"", ""egypt"", ""usa"", ""australia""]",17,22,"[""high_school""]","[""science""]","[""medicine"", ""agriculture"", ""engineering"", ""mathematics""]",excellence,78.3,62.6,"[{""test_type"": ""toefl"", ""min_score"": 87.7, ""is_mandatory"": false}]",True,upper_middle,netherlands,europe,"{""academic"": 0.2128, ""leadership"": 0.2057, ""olympiad"": 0.2057, ""extracurricular"": 0.2128, ""essay"": 0.1631}",,False,This scholarship aims to nurture future leaders in medicine with a passion for renewable energy systems.,We value students who show leadership potential and dedication to renewable energy systems.,True,True,False,False,1618.33,True,2
SCH_000387,Brazil Computer Science Scholarship,"[""germany"", ""malaysia"", ""thailand"", ""chile"", ""brazil""]",16,20,"[""high_school"", ""bachelors""]","[""social_studies"", ""science""]","[""computer_science"", ""business"", ""chemistry""]",private_a,61.3,51.5,"[{""test_type"": ""ielts"", ""min_score"": 8.0, ""is_mandatory"": false}]",False,middle,brazil,south_america,"{""academic"": 0.3474, ""leadership"": 0.1368, ""olympiad"": 0.1684, ""extracurricular"": 0.2105, ""essay"": 0.1368}",,True,We seek to support outstanding students in computer_science who demonstrate commitment to innovation.,We are looking for candidates with strong academic records and proven research experience.,True,False,False,True,1008.03,False,2
SCH_000388,Singapore Physics Scholarship,"[""germany"", ""south_korea"", ""switzerland"", ""new_zealand"", ""singapore"", ""vietnam""]",15,20,"[""high_school""]","[""vocational"", ""religion""]","[""physics"", ""law"", ""medicine""]",public_a,75.7,52.7,"[{""test_type"": ""delf"", ""min_score"": 40, ""is_mandatory"": true}]",False,very_low,singapore,asia,"{""academic"": 0.3411, ""leadership"": 0.1705, ""olympiad"": 0.2636, ""extracurricular"": 0.0853, ""essay"": 0.1395}",,False,This scholarship aims to nurture future leaders in physics with a passion for human-computer interaction.,We are looking for candidates with strong academic records and proven leadership experience.,True,True,False,True,418.04,True,3
SCH_000389,Australia Computer Science Scholarship,"[""chile"", ""argentina""]",17,22,"[""high_school""]","[""religion"", ""social_studies""]","[""computer_science""]",public_a,55.9,51.0,"[{""test_type"": ""ielts"", ""min_score"": 6.3, ""is_mandatory"": true}]",True,upper_middle,australia,oceania,"{""academic"": 0.2797, ""leadership"": 0.1525, ""olympiad"": 0.2966, ""extracurricular"": 0.178, ""essay"": 0.0932}",,True,This scholarship aims to nurture future leaders in computer_science with a passion for education reform.,We are looking for candidates with strong academic records and proven leadership experience.,True,False,False,False,1911.62,False,1
SCH_000390,Canada Business Scholarship,"[""new_zealand"", ""south_africa"", ""philippines"", ""canada"", ""india""]",17,22,"[""high_school""]","[""social_studies"", ""religion""]","[""business""]",excellence,55.5,56.5,"[{""test_type"": ""ielts"", ""min_score"": 7.0, ""is_mandatory"": true}]",True,very_low,canada,north_america,"{""academic"": 0.4167, ""leadership"": 0.1146, ""olympiad"": 0.2188, ""extracurricular"": 0.1875, ""essay"": 0.0625}",,False,This scholarship aims to nurture future leaders in business with a passion for human-computer interaction.,Ideal candidates demonstrate excellence in business and commitment to community service.,True,True,False,True,352.97,True,3
SCH_000391,Canada Business Scholarship,"[""brazil"", ""canada"", ""nigeria"", ""germany""]",17,21,"[""high_school""]","[""social_studies""]","[""business"", ""economics""]",excellence,75.6,68.7,[],True,low,canada,north_america,"{""academic"": 0.2946, ""leadership"": 0.2054, ""olympiad"": 0.0893, ""extracurricular"": 0.2143, ""essay"": 0.1964}",,True,This scholarship aims to nurture future leaders in business with a passion for machine learning.,Ideal candidates demonstrate excellence in business and commitment to technological advancement.,True,True,False,False,1067.34,True,2
SCH_000392,Malaysia Biology Scholarship,"[""philippines"", ""india"", ""thailand"", ""new_zealand"", ""morocco"", ""kenya""]",16,21,"[""high_school""]","[""languages""]","[""biology"", ""physics""]",private_a,68.5,68.2,[],True,low,malaysia,asia,"{""academic"": 0.2679, ""leadership"": 0.25, ""olympiad"": 0.1518, ""extracurricular"": 0.1518, ""essay"": 0.1786}",government,False,Our mission is to empower talented individuals from Asia pursuing excellence in biology.,We value students who show leadership potential and dedication to public health policy.,True,True,False,True,1824.54,True,3
SCH_000393,Usa Business Scholarship,"[""france"", ""malaysia"", ""philippines"", ""indonesia"", ""south_africa""]",16,20,"[""high_school"", ""bachelors""]","[""science""]","[""business""]",private_a,60.2,51.9,"[{""test_type"": ""ielts"", ""min_score"": 7.1, ""is_mandatory"": true}]",True,very_low,usa,north_america,"{""academic"": 0.2371, ""leadership"": 0.1237, ""olympiad"": 0.1649, ""extracurricular"": 0.1649, ""essay"": 0.3093}",,True,Our mission is to empower talented individuals from North_america pursuing excellence in business.,We value students who show leadership potential and dedication to sustainable agriculture.,True,True,False,False,1100.33,True,2
SCH_000394,Usa Medicine Scholarship,"[""morocco"", ""argentina"", ""canada"", ""france"", ""chile""]",16,21,"[""high_school"", ""bachelors""]","[""religion"", ""vocational""]","[""medicine"", ""mathematics"", ""arts_humanities""]",public_a,66.6,56.7,"[{""test_type"": ""topik"", ""min_score"": 200, ""is_mandatory"": false}]",False,upper_middle,usa,north_america,"{""academic"": 0.2736, ""leadership"": 0.1415, ""olympiad"": 0.1698, ""extracurricular"": 0.1981, ""essay"": 0.217}",public_service,False,We seek to support outstanding students in medicine who demonstrate commitment to knowledge advancement.,Ideal candidates demonstrate excellence in medicine and commitment to technological advancement.,True,False,False,False,961.19,False,1
SCH_000395,Egypt Physics Scholarship,"[""sweden"", ""new_zealand"", ""south_korea"", ""philippines""]",16,21,"[""high_school""]","[""vocational""]","[""physics"", ""arts_humanities"", ""law""]",excellence,62.5,75.7,"[{""test_type"": ""ielts"", ""min_score"": 7.3, ""is_mandatory"": true}]",False,very_low,egypt,africa,"{""academic"": 0.2667, ""leadership"": 0.25, ""olympiad"": 0.2333, ""extracurricular"": 0.1917, ""essay"": 0.0583}",,False,We seek to support outstanding students in physics who demonstrate commitment to knowledge advancement.,We value students who show leadership potential and dedication to public health policy.,True,True,True,False,1260.13,True,3
SCH_000396,Canada Agriculture Scholarship,"[""australia"", ""france"", ""philippines"", ""kenya""]",17,22,"[""high_school"", ""bachelors""]","[""religion"", ""languages""]","[""agriculture"", ""law"", ""mathematics""]",public_a,74.2,79.6,"[{""test_type"": ""ielts"", ""min_score"": 7.3, ""is_mandatory"": true}]",False,low,canada,north_america,"{""academic"": 0.2101, ""leadership"": 0.2017, ""olympiad"": 0.2773, ""extracurricular"": 0.1092, ""essay"": 0.2017}",government,False,We seek to support outstanding students in agriculture who demonstrate commitment to societal impact.,We value students who show leadership potential and dedication to public health policy.,True,True,False,False,324.41,True,2
SCH_000397,France Chemistry Scholarship,"[""indonesia"", ""new_zealand""]",16,19,"[""high_school""]","[""religion"", ""languages""]","[""chemistry"", ""social_sciences"", ""business"", ""physics""]",public_a,79.9,64.4,[],False,low,france,europe,"{""academic"": 0.3769, ""leadership"": 0.1385, ""olympiad"": 0.2692, ""extracurricular"": 0.0846, ""essay"": 0.1308}",academic,True,We seek to support outstanding students in chemistry who demonstrate commitment to societal impact.,Ideal candidates demonstrate excellence in chemistry and commitment to technological advancement.,True,False,False,True,1985.92,False,2
SCH_000398,New Zealand Arts Humanities Scholarship,"[""canada"", ""egypt"", ""france"", ""new_zealand"", ""china""]",16,21,"[""high_school""]","[""social_studies""]","[""arts_humanities"", ""chemistry"", ""biology"", ""social_sciences""]",public_a,67.4,56.7,[],False,low,new_zealand,oceania,"{""academic"": 0.2056, ""leadership"": 0.1495, ""olympiad"": 0.3271, ""extracurricular"": 0.0935, ""essay"": 0.2243}",,False,We seek to support outstanding students in arts_humanities who demonstrate commitment to knowledge advancement.,Ideal candidates demonstrate excellence in arts_humanities and commitment to technological advancement.,True,False,True,True,103.73,False,3
SCH_000399,Switzerland Chemistry Scholarship,"[""usa"", ""brazil""]",17,22,"[""high_school""]","[""vocational""]","[""chemistry"", ""economics""]",private_a,73.0,76.2,[],False,upper_middle,switzerland,europe,"{""academic"": 0.2435, ""leadership"": 0.113, ""olympiad"": 0.2435, ""extracurricular"": 0.1739, ""essay"": 0.2261}",government,False,We seek to support outstanding students in chemistry who demonstrate commitment to knowledge advancement.,We are looking for candidates with strong academic records and proven leadership experience.,False,True,True,False,30.36,False,2
SCH_000400,Australia Economics Scholarship,"[""china"", ""new_zealand"", ""germany"", ""brazil""]",17,21,"[""high_school""]","[""religion"", ""social_studies""]","[""economics"", ""agriculture""]",public_a,81.5,60.2,[],True,very_low,australia,oceania,"{""academic"": 0.419, ""leadership"": 0.1048, ""olympiad"": 0.1619, ""extracurricular"": 0.2476, ""essay"": 0.0667}",government,False,This scholarship aims to nurture future leaders in economics with a passion for public health policy.,Ideal candidates demonstrate excellence in economics and commitment to community service.,True,True,False,False,30.56,True,2
SCH_000401,Egypt Biology Scholarship,"[""singapore"", ""india"", ""netherlands"", ""philippines""]",16,20,"[""high_school""]","[""languages"", ""vocational""]","[""biology"", ""education"", ""economics""]",accredited_b,55.4,52.4,"[{""test_type"": ""toefl"", ""min_score"": 87.0, ""is_mandatory"": true}]",False,upper_middle,egypt,africa,"{""academic"": 0.3394, ""leadership"": 0.1835, ""olympiad"": 0.2202, ""extracurricular"": 0.2018, ""essay"": 0.055}",government,True,We seek to support outstanding students in biology who demonstrate commitment to knowledge advancement.,Ideal candidates demonstrate excellence in biology and commitment to technological advancement.,True,False,True,False,450.85,False,2
SCH_000402,Australia Chemistry Scholarship,"[""nigeria"", ""chile"", ""malaysia"", ""australia""]",15,20,"[""high_school""]","[""religion""]","[""chemistry""]",accredited_b,56.7,50.6,"[{""test_type"": ""ielts"", ""min_score"": 7.1, ""is_mandatory"": true}]",False,low,australia,oceania,"{""academic"": 0.2525, ""leadership"": 0.1414, ""olympiad"": 0.1414, ""extracurricular"": 0.2222, ""essay"": 0.2424}",,True,We seek to support outstanding students in chemistry who demonstrate commitment to societal impact.,We value students who show leadership potential and dedication to education reform.,True,True,False,True,360.51,True,3
SCH_000403,Canada Economics Scholarship,"[""japan"", ""morocco"", ""france"", ""canada"", ""china"", ""australia"", ""chile""]",16,21,"[""high_school""]","[""social_studies"", ""science""]","[""economics"", ""physics"", ""arts_humanities"", ""education""]",public_a,57.7,60.9,"[{""test_type"": ""ielts"", ""min_score"": 7.6, ""is_mandatory"": true}]",False,upper_middle,canada,north_america,"{""academic"": 0.3889, ""leadership"": 0.1508, ""olympiad"": 0.1587, ""extracurricular"": 0.0873, ""essay"": 0.2143}",ngo_npo,False,This scholarship aims to nurture future leaders in economics with a passion for sustainable agriculture.,We value students who show leadership potential and dedication to sustainable agriculture.,True,True,True,False,129.31,True,3
SCH_000404,Egypt Arts Humanities Scholarship,"[""vietnam"", ""australia"", ""south_korea""]",16,20,"[""high_school""]","[""social_studies""]","[""arts_humanities"", ""education"", ""physics"", ""social_sciences""]",public_a,68.6,63.4,"[{""test_type"": ""toefl"", ""min_score"": 84.8, ""is_mandatory"": true}]",False,upper_middle,egypt,africa,"{""academic"": 0.2632, ""leadership"": 0.2018, ""olympiad"": 0.1667, ""extracurricular"": 0.2368, ""essay"": 0.1316}",,True,We seek to support outstanding students in arts_humanities who demonstrate commitment to knowledge advancement.,We are looking for candidates with strong academic records and proven research experience.,True,True,True,False,301.07,True,3
SCH_000405,Brazil Agriculture Scholarship,"[""new_zealand"", ""australia"", ""south_africa""]",16,21,"[""high_school"", ""bachelors""]","[""science"", ""vocational""]","[""agriculture""]",accredited_b,83.8,50.9,"[{""test_type"": ""ielts"", ""min_score"": 6.6, ""is_mandatory"": true}]",False,middle,brazil,south_america,"{""academic"": 0.2258, ""leadership"": 0.1935, ""olympiad"": 0.2581, ""extracurricular"": 0.1806, ""essay"": 0.1419}",,False,Our mission is to empower talented individuals from South_america pursuing excellence in agriculture.,Ideal candidates demonstrate excellence in agriculture and commitment to technological advancement.,True,True,False,False,614.13,True,2
SCH_000406,Switzerland Medicine Scholarship,"[""argentina"", ""new_zealand"", ""kenya""]",15,18,"[""high_school"", ""bachelors""]","[""languages""]","[""medicine"", ""social_sciences""]",accredited_b,59.8,61.9,[],False,very_low,switzerland,europe,"{""academic"": 0.266, ""leadership"": 0.0957, ""olympiad"": 0.3298, ""extracurricular"": 0.2021, ""essay"": 0.1064}",academic,False,We seek to support outstanding students in medicine who demonstrate commitment to innovation.,We are looking for candidates with strong academic records and proven leadership experience.,True,True,False,True,1129.06,True,3
SCH_000407,Brazil Education Scholarship,"[""france"", ""indonesia"", ""usa"", ""australia"", ""philippines"", ""canada""]",16,21,"[""high_school"", ""bachelors""]","[""social_studies"", ""vocational""]","[""education"", ""mathematics"", ""economics""]",public_a,72.1,54.7,"[{""test_type"": ""ielts"", ""min_score"": 6.8, ""is_mandatory"": false}]",False,very_low,brazil,south_america,"{""academic"": 0.3382, ""leadership"": 0.1912, ""olympiad"": 0.0956, ""extracurricular"": 0.1838, ""essay"": 0.1912}",,True,This scholarship aims to nurture future leaders in education with a passion for cybersecurity.,Ideal candidates demonstrate excellence in education and commitment to community service.,True,True,True,False,1485.59,True,3
SCH_000408,Uk Arts Humanities Scholarship,"[""canada"", ""australia"", ""thailand"", ""south_korea"", ""netherlands"", ""germany"", ""malaysia""]",17,21,"[""high_school"", ""bachelors""]","[""vocational"", ""social_studies""]","[""arts_humanities"", ""medicine""]",excellence,76.3,79.1,[],False,low,uk,europe,"{""academic"": 0.4022, ""leadership"": 0.1087, ""olympiad"": 0.2174, ""extracurricular"": 0.1739, ""essay"": 0.0978}",,False,We seek to support outstanding students in arts_humanities who demonstrate commitment to innovation.,Ideal candidates demonstrate excellence in arts_humanities and commitment to technological advancement.,True,True,True,True,1276.17,True,4
SCH_000409,Argentina Mathematics Scholarship,"[""chile"", ""argentina"", ""egypt"", ""france""]",15,20,"[""high_school""]","[""languages"", ""religion""]","[""mathematics"", ""arts_humanities""]",private_a,57.8,67.3,[],True,upper_middle,argentina,south_america,"{""academic"": 0.2895, ""leadership"": 0.1579, ""olympiad"": 0.2368, ""extracurricular"": 0.2193, ""essay"": 0.0965}",,False,Our mission is to empower talented individuals from South_america pursuing excellence in mathematics.,Ideal candidates demonstrate excellence in mathematics and commitment to technological advancement.,True,True,True,False,1453.55,True,3
SCH_000410,Thailand Economics Scholarship,"[""south_africa"", ""japan"", ""argentina"", ""thailand""]",16,21,"[""high_school""]","[""religion"", ""science""]","[""economics"", ""education"", ""engineering"", ""social_sciences""]",private_a,67.1,67.9,"[{""test_type"": ""delf"", ""min_score"": 60, ""is_mandatory"": false}]",False,middle,thailand,asia,"{""academic"": 0.2439, ""leadership"": 0.0976, ""olympiad"": 0.2317, ""extracurricular"": 0.1829, ""essay"": 0.2439}",industry,False,Our mission is to empower talented individuals from Asia pursuing excellence in economics.,We value students who show leadership potential and dedication to artificial intelligence.,True,False,True,False,581.52,False,2
SCH_000411,Egypt Biology Scholarship,"[""china"", ""indonesia""]",16,21,"[""high_school""]","[""vocational"", ""science""]","[""biology"", ""social_sciences"", ""business""]",accredited_b,58.7,64.4,"[{""test_type"": ""toefl"", ""min_score"": 90.1, ""is_mandatory"": true}]",False,very_low,egypt,africa,"{""academic"": 0.2961, ""leadership"": 0.1711, ""olympiad"": 0.25, ""extracurricular"": 0.1908, ""essay"": 0.0921}",industry,True,Our mission is to empower talented individuals from Africa pursuing excellence in biology.,We value students who show leadership potential and dedication to public health policy.,True,True,False,True,1476.11,True,3
SCH_000412,Brazil Education Scholarship,"[""chile"", ""canada"", ""uk"", ""thailand"", ""argentina""]",15,18,"[""high_school"", ""bachelors""]","[""languages"", ""vocational""]","[""education""]",public_a,71.4,51.8,"[{""test_type"": ""jlpt"", ""min_score"": 60, ""is_mandatory"": false}]",False,very_low,brazil,south_america,"{""academic"": 0.1826, ""leadership"": 0.2609, ""olympiad"": 0.3304, ""extracurricular"": 0.1826, ""essay"": 0.0435}",entrepreneurship,False,Our mission is to empower talented individuals from South_america pursuing excellence in education.,We value students who show leadership potential and dedication to climate change mitigation.,True,True,True,False,1740.5,True,3
SCH_000413,Australia Biology Scholarship,"[""new_zealand"", ""morocco"", ""argentina""]",17,20,"[""high_school""]","[""languages"", ""science""]","[""biology""]",public_a,61.0,53.3,"[{""test_type"": ""toefl"", ""min_score"": 103.7, ""is_mandatory"": true}]",True,middle,australia,oceania,"{""academic"": 0.2645, ""leadership"": 0.1488, ""olympiad"": 0.2727, ""extracurricular"": 0.0992, ""essay"": 0.2149}",,False,This scholarship aims to nurture future leaders in biology with a passion for sustainable agriculture.,We are looking for candidates with strong academic records and proven leadership experience.,True,True,True,False,1275.47,True,3
SCH_000414,Vietnam Law Scholarship,"[""germany"", ""usa"", ""india"", ""vietnam""]",15,18,"[""high_school"", ""bachelors""]","[""languages""]","[""law"", ""social_sciences""]",accredited_b,61.1,60.7,"[{""test_type"": ""ielts"", ""min_score"": 6.3, ""is_mandatory"": false}]",False,very_low,vietnam,asia,"{""academic"": 0.23, ""leadership"": 0.09, ""olympiad"": 0.25, ""extracurricular"": 0.22, ""essay"": 0.21}",government,False,This scholarship aims to nurture future leaders in law with a passion for machine learning.,Ideal candidates demonstrate excellence in law and commitment to community service.,True,True,True,False,49.67,True,3
SCH_000415,New Zealand Medicine Scholarship,"[""chile"", ""brazil"", ""nigeria"", ""switzerland"", ""south_africa""]",16,19,"[""high_school""]","[""vocational"", ""languages""]","[""medicine"", ""biology""]",private_a,74.4,66.8,"[{""test_type"": ""ielts"", ""min_score"": 7.3, ""is_mandatory"": false}]",True,very_low,new_zealand,oceania,"{""academic"": 0.25, ""leadership"": 0.2419, ""olympiad"": 0.2339, ""extracurricular"": 0.1452, ""essay"": 0.129}",academic,True,This scholarship aims to nurture future leaders in medicine with a passion for human-computer interaction.,Ideal candidates demonstrate excellence in medicine and commitment to community service.,True,True,False,False,1460.8,True,2
SCH_000416,Switzerland Chemistry Scholarship,"[""south_korea"", ""chile"", ""new_zealand"", ""morocco""]",16,21,"[""high_school""]","[""science"", ""languages""]","[""chemistry""]",public_a,71.9,54.0,"[{""test_type"": ""ielts"", ""min_score"": 6.0, ""is_mandatory"": true}]",False,middle,switzerland,europe,"{""academic"": 0.3529, ""leadership"": 0.1261, ""olympiad"": 0.2353, ""extracurricular"": 0.042, ""essay"": 0.2437}",,True,Our mission is to empower talented individuals from Europe pursuing excellence in chemistry.,We are looking for candidates with strong academic records and proven research experience.,False,True,False,True,568.21,False,2
SCH_000417,Switzerland Arts Humanities Scholarship,"[""argentina"", ""sweden"", ""vietnam"", ""switzerland"", ""china""]",16,21,"[""high_school"", ""bachelors""]","[""vocational"", ""religion""]","[""arts_humanities"", ""education"", ""mathematics""]",private_a,75.9,54.9,"[{""test_type"": ""ielts"", ""min_score"": 8.0, ""is_mandatory"": true}]",True,upper_middle,switzerland,europe,"{""academic"": 0.2903, ""leadership"": 0.2097, ""olympiad"": 0.2661, ""extracurricular"": 0.0806, ""essay"": 0.1532}",,False,We seek to support outstanding students in arts_humanities who demonstrate commitment to societal impact.,We value students who show leadership potential and dedication to renewable energy systems.,True,True,True,False,866.58,True,3
SCH_000418,Egypt Physics Scholarship,"[""egypt"", ""australia""]",15,18,"[""high_school"", ""bachelors""]","[""science""]","[""physics"", ""arts_humanities"", ""business""]",accredited_b,75.6,54.3,[],False,very_low,egypt,africa,"{""academic"": 0.1938, ""leadership"": 0.2016, ""olympiad"": 0.3023, ""extracurricular"": 0.0698, ""essay"": 0.2326}",,False,Our mission is to empower talented individuals from Africa pursuing excellence in physics.,We are looking for candidates with strong academic records and proven leadership experience.,True,False,True,True,1614.31,False,3
SCH_000419,Singapore Agriculture Scholarship,"[""netherlands"", ""sweden"", ""australia"", ""new_zealand"", ""south_korea"", ""egypt"", ""japan""]",17,22,"[""high_school"", ""bachelors""]","[""vocational"", ""languages""]","[""agriculture"", ""law""]",private_a,57.7,65.2,[],False,middle,singapore,asia,"{""academic"": 0.2737, ""leadership"": 0.1789, ""olympiad"": 0.2947, ""extracurricular"": 0.2, ""essay"": 0.0526}",,False,This scholarship aims to nurture future leaders in agriculture with a passion for renewable energy systems.,We are looking for candidates with strong academic records and proven research experience.,True,False,False,False,107.06,False,1
SCH_000420,South Africa Social Sciences Scholarship,"[""indonesia"", ""germany"", ""australia"", ""vietnam"", ""usa""]",17,21,"[""high_school""]","[""social_studies""]","[""social_sciences"", ""computer_science""]",public_a,78.1,55.3,"[{""test_type"": ""hsk"", ""min_score"": 80, ""is_mandatory"": true}]",False,low,south_africa,africa,"{""academic"": 0.2917, ""leadership"": 0.1771, ""olympiad"": 0.2604, ""extracurricular"": 0.1042, ""essay"": 0.1667}",public_service,True,Our mission is to empower talented individuals from Africa pursuing excellence in social_sciences.,We are looking for candidates with strong academic records and proven leadership experience.,False,True,False,False,857.42,False,1
SCH_000421,France Biology Scholarship,"[""indonesia"", ""netherlands"", ""nigeria""]",17,22,"[""high_school""]","[""science""]","[""biology""]",private_a,76.9,62.6,"[{""test_type"": ""toefl"", ""min_score"": 83.9, ""is_mandatory"": true}]",False,very_low,france,europe,"{""academic"": 0.3053, ""leadership"": 0.0737, ""olympiad"": 0.2211, ""extracurricular"": 0.2, ""essay"": 0.2}",,False,Our mission is to empower talented individuals from Europe pursuing excellence in biology.,Ideal candidates demonstrate excellence in biology and commitment to community service.,True,False,True,True,309.92,False,3
SCH_000422,Singapore Biology Scholarship,"[""switzerland"", ""germany"", ""singapore"", ""nigeria"", ""usa""]",15,20,"[""high_school""]","[""science"", ""languages""]","[""biology"", ""medicine"", ""physics"", ""business""]",excellence,78.5,51.1,[],False,low,singapore,asia,"{""academic"": 0.3333, ""leadership"": 0.1075, ""olympiad"": 0.1075, ""extracurricular"": 0.2258, ""essay"": 0.2258}",public_service,True,We seek to support outstanding students in biology who demonstrate commitment to knowledge advancement.,We value students who show leadership potential and dedication to machine learning.,True,True,True,True,1949.98,True,4
SCH_000423,Canada Engineering Scholarship,"[""argentina"", ""france""]",17,20,"[""high_school"", ""bachelors""]","[""languages"", ""religion""]","[""engineering""]",accredited_b,82.5,75.9,"[{""test_type"": ""ielts"", ""min_score"": 7.8, ""is_mandatory"": true}]",False,very_low,canada,north_america,"{""academic"": 0.4078, ""leadership"": 0.2136, ""olympiad"": 0.1262, ""extracurricular"": 0.2039, ""essay"": 0.0485}",ngo_npo,True,This scholarship aims to nurture future leaders in engineering with a passion for cybersecurity.,We are looking for candidates with strong academic records and proven research experience.,True,False,True,False,1500.74,False,2
SCH_000424,Malaysia Economics Scholarship,"[""sweden"", ""japan"", ""argentina"", ""chile"", ""india""]",16,21,"[""high_school"", ""bachelors""]","[""vocational"", ""social_studies""]","[""economics"", ""physics""]",public_a,60.3,72.2,[],False,very_low,malaysia,asia,"{""academic"": 0.2385, ""leadership"": 0.2661, ""olympiad"": 0.1284, ""extracurricular"": 0.156, ""essay"": 0.211}",,False,Our mission is to empower talented individuals from Asia pursuing excellence in economics.,We are looking for candidates with strong academic records and proven research experience.,True,True,True,False,567.35,True,3
SCH_000425,New Zealand Arts Humanities Scholarship,"[""uk"", ""egypt"", ""morocco"", ""australia"", ""france""]",15,18,"[""high_school"", ""bachelors""]","[""languages"", ""religion""]","[""arts_humanities"", ""chemistry""]",excellence,68.7,59.8,"[{""test_type"": ""ielts"", ""min_score"": 6.3, ""is_mandatory"": true}]",True,middle,new_zealand,oceania,"{""academic"": 0.4205, ""leadership"": 0.0795, ""olympiad"": 0.2045, ""extracurricular"": 0.2273, ""essay"": 0.0682}",entrepreneurship,False,This scholarship aims to nurture future leaders in arts_humanities with a passion for renewable energy systems.,Ideal candidates demonstrate excellence in arts_humanities and commitment to community service.,True,False,True,False,1205.11,False,2
SCH_000426,Canada Chemistry Scholarship,"[""japan"", ""morocco"", ""kenya"", ""vietnam"", ""france"", ""switzerland"", ""chile""]",15,19,"[""high_school"", ""bachelors""]","[""social_studies"", ""languages""]","[""chemistry"", ""economics""]",private_a,61.8,78.6,"[{""test_type"": ""ielts"", ""min_score"": 7.1, ""is_mandatory"": true}]",True,very_low,canada,north_america,"{""academic"": 0.2842, ""leadership"": 0.1474, ""olympiad"": 0.2526, ""extracurricular"": 0.0632, ""essay"": 0.2526}",,True,This scholarship aims to nurture future leaders in chemistry with a passion for renewable energy systems.,We are looking for candidates with strong academic records and proven leadership experience.,False,True,True,False,870.64,False,2
SCH_000427,Germany Business Scholarship,"[""sweden"", ""chile"", ""egypt"", ""australia"", ""thailand"", ""netherlands"", ""argentina""]",16,21,"[""high_school"", ""bachelors""]","[""languages""]","[""business""]",public_a,84.5,64.7,"[{""test_type"": ""delf"", ""min_score"": 40, ""is_mandatory"": true}]",False,very_low,germany,europe,"{""academic"": 0.3832, ""leadership"": 0.2243, ""olympiad"": 0.1121, ""extracurricular"": 0.1682, ""essay"": 0.1121}",,False,Our mission is to empower talented individuals from Europe pursuing excellence in business.,Ideal candidates demonstrate excellence in business and commitment to technological advancement.,True,True,False,True,1347.04,True,3
SCH_000428,Egypt Engineering Scholarship,"[""vietnam"", ""kenya"", ""argentina"", ""new_zealand""]",15,19,"[""high_school""]","[""vocational""]","[""engineering"", ""economics""]",public_a,81.5,70.6,"[{""test_type"": ""jlpt"", ""min_score"": 60, ""is_mandatory"": false}]",False,upper_middle,egypt,africa,"{""academic"": 0.2323, ""leadership"": 0.1313, ""olympiad"": 0.303, ""extracurricular"": 0.1919, ""essay"": 0.1414}",government,False,This scholarship aims to nurture future leaders in engineering with a passion for cybersecurity.,We value students who show leadership potential and dedication to cybersecurity.,True,True,False,False,1531.78,True,2
SCH_000429,South Korea Arts Humanities Scholarship,"[""new_zealand"", ""australia"", ""thailand"", ""argentina"", ""egypt"", ""kenya""]",17,22,"[""high_school"", ""bachelors""]","[""religion"", ""languages""]","[""arts_humanities"", ""agriculture"", ""medicine""]",excellence,72.1,56.7,"[{""test_type"": ""hsk"", ""min_score"": 80, ""is_mandatory"": true}]",False,low,south_korea,asia,"{""academic"": 0.3011, ""leadership"": 0.129, ""olympiad"": 0.2473, ""extracurricular"": 0.2473, ""essay"": 0.0753}",public_service,False,This scholarship aims to nurture future leaders in arts_humanities with a passion for renewable energy systems.,Ideal candidates demonstrate excellence in arts_humanities and commitment to technological advancement.,True,True,True,False,658.29,True,3
SCH_000430,Australia Engineering Scholarship,"[""france"", ""australia"", ""germany"", ""netherlands"", ""brazil"", ""uk"", ""nigeria""]",15,19,"[""high_school"", ""bachelors""]","[""vocational"", ""science""]","[""engineering"", ""economics""]",private_a,69.0,53.4,[],False,middle,australia,oceania,"{""academic"": 0.3023, ""leadership"": 0.2171, ""olympiad"": 0.124, ""extracurricular"": 0.155, ""essay"": 0.2016}",,False,We seek to support outstanding students in engineering who demonstrate commitment to innovation.,Ideal candidates demonstrate excellence in engineering and commitment to technological advancement.,True,False,True,False,936.8,False,2
SCH_000431,Usa Economics Scholarship,"[""australia"", ""india"", ""germany"", ""vietnam""]",16,21,"[""high_school"", ""bachelors""]","[""languages"", ""vocational""]","[""economics"", ""biology"", ""mathematics""]",accredited_b,63.1,75.9,[],False,middle,usa,north_america,"{""academic"": 0.3333, ""leadership"": 0.2101, ""olympiad"": 0.1087, ""extracurricular"": 0.1884, ""essay"": 0.1594}",,False,This scholarship aims to nurture future leaders in economics with a passion for quantum computing.,Ideal candidates demonstrate excellence in economics and commitment to technological advancement.,True,True,False,False,1212.51,True,2
SCH_000432,Canada Mathematics Scholarship,"[""japan"", ""china"", ""argentina"", ""new_zealand"", ""nigeria"", ""south_korea"", ""philippines""]",15,19,"[""high_school"", ""bachelors""]","[""vocational"", ""religion""]","[""mathematics"", ""social_sciences"", ""medicine"", ""agriculture""]",accredited_b,72.9,59.0,"[{""test_type"": ""delf"", ""min_score"": 40, ""is_mandatory"": false}]",False,very_low,canada,north_america,"{""academic"": 0.2718, ""leadership"": 0.165, ""olympiad"": 0.1262, ""extracurricular"": 0.2039, ""essay"": 0.233}",,False,We seek to support outstanding students in mathematics who demonstrate commitment to knowledge advancement.,We are looking for candidates with strong academic records and proven research experience.,True,False,True,True,1118.13,False,3
SCH_000433,Morocco Arts Humanities Scholarship,"[""vietnam"", ""switzerland"", ""kenya"", ""netherlands"", ""sweden""]",16,20,"[""high_school""]","[""vocational""]","[""arts_humanities"", ""mathematics""]",private_a,69.8,77.3,"[{""test_type"": ""toefl"", ""min_score"": 109.6, ""is_mandatory"": true}]",False,upper_middle,morocco,africa,"{""academic"": 0.2857, ""leadership"": 0.1587, ""olympiad"": 0.2063, ""extracurricular"": 0.119, ""essay"": 0.2302}",,False,This scholarship aims to nurture future leaders in arts_humanities with a passion for sustainable agriculture.,Ideal candidates demonstrate excellence in arts_humanities and commitment to technological advancement.,False,False,True,True,1146.51,False,2
SCH_000434,New Zealand Mathematics Scholarship,"[""switzerland"", ""netherlands"", ""france""]",15,19,"[""high_school""]","[""social_studies"", ""religion""]","[""mathematics"", ""chemistry"", ""arts_humanities""]",excellence,67.4,58.1,"[{""test_type"": ""hsk"", ""min_score"": 60, ""is_mandatory"": false}]",False,low,new_zealand,oceania,"{""academic"": 0.2619, ""leadership"": 0.2381, ""olympiad"": 0.1905, ""extracurricular"": 0.1429, ""essay"": 0.1667}",academic,False,Our mission is to empower talented individuals from Oceania pursuing excellence in mathematics.,We value students who show leadership potential and dedication to sustainable agriculture.,True,True,False,False,426.21,True,2
SCH_000435,Brazil Agriculture Scholarship,"[""uk"", ""switzerland"", ""argentina""]",16,21,"[""high_school"", ""bachelors""]","[""science"", ""social_studies""]","[""agriculture"", ""law"", ""mathematics"", ""social_sciences""]",accredited_b,63.7,78.3,"[{""test_type"": ""jlpt"", ""min_score"": 40, ""is_mandatory"": true}]",False,low,brazil,south_america,"{""academic"": 0.3981, ""leadership"": 0.0833, ""olympiad"": 0.2593, ""extracurricular"": 0.1204, ""essay"": 0.1389}",ngo_npo,False,Our mission is to empower talented individuals from South_america pursuing excellence in agriculture.,We value students who show leadership potential and dedication to machine learning.,True,True,True,True,1847.47,True,4
SCH_000436,Canada Computer Science Scholarship,"[""argentina"", ""nigeria""]",16,19,"[""high_school"", ""bachelors""]","[""science"", ""languages""]","[""computer_science"", ""business"", ""law""]",accredited_b,63.3,74.8,"[{""test_type"": ""toefl"", ""min_score"": 100.3, ""is_mandatory"": true}]",False,middle,canada,north_america,"{""academic"": 0.25, ""leadership"": 0.2037, ""olympiad"": 0.3333, ""extracurricular"": 0.0926, ""essay"": 0.1204}",,False,We seek to support outstanding students in computer_science who demonstrate commitment to innovation.,Ideal candidates demonstrate excellence in computer_science and commitment to technological advancement.,True,True,False,True,1867.81,True,3
SCH_000437,Usa Education Scholarship,"[""canada"", ""singapore"", ""new_zealand"", ""india"", ""nigeria"", ""germany""]",17,20,"[""high_school"", ""bachelors""]","[""social_studies"", ""religion""]","[""education"", ""computer_science""]",accredited_b,56.8,51.6,"[{""test_type"": ""ielts"", ""min_score"": 7.9, ""is_mandatory"": true}]",False,low,usa,north_america,"{""academic"": 0.3483, ""leadership"": 0.3258, ""olympiad"": 0.1461, ""extracurricular"": 0.0562, ""essay"": 0.1236}",,False,Our mission is to empower talented individuals from North_america pursuing excellence in education.,We value students who show leadership potential and dedication to financial technology.,True,True,False,True,1742.77,True,3
SCH_000438,Canada Social Sciences Scholarship,"[""thailand"", ""uk"", ""philippines"", ""nigeria"", ""argentina"", ""egypt"", ""morocco""]",17,21,"[""high_school"", ""bachelors""]","[""science"", ""languages""]","[""social_sciences"", ""business""]",accredited_b,80.0,72.2,"[{""test_type"": ""ielts"", ""min_score"": 6.4, ""is_mandatory"": false}]",False,upper_middle,canada,north_america,"{""academic"": 0.1909, ""leadership"": 0.2091, ""olympiad"": 0.3091, ""extracurricular"": 0.1545, ""essay"": 0.1364}",government,False,Our mission is to empower talented individuals from North_america pursuing excellence in social_sciences.,Ideal candidates demonstrate excellence in social_sciences and commitment to technological advancement.,True,True,False,True,961.2,True,3
SCH_000439,Philippines Medicine Scholarship,"[""egypt"", ""south_africa"", ""brazil"", ""germany"", ""france"", ""morocco""]",17,20,"[""high_school""]","[""science""]","[""medicine"", ""chemistry"", ""agriculture""]",private_a,83.4,58.9,"[{""test_type"": ""topik"", ""min_score"": 200, ""is_mandatory"": true}]",False,upper_middle,philippines,asia,"{""academic"": 0.1947, ""leadership"": 0.177, ""olympiad"": 0.3274, ""extracurricular"": 0.2124, ""essay"": 0.0885}",academic,False,Our mission is to empower talented individuals from Asia pursuing excellence in medicine.,We value students who show leadership potential and dedication to quantum computing.,False,True,True,True,609.02,False,3
SCH_000440,Usa Mathematics Scholarship,"[""south_korea"", ""argentina"", ""south_africa"", ""canada"", ""thailand"", ""malaysia"", ""morocco""]",17,20,"[""high_school"", ""bachelors""]","[""religion""]","[""mathematics""]",private_a,80.4,71.7,"[{""test_type"": ""ielts"", ""min_score"": 7.9, ""is_mandatory"": false}]",False,upper_middle,usa,north_america,"{""academic"": 0.2626, ""leadership"": 0.0707, ""olympiad"": 0.3939, ""extracurricular"": 0.1818, ""essay"": 0.0909}",entrepreneurship,False,Our mission is to empower talented individuals from North_america pursuing excellence in mathematics.,We value students who show leadership potential and dedication to climate change mitigation.,True,False,False,True,445.19,False,2
SCH_000441,India Law Scholarship,"[""india"", ""south_korea"", ""vietnam""]",15,18,"[""high_school""]","[""science"", ""vocational""]","[""law""]",excellence,70.7,76.0,"[{""test_type"": ""jlpt"", ""min_score"": 60, ""is_mandatory"": true}]",False,middle,india,asia,"{""academic"": 0.2212, ""leadership"": 0.2885, ""olympiad"": 0.2404, ""extracurricular"": 0.0865, ""essay"": 0.1635}",public_service,True,We seek to support outstanding students in law who demonstrate commitment to knowledge advancement.,We value students who show leadership potential and dedication to renewable energy systems.,True,False,True,True,19.09,False,3
SCH_000442,France Social Sciences Scholarship,"[""egypt"", ""brazil"", ""canada"", ""france"", ""uk"", ""sweden"", ""south_africa""]",17,21,"[""high_school""]","[""religion""]","[""social_sciences""]",excellence,56.2,61.3,"[{""test_type"": ""toefl"", ""min_score"": 104.6, ""is_mandatory"": true}]",True,low,france,europe,"{""academic"": 0.2283, ""leadership"": 0.1575, ""olympiad"": 0.2913, ""extracurricular"": 0.1181, ""essay"": 0.2047}",,True,This scholarship aims to nurture future leaders in social_sciences with a passion for sustainable agriculture.,We value students who show leadership potential and dedication to sustainable agriculture.,True,False,False,False,1224.98,False,1
SCH_000443,Brazil Physics Scholarship,"[""switzerland"", ""vietnam"", ""kenya""]",17,20,"[""high_school""]","[""social_studies"", ""religion""]","[""physics"", ""law""]",private_a,70.2,51.2,"[{""test_type"": ""ielts"", ""min_score"": 7.3, ""is_mandatory"": true}]",False,very_low,brazil,south_america,"{""academic"": 0.3636, ""leadership"": 0.2, ""olympiad"": 0.1455, ""extracurricular"": 0.0545, ""essay"": 0.2364}",entrepreneurship,False,We seek to support outstanding students in physics who demonstrate commitment to innovation.,Ideal candidates demonstrate excellence in physics and commitment to technological advancement.,True,True,True,False,1540.73,True,3
SCH_000444,Sweden Physics Scholarship,"[""switzerland"", ""south_korea""]",16,19,"[""high_school"", ""bachelors""]","[""vocational"", ""science""]","[""physics"", ""education""]",public_a,56.2,72.6,[],False,very_low,sweden,europe,"{""academic"": 0.3679, ""leadership"": 0.0849, ""olympiad"": 0.2642, ""extracurricular"": 0.1604, ""essay"": 0.1226}",,False,Our mission is to empower talented individuals from Europe pursuing excellence in physics.,We value students who show leadership potential and dedication to financial technology.,True,True,False,True,1455.75,True,3
SCH_000445,Brazil Business Scholarship,"[""brazil"", ""usa""]",16,21,"[""high_school""]","[""vocational"", ""science""]","[""business"", ""social_sciences"", ""engineering""]",private_a,83.7,52.6,"[{""test_type"": ""toefl"", ""min_score"": 81.2, ""is_mandatory"": true}]",False,low,brazil,south_america,"{""academic"": 0.3448, ""leadership"": 0.25, ""olympiad"": 0.1293, ""extracurricular"": 0.1638, ""essay"": 0.1121}",,True,Our mission is to empower talented individuals from South_america pursuing excellence in business.,We are looking for candidates with strong academic records and proven research experience.,True,True,False,False,1367.81,True,2
SCH_000446,Canada Arts Humanities Scholarship,"[""india"", ""japan"", ""china"", ""indonesia"", ""morocco""]",16,20,"[""high_school"", ""bachelors""]","[""vocational"", ""languages""]","[""arts_humanities""]",public_a,65.3,58.3,"[{""test_type"": ""ielts"", ""min_score"": 6.5, ""is_mandatory"": false}]",False,upper_middle,canada,north_america,"{""academic"": 0.402, ""leadership"": 0.0588, ""olympiad"": 0.1569, ""extracurricular"": 0.2059, ""essay"": 0.1765}",,False,Our mission is to empower talented individuals from North_america pursuing excellence in arts_humanities.,Ideal candidates demonstrate excellence in arts_humanities and commitment to technological advancement.,True,False,False,False,138.09,False,1
SCH_000447,New Zealand Law Scholarship,"[""singapore"", ""netherlands"", ""south_korea""]",15,18,"[""high_school"", ""bachelors""]","[""religion"", ""languages""]","[""law"", ""computer_science""]",accredited_b,61.7,71.8,"[{""test_type"": ""ielts"", ""min_score"": 7.2, ""is_mandatory"": true}]",False,upper_middle,new_zealand,oceania,"{""academic"": 0.2105, ""leadership"": 0.193, ""olympiad"": 0.2895, ""extracurricular"": 0.2281, ""essay"": 0.0789}",government,False,Our mission is to empower talented individuals from Oceania pursuing excellence in law.,We value students who show leadership potential and dedication to public health policy.,False,True,False,False,1503.76,False,1
SCH_000448,India Business Scholarship,"[""sweden"", ""japan""]",17,22,"[""high_school""]","[""science""]","[""business"", ""chemistry"", ""arts_humanities"", ""economics""]",private_a,73.4,62.4,"[{""test_type"": ""toefl"", ""min_score"": 101.0, ""is_mandatory"": false}]",False,upper_middle,india,asia,"{""academic"": 0.4096, ""leadership"": 0.0723, ""olympiad"": 0.1325, ""extracurricular"": 0.253, ""essay"": 0.1325}",,True,This scholarship aims to nurture future leaders in business with a passion for education reform.,Ideal candidates demonstrate excellence in business and commitment to community service.,False,True,False,False,1593.67,False,1
SCH_000449,Australia Arts Humanities Scholarship,"[""chile"", ""canada"", ""vietnam"", ""south_africa"", ""germany"", ""usa""]",17,21,"[""high_school""]","[""languages""]","[""arts_humanities""]",private_a,60.8,70.6,"[{""test_type"": ""ielts"", ""min_score"": 7.9, ""is_mandatory"": true}]",False,upper_middle,australia,oceania,"{""academic"": 0.4, ""leadership"": 0.0522, ""olympiad"": 0.287, ""extracurricular"": 0.1739, ""essay"": 0.087}",public_service,False,Our mission is to empower talented individuals from Oceania pursuing excellence in arts_humanities.,We are looking for candidates with strong academic records and proven leadership experience.,True,False,True,True,1723.73,False,3
SCH_000450,Brazil Physics Scholarship,"[""usa"", ""brazil""]",15,20,"[""high_school"", ""bachelors""]","[""languages"", ""religion""]","[""physics"", ""medicine"", ""chemistry""]",accredited_b,66.0,61.9,[],False,low,brazil,south_america,"{""academic"": 0.3103, ""leadership"": 0.25, ""olympiad"": 0.1466, ""extracurricular"": 0.1379, ""essay"": 0.1552}",government,True,We seek to support outstanding students in physics who demonstrate commitment to societal impact.,Ideal candidates demonstrate excellence in physics and commitment to community service.,False,True,True,False,1744.68,False,2
SCH_000451,New Zealand Chemistry Scholarship,"[""sweden"", ""switzerland"", ""vietnam"", ""china""]",16,19,"[""high_school"", ""bachelors""]","[""religion""]","[""chemistry"", ""engineering"", ""economics"", ""social_sciences""]",private_a,76.9,72.5,"[{""test_type"": ""toefl"", ""min_score"": 104.1, ""is_mandatory"": true}]",False,low,new_zealand,oceania,"{""academic"": 0.4188, ""leadership"": 0.1026, ""olympiad"": 0.1795, ""extracurricular"": 0.1624, ""essay"": 0.1368}",industry,True,We seek to support outstanding students in chemistry who demonstrate commitment to knowledge advancement.,We value students who show leadership potential and dedication to renewable energy systems.,True,True,True,True,1294.83,True,4
SCH_000452,Australia Physics Scholarship,"[""china"", ""argentina"", ""sweden"", ""japan"", ""canada""]",15,18,"[""high_school""]","[""languages""]","[""physics"", ""biology"", ""social_sciences""]",public_a,72.6,51.9,[],True,low,australia,oceania,"{""academic"": 0.2843, ""leadership"": 0.0882, ""olympiad"": 0.2941, ""extracurricular"": 0.0588, ""essay"": 0.2745}",public_service,True,This scholarship aims to nurture future leaders in physics with a passion for genomic research.,Ideal candidates demonstrate excellence in physics and commitment to community service.,False,True,True,True,219.31,False,3
SCH_000453,Usa Business Scholarship,"[""indonesia"", ""vietnam"", ""switzerland""]",15,19,"[""high_school""]","[""languages"", ""religion""]","[""business"", ""computer_science"", ""law""]",accredited_b,58.6,79.9,"[{""test_type"": ""jlpt"", ""min_score"": 40, ""is_mandatory"": true}]",False,upper_middle,usa,north_america,"{""academic"": 0.2243, ""leadership"": 0.1495, ""olympiad"": 0.3271, ""extracurricular"": 0.1869, ""essay"": 0.1121}",ngo_npo,False,This scholarship aims to nurture future leaders in business with a passion for education reform.,We value students who show leadership potential and dedication to education reform.,True,True,False,False,349.93,True,2
SCH_000454,Kenya Medicine Scholarship,"[""nigeria"", ""argentina"", ""philippines"", ""netherlands"", ""switzerland""]",16,21,"[""high_school"", ""bachelors""]","[""social_studies""]","[""medicine""]",private_a,73.8,59.6,"[{""test_type"": ""hsk"", ""min_score"": 80, ""is_mandatory"": false}]",False,upper_middle,kenya,africa,"{""academic"": 0.4757, ""leadership"": 0.0971, ""olympiad"": 0.1068, ""extracurricular"": 0.0874, ""essay"": 0.233}",,False,Our mission is to empower talented individuals from Africa pursuing excellence in medicine.,We value students who show leadership potential and dedication to artificial intelligence.,True,False,True,False,1611.03,False,2
SCH_000455,Argentina Education Scholarship,"[""kenya"", ""egypt""]",15,20,"[""high_school"", ""bachelors""]","[""social_studies""]","[""education"", ""mathematics"", ""engineering""]",private_a,74.9,59.3,"[{""test_type"": ""hsk"", ""min_score"": 80, ""is_mandatory"": true}]",False,upper_middle,argentina,south_america,"{""academic"": 0.3368, ""leadership"": 0.2105, ""olympiad"": 0.2526, ""extracurricular"": 0.0526, ""essay"": 0.1474}",,False,This scholarship aims to nurture future leaders in education with a passion for sustainable agriculture.,We value students who show leadership potential and dedication to sustainable agriculture.,True,True,True,False,426.58,True,3
SCH_000456,Argentina Arts Humanities Scholarship,"[""switzerland"", ""india"", ""china"", ""france"", ""sweden"", ""egypt"", ""brazil""]",15,19,"[""high_school""]","[""religion""]","[""arts_humanities"", ""social_sciences"", ""law""]",excellence,69.5,76.3,"[{""test_type"": ""ielts"", ""min_score"": 6.0, ""is_mandatory"": true}]",False,upper_middle,argentina,south_america,"{""academic"": 0.3628, ""leadership"": 0.0796, ""olympiad"": 0.1947, ""extracurricular"": 0.2478, ""essay"": 0.115}",industry,False,We seek to support outstanding students in arts_humanities who demonstrate commitment to societal impact.,We are looking for candidates with strong academic records and proven leadership experience.,False,True,True,True,80.42,False,3
SCH_000457,Chile Medicine Scholarship,"[""india"", ""usa"", ""brazil"", ""chile""]",16,21,"[""high_school""]","[""languages"", ""science""]","[""medicine"", ""computer_science"", ""social_sciences"", ""economics""]",private_a,65.8,63.2,[],False,middle,chile,south_america,"{""academic"": 0.2797, ""leadership"": 0.0847, ""olympiad"": 0.3051, ""extracurricular"": 0.2203, ""essay"": 0.1102}",entrepreneurship,False,Our mission is to empower talented individuals from South_america pursuing excellence in medicine.,Ideal candidates demonstrate excellence in medicine and commitment to community service.,True,False,True,True,1976.31,False,3
SCH_000458,Nigeria Law Scholarship,"[""vietnam"", ""brazil"", ""chile"", ""egypt"", ""india"", ""south_africa"", ""philippines""]",15,20,"[""high_school""]","[""vocational""]","[""law"", ""business"", ""chemistry"", ""economics""]",accredited_b,84.7,74.7,"[{""test_type"": ""ielts"", ""min_score"": 7.4, ""is_mandatory"": false}]",True,very_low,nigeria,africa,"{""academic"": 0.344, ""leadership"": 0.176, ""olympiad"": 0.272, ""extracurricular"": 0.08, ""essay"": 0.128}",,False,This scholarship aims to nurture future leaders in law with a passion for quantum computing.,We value students who show leadership potential and dedication to quantum computing.,False,True,True,True,1148.34,False,3
SCH_000459,Usa Education Scholarship,"[""south_korea"", ""germany"", ""sweden"", ""switzerland"", ""malaysia""]",17,22,"[""high_school""]","[""social_studies"", ""languages""]","[""education"", ""biology""]",excellence,59.6,68.0,[],True,middle,usa,north_america,"{""academic"": 0.3551, ""leadership"": 0.1739, ""olympiad"": 0.2609, ""extracurricular"": 0.0797, ""essay"": 0.1304}",,True,This scholarship aims to nurture future leaders in education with a passion for cybersecurity.,We are looking for candidates with strong academic records and proven leadership experience.,True,False,True,True,768.79,False,3
SCH_000460,Sweden Biology Scholarship,"[""chile"", ""vietnam"", ""china""]",16,20,"[""high_school"", ""bachelors""]","[""religion"", ""social_studies""]","[""biology""]",excellence,55.4,58.4,"[{""test_type"": ""ielts"", ""min_score"": 6.9, ""is_mandatory"": true}]",False,very_low,sweden,europe,"{""academic"": 0.2833, ""leadership"": 0.1667, ""olympiad"": 0.1917, ""extracurricular"": 0.1667, ""essay"": 0.1917}",,False,Our mission is to empower talented individuals from Europe pursuing excellence in biology.,Ideal candidates demonstrate excellence in biology and commitment to community service.,True,False,True,False,1646.97,False,2
SCH_000461,New Zealand Chemistry Scholarship,"[""australia"", ""egypt"", ""nigeria"", ""philippines"", ""south_korea""]",16,21,"[""high_school"", ""bachelors""]","[""science"", ""languages""]","[""chemistry"", ""law""]",public_a,77.7,61.7,"[{""test_type"": ""hsk"", ""min_score"": 80, ""is_mandatory"": true}]",True,very_low,new_zealand,oceania,"{""academic"": 0.3248, ""leadership"": 0.188, ""olympiad"": 0.2479, ""extracurricular"": 0.1795, ""essay"": 0.0598}",public_service,False,This scholarship aims to nurture future leaders in chemistry with a passion for renewable energy systems.,We are looking for candidates with strong academic records and proven leadership experience.,True,True,True,True,1329.42,True,4
SCH_000462,Brazil Mathematics Scholarship,"[""uk"", ""india"", ""malaysia"", ""egypt"", ""china"", ""vietnam"", ""morocco""]",17,22,"[""high_school""]","[""science""]","[""mathematics"", ""arts_humanities"", ""education""]",public_a,77.7,79.5,"[{""test_type"": ""delf"", ""min_score"": 60, ""is_mandatory"": true}]",True,middle,brazil,south_america,"{""academic"": 0.1909, ""leadership"": 0.2273, ""olympiad"": 0.2091, ""extracurricular"": 0.1, ""essay"": 0.2727}",,True,This scholarship aims to nurture future leaders in mathematics with a passion for climate change mitigation.,We value students who show leadership potential and dedication to climate change mitigation.,True,False,True,True,907.68,False,3
SCH_000463,Usa Social Sciences Scholarship,"[""japan"", ""usa"", ""chile""]",15,20,"[""high_school""]","[""religion"", ""science""]","[""social_sciences"", ""mathematics"", ""physics"", ""medicine""]",accredited_b,80.6,59.0,"[{""test_type"": ""ielts"", ""min_score"": 7.6, ""is_mandatory"": true}]",False,low,usa,north_america,"{""academic"": 0.3, ""leadership"": 0.1182, ""olympiad"": 0.2, ""extracurricular"": 0.1545, ""essay"": 0.2273}",government,False,We seek to support outstanding students in social_sciences who demonstrate commitment to knowledge advancement.,We value students who show leadership potential and dedication to cybersecurity.,False,True,True,True,1347.27,False,3
SCH_000464,Morocco Physics Scholarship,"[""south_africa"", ""netherlands"", ""sweden"", ""indonesia""]",17,22,"[""high_school"", ""bachelors""]","[""languages""]","[""physics""]",private_a,80.2,64.0,"[{""test_type"": ""topik"", ""min_score"": 200, ""is_mandatory"": true}]",False,middle,morocco,africa,"{""academic"": 0.4086, ""leadership"": 0.1075, ""olympiad"": 0.1935, ""extracurricular"": 0.0968, ""essay"": 0.1935}",,True,Our mission is to empower talented individuals from Africa pursuing excellence in physics.,We are looking for candidates with strong academic records and proven research experience.,True,True,False,False,1446.74,True,2
SCH_000465,Switzerland Biology Scholarship,"[""usa"", ""south_africa"", ""vietnam"", ""egypt"", ""netherlands"", ""argentina""]",16,19,"[""high_school"", ""bachelors""]","[""vocational""]","[""biology"", ""law"", ""computer_science""]",excellence,74.0,78.1,"[{""test_type"": ""toefl"", ""min_score"": 106.9, ""is_mandatory"": false}]",False,very_low,switzerland,europe,"{""academic"": 0.3411, ""leadership"": 0.1938, ""olympiad"": 0.2713, ""extracurricular"": 0.1085, ""essay"": 0.0853}",,False,We seek to support outstanding students in biology who demonstrate commitment to innovation.,We are looking for candidates with strong academic records and proven research experience.,True,True,True,False,803.02,True,3
SCH_000466,South Korea Medicine Scholarship,"[""france"", ""philippines"", ""usa"", ""thailand"", ""switzerland"", ""malaysia"", ""kenya""]",17,20,"[""high_school""]","[""languages"", ""vocational""]","[""medicine"", ""economics""]",accredited_b,68.4,50.2,"[{""test_type"": ""toefl"", ""min_score"": 97.2, ""is_mandatory"": true}]",True,very_low,south_korea,asia,"{""academic"": 0.3125, ""leadership"": 0.0875, ""olympiad"": 0.3, ""extracurricular"": 0.0625, ""essay"": 0.2375}",entrepreneurship,False,Our mission is to empower talented individuals from Asia pursuing excellence in medicine.,Ideal candidates demonstrate excellence in medicine and commitment to technological advancement.,False,True,True,True,261.22,False,3
SCH_000467,Chile Biology Scholarship,"[""philippines"", ""sweden"", ""chile"", ""vietnam""]",17,21,"[""high_school""]","[""vocational""]","[""biology"", ""agriculture""]",private_a,70.7,78.2,"[{""test_type"": ""ielts"", ""min_score"": 7.2, ""is_mandatory"": false}]",True,very_low,chile,south_america,"{""academic"": 0.3261, ""leadership"": 0.0978, ""olympiad"": 0.1522, ""extracurricular"": 0.2609, ""essay"": 0.163}",public_service,True,Our mission is to empower talented individuals from South_america pursuing excellence in biology.,We value students who show leadership potential and dedication to cybersecurity.,False,False,True,False,179.89,False,1
SCH_000468,New Zealand Chemistry Scholarship,"[""nigeria"", ""south_africa"", ""france""]",16,19,"[""high_school"", ""bachelors""]","[""languages""]","[""chemistry"", ""biology"", ""mathematics"", ""engineering""]",private_a,73.1,63.8,"[{""test_type"": ""ielts"", ""min_score"": 7.6, ""is_mandatory"": true}]",False,low,new_zealand,oceania,"{""academic"": 0.3694, ""leadership"": 0.0991, ""olympiad"": 0.1532, ""extracurricular"": 0.1622, ""essay"": 0.2162}",,True,This scholarship aims to nurture future leaders in chemistry with a passion for financial technology.,We are looking for candidates with strong academic records and proven leadership experience.,True,False,False,False,767.8,False,1
SCH_000469,Brazil Arts Humanities Scholarship,"[""china"", ""morocco"", ""new_zealand""]",16,20,"[""high_school""]","[""religion"", ""social_studies""]","[""arts_humanities""]",private_a,60.0,68.4,[],False,low,brazil,south_america,"{""academic"": 0.3188, ""leadership"": 0.2029, ""olympiad"": 0.2319, ""extracurricular"": 0.0797, ""essay"": 0.1667}",,False,We seek to support outstanding students in arts_humanities who demonstrate commitment to innovation.,We value students who show leadership potential and dedication to public health policy.,True,True,True,False,1522.67,True,3
SCH_000470,Argentina Law Scholarship,"[""singapore"", ""indonesia"", ""switzerland""]",17,21,"[""high_school"", ""bachelors""]","[""religion"", ""social_studies""]","[""law""]",accredited_b,56.0,56.6,"[{""test_type"": ""ielts"", ""min_score"": 6.3, ""is_mandatory"": false}]",True,very_low,argentina,south_america,"{""academic"": 0.3769, ""leadership"": 0.1615, ""olympiad"": 0.2923, ""extracurricular"": 0.1154, ""essay"": 0.0538}",academic,False,We seek to support outstanding students in law who demonstrate commitment to societal impact.,We value students who show leadership potential and dedication to quantum computing.,True,True,True,True,865.28,True,4
SCH_000471,China Law Scholarship,"[""nigeria"", ""switzerland""]",16,20,"[""high_school"", ""bachelors""]","[""religion""]","[""law"", ""economics""]",private_a,79.3,72.7,"[{""test_type"": ""toefl"", ""min_score"": 89.3, ""is_mandatory"": true}]",False,very_low,china,asia,"{""academic"": 0.2162, ""leadership"": 0.1712, ""olympiad"": 0.2793, ""extracurricular"": 0.2613, ""essay"": 0.0721}",,False,Our mission is to empower talented individuals from Asia pursuing excellence in law.,We are looking for candidates with strong academic records and proven research experience.,True,True,True,False,1850.71,True,3
SCH_000472,Usa Social Sciences Scholarship,"[""morocco"", ""south_korea"", ""france"", ""nigeria"", ""canada"", ""philippines""]",17,22,"[""high_school"", ""bachelors""]","[""religion"", ""science""]","[""social_sciences"", ""biology"", ""medicine"", ""chemistry""]",private_a,60.1,65.9,"[{""test_type"": ""ielts"", ""min_score"": 6.1, ""is_mandatory"": true}]",False,upper_middle,usa,north_america,"{""academic"": 0.2963, ""leadership"": 0.2315, ""olympiad"": 0.2407, ""extracurricular"": 0.1019, ""essay"": 0.1296}",academic,False,Our mission is to empower talented individuals from North_america pursuing excellence in social_sciences.,We are looking for candidates with strong academic records and proven leadership experience.,True,True,True,False,1834.98,True,3
SCH_000473,Philippines Chemistry Scholarship,"[""switzerland"", ""new_zealand"", ""germany"", ""canada"", ""netherlands"", ""usa"", ""argentina""]",15,18,"[""high_school""]","[""languages""]","[""chemistry"", ""medicine""]",excellence,74.8,67.7,"[{""test_type"": ""ielts"", ""min_score"": 6.8, ""is_mandatory"": true}]",False,very_low,philippines,asia,"{""academic"": 0.2872, ""leadership"": 0.0851, ""olympiad"": 0.1489, ""extracurricular"": 0.3085, ""essay"": 0.1702}",entrepreneurship,False,We seek to support outstanding students in chemistry who demonstrate commitment to innovation.,Ideal candidates demonstrate excellence in chemistry and commitment to technological advancement.,True,False,False,False,248.55,False,1
SCH_000474,Vietnam Arts Humanities Scholarship,"[""china"", ""india"", ""sweden""]",16,20,"[""high_school""]","[""social_studies""]","[""arts_humanities"", ""agriculture"", ""chemistry""]",public_a,59.7,52.5,"[{""test_type"": ""ielts"", ""min_score"": 6.6, ""is_mandatory"": true}]",False,very_low,vietnam,asia,"{""academic"": 0.3545, ""leadership"": 0.0545, ""olympiad"": 0.0909, ""extracurricular"": 0.2636, ""essay"": 0.2364}",public_service,False,Our mission is to empower talented individuals from Asia pursuing excellence in arts_humanities.,Ideal candidates demonstrate excellence in arts_humanities and commitment to technological advancement.,True,True,False,True,47.88,True,3
SCH_000475,Switzerland Computer Science Scholarship,"[""south_africa"", ""india"", ""indonesia"", ""argentina"", ""kenya"", ""australia"", ""philippines""]",17,20,"[""high_school"", ""bachelors""]","[""science""]","[""computer_science"", ""social_sciences""]",excellence,63.0,73.2,"[{""test_type"": ""ielts"", ""min_score"": 6.8, ""is_mandatory"": false}]",False,very_low,switzerland,europe,"{""academic"": 0.3056, ""leadership"": 0.1759, ""olympiad"": 0.3333, ""extracurricular"": 0.0741, ""essay"": 0.1111}",public_service,False,Our mission is to empower talented individuals from Europe pursuing excellence in computer_science.,We value students who show leadership potential and dedication to artificial intelligence.,True,False,False,False,479.31,False,1
SCH_000476,Egypt Medicine Scholarship,"[""vietnam"", ""brazil"", ""china"", ""netherlands"", ""japan"", ""south_africa"", ""philippines""]",16,21,"[""high_school""]","[""vocational"", ""languages""]","[""medicine"", ""arts_humanities"", ""education""]",accredited_b,78.0,58.3,"[{""test_type"": ""ielts"", ""min_score"": 7.3, ""is_mandatory"": false}]",False,middle,egypt,africa,"{""academic"": 0.32, ""leadership"": 0.06, ""olympiad"": 0.2, ""extracurricular"": 0.18, ""essay"": 0.24}",,True,We seek to support outstanding students in medicine who demonstrate commitment to innovation.,We are looking for candidates with strong academic records and proven leadership experience.,True,False,False,False,1499.98,False,1
SCH_000477,Japan Physics Scholarship,"[""thailand"", ""philippines"", ""nigeria"", ""france"", ""sweden"", ""malaysia"", ""brazil""]",16,19,"[""high_school""]","[""vocational""]","[""physics"", ""economics""]",accredited_b,75.4,50.9,"[{""test_type"": ""delf"", ""min_score"": 40, ""is_mandatory"": true}]",True,very_low,japan,asia,"{""academic"": 0.4455, ""leadership"": 0.0594, ""olympiad"": 0.1881, ""extracurricular"": 0.0891, ""essay"": 0.2178}",,True,We seek to support outstanding students in physics who demonstrate commitment to innovation.,Ideal candidates demonstrate excellence in physics and commitment to community service.,False,False,False,True,971.48,False,1
SCH_000478,Australia Agriculture Scholarship,"[""egypt"", ""vietnam"", ""malaysia"", ""sweden"", ""uk"", ""new_zealand"", ""morocco""]",15,20,"[""high_school""]","[""social_studies""]","[""agriculture"", ""physics"", ""arts_humanities"", ""engineering""]",excellence,81.1,78.0,"[{""test_type"": ""toefl"", ""min_score"": 109.6, ""is_mandatory"": true}]",False,upper_middle,australia,oceania,"{""academic"": 0.2017, ""leadership"": 0.2437, ""olympiad"": 0.2269, ""extracurricular"": 0.1765, ""essay"": 0.1513}",,False,Our mission is to empower talented individuals from Oceania pursuing excellence in agriculture.,Ideal candidates demonstrate excellence in agriculture and commitment to community service.,True,False,False,False,1309.55,False,1
SCH_000479,Uk Medicine Scholarship,"[""south_africa"", ""egypt"", ""france"", ""india"", ""nigeria"", ""vietnam""]",16,20,"[""high_school"", ""bachelors""]","[""languages"", ""social_studies""]","[""medicine""]",private_a,81.3,59.1,"[{""test_type"": ""topik"", ""min_score"": 150, ""is_mandatory"": true}]",False,middle,uk,europe,"{""academic"": 0.3956, ""leadership"": 0.0769, ""olympiad"": 0.2198, ""extracurricular"": 0.0879, ""essay"": 0.2198}",government,False,This scholarship aims to nurture future leaders in medicine with a passion for public health policy.,We value students who show leadership potential and dedication to public health policy.,True,True,False,True,139.64,True,3
SCH_000480,Chile Arts Humanities Scholarship,"[""egypt"", ""kenya"", ""morocco"", ""south_korea"", ""brazil""]",17,21,"[""high_school"", ""bachelors""]","[""languages"", ""religion""]","[""arts_humanities"", ""economics"", ""agriculture""]",private_a,63.4,76.9,"[{""test_type"": ""ielts"", ""min_score"": 7.3, ""is_mandatory"": true}]",False,upper_middle,chile,south_america,"{""academic"": 0.193, ""leadership"": 0.2281, ""olympiad"": 0.2456, ""extracurricular"": 0.1404, ""essay"": 0.193}",,False,Our mission is to empower talented individuals from South_america pursuing excellence in arts_humanities.,Ideal candidates demonstrate excellence in arts_humanities and commitment to technological advancement.,False,True,False,False,1244.44,False,1
SCH_000481,Canada Chemistry Scholarship,"[""netherlands"", ""switzerland"", ""new_zealand"", ""thailand"", ""japan"", ""singapore""]",15,19,"[""high_school""]","[""science"", ""languages""]","[""chemistry"", ""business""]",private_a,60.2,69.6,"[{""test_type"": ""delf"", ""min_score"": 40, ""is_mandatory"": true}]",False,middle,canada,north_america,"{""academic"": 0.3491, ""leadership"": 0.217, ""olympiad"": 0.2075, ""extracurricular"": 0.0566, ""essay"": 0.1698}",public_service,False,This scholarship aims to nurture future leaders in chemistry with a passion for sustainable agriculture.,Ideal candidates demonstrate excellence in chemistry and commitment to technological advancement.,True,True,False,False,844.96,True,2
SCH_000482,Egypt Engineering Scholarship,"[""uk"", ""egypt"", ""chile""]",16,20,"[""high_school"", ""bachelors""]","[""religion"", ""languages""]","[""engineering"", ""computer_science"", ""medicine"", ""agriculture""]",excellence,66.1,79.9,"[{""test_type"": ""toefl"", ""min_score"": 106.4, ""is_mandatory"": true}]",False,low,egypt,africa,"{""academic"": 0.2243, ""leadership"": 0.1495, ""olympiad"": 0.1589, ""extracurricular"": 0.243, ""essay"": 0.2243}",,False,Our mission is to empower talented individuals from Africa pursuing excellence in engineering.,Ideal candidates demonstrate excellence in engineering and commitment to community service.,True,True,False,True,64.92,True,3
SCH_000483,Japan Biology Scholarship,"[""argentina"", ""malaysia"", ""uk"", ""nigeria"", ""kenya""]",15,19,"[""high_school"", ""bachelors""]","[""vocational"", ""science""]","[""biology"", ""mathematics""]",accredited_b,66.7,56.0,"[{""test_type"": ""jlpt"", ""min_score"": 40, ""is_mandatory"": false}]",False,upper_middle,japan,asia,"{""academic"": 0.4457, ""leadership"": 0.0652, ""olympiad"": 0.3478, ""extracurricular"": 0.0761, ""essay"": 0.0652}",,False,We seek to support outstanding students in biology who demonstrate commitment to innovation.,We are looking for candidates with strong academic records and proven research experience.,True,True,True,True,1664.12,True,4
SCH_000484,Canada Education Scholarship,"[""south_korea"", ""uk"", ""nigeria"", ""japan"", ""kenya"", ""usa"", ""argentina""]",17,21,"[""high_school"", ""bachelors""]","[""social_studies""]","[""education"", ""chemistry"", ""physics""]",public_a,57.7,61.7,"[{""test_type"": ""delf"", ""min_score"": 40, ""is_mandatory"": true}]",False,low,canada,north_america,"{""academic"": 0.3427, ""leadership"": 0.1469, ""olympiad"": 0.2657, ""extracurricular"": 0.1399, ""essay"": 0.1049}",,False,This scholarship aims to nurture future leaders in education with a passion for renewable energy systems.,We are looking for candidates with strong academic records and proven research experience.,False,True,True,True,523.33,False,3
SCH_000485,Egypt Agriculture Scholarship,"[""argentina"", ""brazil"", ""sweden""]",16,21,"[""high_school""]","[""social_studies"", ""vocational""]","[""agriculture"", ""business"", ""economics""]",private_a,61.7,77.4,"[{""test_type"": ""ielts"", ""min_score"": 6.9, ""is_mandatory"": true}]",True,middle,egypt,africa,"{""academic"": 0.422, ""leadership"": 0.1193, ""olympiad"": 0.2202, ""extracurricular"": 0.1193, ""essay"": 0.1193}",entrepreneurship,False,Our mission is to empower talented individuals from Africa pursuing excellence in agriculture.,We value students who show leadership potential and dedication to sustainable agriculture.,True,True,False,False,920.4,True,2
SCH_000486,Argentina Physics Scholarship,"[""south_africa"", ""china"", ""morocco"", ""egypt"", ""sweden"", ""indonesia"", ""nigeria""]",16,20,"[""high_school""]","[""vocational"", ""social_studies""]","[""physics"", ""business"", ""economics"", ""social_sciences""]",accredited_b,64.1,53.2,"[{""test_type"": ""toefl"", ""min_score"": 83.9, ""is_mandatory"": true}]",False,middle,argentina,south_america,"{""academic"": 0.2979, ""leadership"": 0.0638, ""olympiad"": 0.3085, ""extracurricular"": 0.1064, ""essay"": 0.2234}",,True,This scholarship aims to nurture future leaders in physics with a passion for sustainable agriculture.,We are looking for candidates with strong academic records and proven research experience.,True,True,True,True,845.7,True,4
SCH_000487,Argentina Engineering Scholarship,"[""south_africa"", ""australia"", ""china"", ""morocco"", ""south_korea"", ""indonesia""]",17,20,"[""high_school""]","[""languages"", ""social_studies""]","[""engineering"", ""medicine"", ""law""]",accredited_b,63.4,63.1,"[{""test_type"": ""toefl"", ""min_score"": 93.1, ""is_mandatory"": true}]",False,middle,argentina,south_america,"{""academic"": 0.2636, ""leadership"": 0.2091, ""olympiad"": 0.1, ""extracurricular"": 0.2, ""essay"": 0.2273}",,False,We seek to support outstanding students in engineering who demonstrate commitment to societal impact.,Ideal candidates demonstrate excellence in engineering and commitment to community service.,True,False,True,True,1142.37,False,3
SCH_000488,Nigeria Chemistry Scholarship,"[""nigeria"", ""egypt"", ""new_zealand"", ""south_korea"", ""morocco""]",16,19,"[""high_school"", ""bachelors""]","[""languages"", ""social_studies""]","[""chemistry"", ""medicine"", ""biology""]",private_a,83.6,51.8,[],False,upper_middle,nigeria,africa,"{""academic"": 0.3629, ""leadership"": 0.121, ""olympiad"": 0.2823, ""extracurricular"": 0.1371, ""essay"": 0.0968}",,False,This scholarship aims to nurture future leaders in chemistry with a passion for human-computer interaction.,Ideal candidates demonstrate excellence in chemistry and commitment to community service.,False,False,False,True,1249.04,False,1
SCH_000489,China Physics Scholarship,"[""thailand"", ""malaysia"", ""uk"", ""indonesia"", ""netherlands"", ""singapore"", ""brazil""]",16,21,"[""high_school"", ""bachelors""]","[""science"", ""languages""]","[""physics"", ""mathematics"", ""engineering""]",accredited_b,58.5,77.8,[],True,middle,china,asia,"{""academic"": 0.2727, ""leadership"": 0.1636, ""olympiad"": 0.3364, ""extracurricular"": 0.0455, ""essay"": 0.1818}",academic,True,Our mission is to empower talented individuals from Asia pursuing excellence in physics.,Ideal candidates demonstrate excellence in physics and commitment to technological advancement.,False,True,False,False,1319.52,False,1
SCH_000490,Nigeria Biology Scholarship,"[""usa"", ""south_korea"", ""canada"", ""australia"", ""uk""]",15,18,"[""high_school""]","[""science""]","[""biology"", ""economics"", ""business""]",excellence,66.7,76.6,"[{""test_type"": ""toefl"", ""min_score"": 86.4, ""is_mandatory"": true}]",False,upper_middle,nigeria,africa,"{""academic"": 0.2446, ""leadership"": 0.1583, ""olympiad"": 0.2518, ""extracurricular"": 0.2086, ""essay"": 0.1367}",entrepreneurship,True,Our mission is to empower talented individuals from Africa pursuing excellence in biology.,Ideal candidates demonstrate excellence in biology and commitment to community service.,True,True,True,True,1973.56,True,4
SCH_000491,Usa Law Scholarship,"[""france"", ""brazil"", ""germany"", ""sweden""]",15,19,"[""high_school""]","[""social_studies""]","[""law""]",private_a,56.9,67.2,"[{""test_type"": ""jlpt"", ""min_score"": 60, ""is_mandatory"": false}]",False,upper_middle,usa,north_america,"{""academic"": 0.2063, ""leadership"": 0.1984, ""olympiad"": 0.3175, ""extracurricular"": 0.1429, ""essay"": 0.1349}",,False,This scholarship aims to nurture future leaders in law with a passion for human-computer interaction.,We value students who show leadership potential and dedication to human-computer interaction.,True,True,True,True,1226.01,True,4
SCH_000492,Australia Law Scholarship,"[""germany"", ""malaysia"", ""singapore""]",15,20,"[""high_school""]","[""religion""]","[""law"", ""biology"", ""social_sciences"", ""education""]",excellence,71.0,65.1,"[{""test_type"": ""ielts"", ""min_score"": 6.9, ""is_mandatory"": true}]",True,middle,australia,oceania,"{""academic"": 0.2807, ""leadership"": 0.1316, ""olympiad"": 0.1228, ""extracurricular"": 0.2544, ""essay"": 0.2105}",industry,False,We seek to support outstanding students in law who demonstrate commitment to innovation.,Ideal candidates demonstrate excellence in law and commitment to community service.,True,True,True,True,1464.89,True,4
SCH_000493,Switzerland Biology Scholarship,"[""malaysia"", ""thailand"", ""vietnam"", ""uk"", ""nigeria"", ""france""]",17,22,"[""high_school""]","[""religion"", ""languages""]","[""biology"", ""physics"", ""arts_humanities"", ""agriculture""]",public_a,61.9,60.4,"[{""test_type"": ""ielts"", ""min_score"": 6.0, ""is_mandatory"": true}]",False,upper_middle,switzerland,europe,"{""academic"": 0.2754, ""leadership"": 0.1522, ""olympiad"": 0.2174, ""extracurricular"": 0.1884, ""essay"": 0.1667}",,False,Our mission is to empower talented individuals from Europe pursuing excellence in biology.,We value students who show leadership potential and dedication to public health policy.,True,False,True,True,7.41,False,3
SCH_000494,New Zealand Arts Humanities Scholarship,"[""sweden"", ""south_korea"", ""vietnam"", ""usa""]",15,19,"[""high_school""]","[""vocational""]","[""arts_humanities"", ""computer_science""]",public_a,73.1,54.3,"[{""test_type"": ""ielts"", ""min_score"": 6.9, ""is_mandatory"": true}]",True,very_low,new_zealand,oceania,"{""academic"": 0.2838, ""leadership"": 0.2162, ""olympiad"": 0.2838, ""extracurricular"": 0.0811, ""essay"": 0.1351}",industry,True,We seek to support outstanding students in arts_humanities who demonstrate commitment to knowledge advancement.,We value students who show leadership potential and dedication to human-computer interaction.,True,True,True,False,484.78,True,3
SCH_000495,Usa Medicine Scholarship,"[""indonesia"", ""france"", ""netherlands"", ""malaysia"", ""south_korea""]",16,20,"[""high_school""]","[""languages""]","[""medicine"", ""arts_humanities"", ""physics""]",excellence,84.9,61.5,"[{""test_type"": ""ielts"", ""min_score"": 7.2, ""is_mandatory"": false}]",False,very_low,usa,north_america,"{""academic"": 0.4519, ""leadership"": 0.1442, ""olympiad"": 0.1058, ""extracurricular"": 0.1827, ""essay"": 0.1154}",,False,This scholarship aims to nurture future leaders in medicine with a passion for human-computer interaction.,We are looking for candidates with strong academic records and proven leadership experience.,True,True,False,False,724.98,True,2
SCH_000496,Canada Business Scholarship,"[""netherlands"", ""australia"", ""south_korea"", ""india"", ""switzerland"", ""kenya""]",17,20,"[""high_school"", ""bachelors""]","[""languages""]","[""business"", ""engineering"", ""chemistry""]",private_a,68.9,50.5,"[{""test_type"": ""ielts"", ""min_score"": 7.0, ""is_mandatory"": true}]",False,upper_middle,canada,north_america,"{""academic"": 0.3543, ""leadership"": 0.1654, ""olympiad"": 0.189, ""extracurricular"": 0.2362, ""essay"": 0.0551}",ngo_npo,True,Our mission is to empower talented individuals from North_america pursuing excellence in business.,Ideal candidates demonstrate excellence in business and commitment to community service.,True,False,False,False,933.29,False,1
SCH_000497,Singapore Physics Scholarship,"[""vietnam"", ""australia"", ""south_korea""]",16,20,"[""high_school""]","[""social_studies"", ""vocational""]","[""physics"", ""chemistry"", ""arts_humanities""]",public_a,58.6,51.0,"[{""test_type"": ""ielts"", ""min_score"": 7.0, ""is_mandatory"": true}]",False,upper_middle,singapore,asia,"{""academic"": 0.3071, ""leadership"": 0.0551, ""olympiad"": 0.2598, ""extracurricular"": 0.2205, ""essay"": 0.1575}",,True,Our mission is to empower talented individuals from Asia pursuing excellence in physics.,We value students who show leadership potential and dedication to quantum computing.,True,True,False,True,1285.99,True,3
SCH_000498,Canada Business Scholarship,"[""thailand"", ""france"", ""india"", ""argentina"", ""south_africa"", ""china"", ""indonesia""]",15,20,"[""high_school""]","[""languages"", ""religion""]","[""business""]",excellence,73.7,71.3,[],False,middle,canada,north_america,"{""academic"": 0.3084, ""leadership"": 0.0935, ""olympiad"": 0.3084, ""extracurricular"": 0.1963, ""essay"": 0.0935}",government,False,Our mission is to empower talented individuals from North_america pursuing excellence in business.,Ideal candidates demonstrate excellence in business and commitment to technological advancement.,True,True,False,False,847.38,True,2
SCH_000499,South Africa Medicine Scholarship,"[""egypt"", ""argentina"", ""south_africa"", ""australia"", ""morocco"", ""malaysia"", ""uk""]",15,20,"[""high_school"", ""bachelors""]","[""science""]","[""medicine"", ""physics"", ""agriculture"", ""chemistry""]",excellence,83.8,58.8,[],False,middle,south_africa,africa,"{""academic"": 0.3488, ""leadership"": 0.0698, ""olympiad"": 0.2171, ""extracurricular"": 0.1395, ""essay"": 0.2248}",ngo_npo,False,We seek to support outstanding students in medicine who demonstrate commitment to innovation.,Ideal candidates demonstrate excellence in medicine and commitment to technological advancement.,True,True,False,True,1045.42,True,3
SCH_000500,Argentina Social Sciences Scholarship,"[""philippines"", ""usa""]",15,19,"[""high_school""]","[""religion"", ""vocational""]","[""social_sciences"", ""agriculture"", ""mathematics"", ""engineering""]",accredited_b,69.5,57.7,[],False,very_low,argentina,south_america,"{""academic"": 0.3719, ""leadership"": 0.1983, ""olympiad"": 0.2066, ""extracurricular"": 0.1653, ""essay"": 0.0579}",academic,False,We seek to support outstanding students in social_sciences who demonstrate commitment to knowledge advancement.,Ideal candidates demonstrate excellence in social_sciences and commitment to community service.,False,False,False,False,1017.81,False,0
SCH_000501,New Zealand Arts Humanities Scholarship,"[""thailand"", ""egypt""]",16,20,"[""high_school"", ""bachelors""]","[""vocational""]","[""arts_humanities""]",public_a,66.7,75.7,"[{""test_type"": ""ielts"", ""min_score"": 6.9, ""is_mandatory"": false}]",False,low,new_zealand,oceania,"{""academic"": 0.3652, ""leadership"": 0.2261, ""olympiad"": 0.1391, ""extracurricular"": 0.1652, ""essay"": 0.1043}",,True,We seek to support outstanding students in arts_humanities who demonstrate commitment to knowledge advancement.,We value students who show leadership potential and dedication to artificial intelligence.,True,True,False,False,1039.7,True,2
SCH_000502,Usa Computer Science Scholarship,"[""australia"", ""germany""]",15,20,"[""high_school""]","[""vocational"", ""languages""]","[""computer_science"", ""arts_humanities"", ""engineering""]",private_a,77.0,65.2,"[{""test_type"": ""jlpt"", ""min_score"": 60, ""is_mandatory"": true}]",False,very_low,usa,north_america,"{""academic"": 0.2381, ""leadership"": 0.119, ""olympiad"": 0.2937, ""extracurricular"": 0.2143, ""essay"": 0.1349}",academic,True,This scholarship aims to nurture future leaders in computer_science with a passion for cybersecurity.,We value students who show leadership potential and dedication to cybersecurity.,False,True,True,False,1142.15,False,2
SCH_000503,China Engineering Scholarship,"[""uk"", ""indonesia""]",15,20,"[""high_school"", ""bachelors""]","[""social_studies""]","[""engineering""]",public_a,71.7,67.5,"[{""test_type"": ""ielts"", ""min_score"": 7.8, ""is_mandatory"": true}]",False,upper_middle,china,asia,"{""academic"": 0.2966, ""leadership"": 0.2, ""olympiad"": 0.1379, ""extracurricular"": 0.2, ""essay"": 0.1655}",,False,This scholarship aims to nurture future leaders in engineering with a passion for renewable energy systems.,Ideal candidates demonstrate excellence in engineering and commitment to technological advancement.,True,False,True,True,102.32,False,3
SCH_000504,Kenya Education Scholarship,"[""uk"", ""canada""]",16,20,"[""high_school"", ""bachelors""]","[""vocational""]","[""education"", ""social_sciences"", ""law"", ""medicine""]",private_a,71.4,53.1,"[{""test_type"": ""ielts"", ""min_score"": 6.0, ""is_mandatory"": true}]",True,low,kenya,africa,"{""academic"": 0.3241, ""leadership"": 0.0897, ""olympiad"": 0.1931, ""extracurricular"": 0.2, ""essay"": 0.1931}",,False,We seek to support outstanding students in education who demonstrate commitment to knowledge advancement.,We are looking for candidates with strong academic records and proven leadership experience.,True,True,True,True,1808.17,True,4
SCH_000505,Philippines Chemistry Scholarship,"[""kenya"", ""switzerland"", ""netherlands"", ""germany"", ""canada""]",15,20,"[""high_school""]","[""science"", ""social_studies""]","[""chemistry"", ""biology"", ""social_sciences"", ""law""]",accredited_b,76.7,68.9,"[{""test_type"": ""topik"", ""min_score"": 150, ""is_mandatory"": false}]",False,very_low,philippines,asia,"{""academic"": 0.25, ""leadership"": 0.2381, ""olympiad"": 0.2857, ""extracurricular"": 0.0714, ""essay"": 0.1548}",,False,This scholarship aims to nurture future leaders in chemistry with a passion for climate change mitigation.,Ideal candidates demonstrate excellence in chemistry and commitment to community service.,True,True,True,True,280.77,True,4
SCH_000506,South Africa Business Scholarship,"[""chile"", ""brazil"", ""kenya"", ""uk"", ""germany"", ""egypt""]",17,22,"[""high_school""]","[""languages"", ""religion""]","[""business"", ""computer_science"", ""social_sciences"", ""law""]",excellence,59.9,66.8,"[{""test_type"": ""delf"", ""min_score"": 60, ""is_mandatory"": true}]",False,low,south_africa,africa,"{""academic"": 0.2527, ""leadership"": 0.1868, ""olympiad"": 0.1868, ""extracurricular"": 0.0989, ""essay"": 0.2747}",entrepreneurship,False,This scholarship aims to nurture future leaders in business with a passion for renewable energy systems.,We value students who show leadership potential and dedication to renewable energy systems.,False,True,True,False,1263.14,False,2
SCH_000507,Usa Engineering Scholarship,"[""chile"", ""egypt"", ""australia"", ""philippines"", ""nigeria""]",15,19,"[""high_school""]","[""vocational"", ""languages""]","[""engineering""]",accredited_b,61.6,72.5,"[{""test_type"": ""toefl"", ""min_score"": 102.9, ""is_mandatory"": false}]",False,middle,usa,north_america,"{""academic"": 0.3675, ""leadership"": 0.2051, ""olympiad"": 0.2821, ""extracurricular"": 0.0769, ""essay"": 0.0684}",,True,Our mission is to empower talented individuals from North_america pursuing excellence in engineering.,Ideal candidates demonstrate excellence in engineering and commitment to community service.,True,True,False,False,1865.31,True,2
SCH_000508,Canada Arts Humanities Scholarship,"[""japan"", ""nigeria"", ""germany"", ""indonesia"", ""sweden"", ""china""]",16,19,"[""high_school"", ""bachelors""]","[""social_studies""]","[""arts_humanities"", ""business"", ""computer_science""]",private_a,64.6,64.7,"[{""test_type"": ""toefl"", ""min_score"": 103.6, ""is_mandatory"": true}]",False,low,canada,north_america,"{""academic"": 0.2785, ""leadership"": 0.2152, ""olympiad"": 0.2405, ""extracurricular"": 0.1646, ""essay"": 0.1013}",,False,Our mission is to empower talented individuals from North_america pursuing excellence in arts_humanities.,We value students who show leadership potential and dedication to artificial intelligence.,True,False,False,True,1656.89,False,2
SCH_000509,Morocco Engineering Scholarship,"[""japan"", ""morocco"", ""singapore""]",16,21,"[""high_school""]","[""languages""]","[""engineering"", ""arts_humanities"", ""computer_science""]",excellence,79.0,67.3,"[{""test_type"": ""toefl"", ""min_score"": 108.2, ""is_mandatory"": true}]",False,middle,morocco,africa,"{""academic"": 0.3009, ""leadership"": 0.0885, ""olympiad"": 0.1239, ""extracurricular"": 0.2566, ""essay"": 0.2301}",,False,We seek to support outstanding students in engineering who demonstrate commitment to societal impact.,We are looking for candidates with strong academic records and proven leadership experience.,True,True,True,False,1569.49,True,3
SCH_000510,Singapore Agriculture Scholarship,"[""australia"", ""japan"", ""switzerland"", ""india"", ""china"", ""egypt""]",16,19,"[""high_school""]","[""religion"", ""social_studies""]","[""agriculture"", ""education""]",accredited_b,76.3,69.9,"[{""test_type"": ""toefl"", ""min_score"": 88.2, ""is_mandatory"": false}]",False,low,singapore,asia,"{""academic"": 0.35, ""leadership"": 0.1833, ""olympiad"": 0.15, ""extracurricular"": 0.225, ""essay"": 0.0917}",,False,We seek to support outstanding students in agriculture who demonstrate commitment to knowledge advancement.,Ideal candidates demonstrate excellence in agriculture and commitment to technological advancement.,True,True,False,False,173.93,True,2
SCH_000511,New Zealand Education Scholarship,"[""egypt"", ""singapore"", ""india""]",15,20,"[""high_school""]","[""religion""]","[""education""]",accredited_b,69.0,69.2,"[{""test_type"": ""toefl"", ""min_score"": 88.0, ""is_mandatory"": true}]",False,very_low,new_zealand,oceania,"{""academic"": 0.4486, ""leadership"": 0.0841, ""olympiad"": 0.3364, ""extracurricular"": 0.0748, ""essay"": 0.0561}",,True,This scholarship aims to nurture future leaders in education with a passion for financial technology.,We are looking for candidates with strong academic records and proven research experience.,True,True,True,False,992.53,True,3
SCH_000512,Chile Business Scholarship,"[""malaysia"", ""uk"", ""netherlands""]",17,21,"[""high_school"", ""bachelors""]","[""social_studies"", ""religion""]","[""business"", ""economics""]",excellence,59.8,50.4,"[{""test_type"": ""ielts"", ""min_score"": 6.7, ""is_mandatory"": true}]",False,upper_middle,chile,south_america,"{""academic"": 0.3951, ""leadership"": 0.1605, ""olympiad"": 0.1481, ""extracurricular"": 0.0988, ""essay"": 0.1975}",,False,Our mission is to empower talented individuals from South_america pursuing excellence in business.,Ideal candidates demonstrate excellence in business and commitment to technological advancement.,True,False,False,False,140.64,False,1
SCH_000513,Brazil Agriculture Scholarship,"[""france"", ""new_zealand"", ""singapore"", ""argentina"", ""australia""]",16,21,"[""high_school""]","[""social_studies"", ""science""]","[""agriculture"", ""law"", ""computer_science"", ""chemistry""]",excellence,77.3,50.8,"[{""test_type"": ""toefl"", ""min_score"": 101.5, ""is_mandatory"": true}]",False,middle,brazil,south_america,"{""academic"": 0.2697, ""leadership"": 0.2022, ""olympiad"": 0.1236, ""extracurricular"": 0.0787, ""essay"": 0.3258}",,True,This scholarship aims to nurture future leaders in agriculture with a passion for machine learning.,Ideal candidates demonstrate excellence in agriculture and commitment to community service.,False,True,True,True,1587.64,False,3
SCH_000514,New Zealand Engineering Scholarship,"[""morocco"", ""chile"", ""philippines"", ""france"", ""singapore"", ""canada"", ""vietnam""]",17,20,"[""high_school""]","[""languages""]","[""engineering"", ""computer_science"", ""chemistry"", ""physics""]",private_a,81.8,58.4,"[{""test_type"": ""ielts"", ""min_score"": 7.9, ""is_mandatory"": true}]",False,middle,new_zealand,oceania,"{""academic"": 0.3265, ""leadership"": 0.1735, ""olympiad"": 0.1429, ""extracurricular"": 0.0714, ""essay"": 0.2857}",,False,This scholarship aims to nurture future leaders in engineering with a passion for human-computer interaction.,We value students who show leadership potential and dedication to human-computer interaction.,True,True,False,False,897.29,True,2
SCH_000515,Nigeria Medicine Scholarship,"[""singapore"", ""thailand"", ""indonesia""]",17,22,"[""high_school"", ""bachelors""]","[""science"", ""social_studies""]","[""medicine"", ""engineering"", ""business"", ""computer_science""]",accredited_b,71.1,50.5,"[{""test_type"": ""ielts"", ""min_score"": 6.4, ""is_mandatory"": false}]",False,upper_middle,nigeria,africa,"{""academic"": 0.3878, ""leadership"": 0.1735, ""olympiad"": 0.1837, ""extracurricular"": 0.0816, ""essay"": 0.1735}",entrepreneurship,False,Our mission is to empower talented individuals from Africa pursuing excellence in medicine.,We value students who show leadership potential and dedication to renewable energy systems.,True,False,False,False,1506.11,False,1
SCH_000516,Thailand Education Scholarship,"[""south_korea"", ""canada"", ""brazil"", ""france"", ""philippines"", ""thailand""]",17,22,"[""high_school""]","[""vocational""]","[""education"", ""medicine"", ""arts_humanities"", ""computer_science""]",public_a,76.0,67.9,[],True,upper_middle,thailand,asia,"{""academic"": 0.3097, ""leadership"": 0.1239, ""olympiad"": 0.2478, ""extracurricular"": 0.0708, ""essay"": 0.2478}",,False,We seek to support outstanding students in education who demonstrate commitment to knowledge advancement.,We are looking for candidates with strong academic records and proven research experience.,True,True,True,False,1476.59,True,3
SCH_000517,South Korea Business Scholarship,"[""france"", ""germany"", ""usa"", ""malaysia"", ""japan"", ""uk"", ""morocco""]",15,18,"[""high_school""]","[""languages""]","[""business"", ""biology"", ""law"", ""medicine""]",public_a,79.9,58.4,"[{""test_type"": ""toefl"", ""min_score"": 99.8, ""is_mandatory"": true}]",False,middle,south_korea,asia,"{""academic"": 0.2374, ""leadership"": 0.2086, ""olympiad"": 0.1367, ""extracurricular"": 0.2086, ""essay"": 0.2086}",academic,False,This scholarship aims to nurture future leaders in business with a passion for genomic research.,Ideal candidates demonstrate excellence in business and commitment to community service.,True,False,True,True,409.14,False,3
SCH_000518,Brazil Computer Science Scholarship,"[""kenya"", ""south_africa"", ""india"", ""vietnam"", ""switzerland""]",15,20,"[""high_school""]","[""vocational"", ""science""]","[""computer_science"", ""arts_humanities"", ""mathematics"", ""economics""]",excellence,75.1,72.5,"[{""test_type"": ""jlpt"", ""min_score"": 60, ""is_mandatory"": false}]",True,low,brazil,south_america,"{""academic"": 0.188, ""leadership"": 0.2479, ""olympiad"": 0.2137, ""extracurricular"": 0.2308, ""essay"": 0.1197}",,False,We seek to support outstanding students in computer_science who demonstrate commitment to societal impact.,Ideal candidates demonstrate excellence in computer_science and commitment to community service.,False,True,True,True,1078.67,False,3
SCH_000519,Australia Social Sciences Scholarship,"[""egypt"", ""japan"", ""indonesia"", ""vietnam"", ""morocco"", ""argentina"", ""chile""]",15,18,"[""high_school"", ""bachelors""]","[""science""]","[""social_sciences""]",public_a,57.5,65.1,"[{""test_type"": ""ielts"", ""min_score"": 7.8, ""is_mandatory"": true}]",False,low,australia,oceania,"{""academic"": 0.283, ""leadership"": 0.066, ""olympiad"": 0.2925, ""extracurricular"": 0.1132, ""essay"": 0.2453}",industry,True,This scholarship aims to nurture future leaders in social_sciences with a passion for genomic research.,We value students who show leadership potential and dedication to genomic research.,False,False,False,True,1408.58,False,1
SCH_000520,Canada Chemistry Scholarship,"[""netherlands"", ""germany"", ""argentina"", ""singapore"", ""japan""]",17,20,"[""high_school"", ""bachelors""]","[""religion"", ""science""]","[""chemistry"", ""physics"", ""biology""]",private_a,61.5,54.9,"[{""test_type"": ""ielts"", ""min_score"": 8.0, ""is_mandatory"": true}]",False,middle,canada,north_america,"{""academic"": 0.3, ""leadership"": 0.1357, ""olympiad"": 0.2, ""extracurricular"": 0.1643, ""essay"": 0.2}",,False,We seek to support outstanding students in chemistry who demonstrate commitment to innovation.,We are looking for candidates with strong academic records and proven leadership experience.,True,False,True,True,677.9,False,3
SCH_000521,Canada Agriculture Scholarship,"[""indonesia"", ""new_zealand"", ""south_korea"", ""egypt"", ""argentina"", ""chile"", ""australia""]",16,21,"[""high_school"", ""bachelors""]","[""science"", ""vocational""]","[""agriculture"", ""biology"", ""law""]",private_a,77.3,62.7,"[{""test_type"": ""toefl"", ""min_score"": 100.8, ""is_mandatory"": true}]",False,middle,canada,north_america,"{""academic"": 0.3917, ""leadership"": 0.1417, ""olympiad"": 0.2417, ""extracurricular"": 0.0833, ""essay"": 0.1417}",public_service,False,We seek to support outstanding students in agriculture who demonstrate commitment to knowledge advancement.,We value students who show leadership potential and dedication to sustainable agriculture.,True,False,True,True,1410.02,False,3
SCH_000522,New Zealand Computer Science Scholarship,"[""australia"", ""switzerland""]",17,21,"[""high_school"", ""bachelors""]","[""social_studies""]","[""computer_science""]",excellence,59.8,64.6,"[{""test_type"": ""ielts"", ""min_score"": 7.1, ""is_mandatory"": true}]",False,low,new_zealand,oceania,"{""academic"": 0.2526, ""leadership"": 0.2316, ""olympiad"": 0.1895, ""extracurricular"": 0.1263, ""essay"": 0.2}",,True,Our mission is to empower talented individuals from Oceania pursuing excellence in computer_science.,Ideal candidates demonstrate excellence in computer_science and commitment to technological advancement.,True,True,False,False,1505.62,True,2
SCH_000523,Switzerland Chemistry Scholarship,"[""brazil"", ""india"", ""australia"", ""thailand"", ""new_zealand"", ""switzerland"", ""netherlands""]",16,19,"[""high_school"", ""bachelors""]","[""social_studies""]","[""chemistry"", ""education""]",excellence,80.6,55.7,"[{""test_type"": ""topik"", ""min_score"": 150, ""is_mandatory"": true}]",False,middle,switzerland,europe,"{""academic"": 0.4444, ""leadership"": 0.2444, ""olympiad"": 0.1444, ""extracurricular"": 0.1111, ""essay"": 0.0556}",,True,Our mission is to empower talented individuals from Europe pursuing excellence in chemistry.,We value students who show leadership potential and dedication to education reform.,True,False,False,True,1036.71,False,2
SCH_000524,Germany Chemistry Scholarship,"[""china"", ""philippines"", ""indonesia"", ""france""]",15,19,"[""high_school"", ""bachelors""]","[""social_studies"", ""religion""]","[""chemistry"", ""business"", ""biology""]",private_a,69.2,67.2,[],True,very_low,germany,europe,"{""academic"": 0.25, ""leadership"": 0.18, ""olympiad"": 0.33, ""extracurricular"": 0.07, ""essay"": 0.17}",,True,We seek to support outstanding students in chemistry who demonstrate commitment to societal impact.,Ideal candidates demonstrate excellence in chemistry and commitment to technological advancement.,True,False,True,False,485.51,False,2
SCH_000525,Switzerland Economics Scholarship,"[""indonesia"", ""egypt"", ""sweden"", ""usa""]",16,20,"[""high_school""]","[""languages""]","[""economics"", ""agriculture"", ""social_sciences""]",public_a,84.5,79.6,"[{""test_type"": ""toefl"", ""min_score"": 86.5, ""is_mandatory"": false}]",False,upper_middle,switzerland,europe,"{""academic"": 0.3913, ""leadership"": 0.2826, ""olympiad"": 0.1196, ""extracurricular"": 0.1522, ""essay"": 0.0543}",public_service,False,This scholarship aims to nurture future leaders in economics with a passion for cybersecurity.,Ideal candidates demonstrate excellence in economics and commitment to community service.,False,False,True,False,1098.92,False,1
SCH_000526,Egypt Business Scholarship,"[""sweden"", ""thailand"", ""uk""]",15,18,"[""high_school"", ""bachelors""]","[""languages""]","[""business"", ""medicine"", ""biology""]",private_a,61.4,56.4,"[{""test_type"": ""ielts"", ""min_score"": 6.5, ""is_mandatory"": true}]",False,low,egypt,africa,"{""academic"": 0.2868, ""leadership"": 0.1938, ""olympiad"": 0.1628, ""extracurricular"": 0.2093, ""essay"": 0.1473}",ngo_npo,False,We seek to support outstanding students in business who demonstrate commitment to societal impact.,We value students who show leadership potential and dedication to cybersecurity.,False,True,True,True,27.56,False,3
SCH_000527,Switzerland Biology Scholarship,"[""canada"", ""brazil"", ""japan"", ""thailand"", ""egypt"", ""uk""]",17,21,"[""high_school""]","[""religion"", ""science""]","[""biology"", ""computer_science"", ""physics"", ""chemistry""]",excellence,67.8,74.9,"[{""test_type"": ""toefl"", ""min_score"": 80.1, ""is_mandatory"": false}]",True,very_low,switzerland,europe,"{""academic"": 0.1864, ""leadership"": 0.0932, ""olympiad"": 0.3051, ""extracurricular"": 0.178, ""essay"": 0.2373}",government,False,This scholarship aims to nurture future leaders in biology with a passion for education reform.,We are looking for candidates with strong academic records and proven leadership experience.,False,True,True,False,699.06,False,2
SCH_000528,Argentina Agriculture Scholarship,"[""argentina"", ""sweden""]",17,20,"[""high_school"", ""bachelors""]","[""languages""]","[""agriculture""]",excellence,71.5,61.4,[],False,very_low,argentina,south_america,"{""academic"": 0.4588, ""leadership"": 0.2588, ""olympiad"": 0.1294, ""extracurricular"": 0.0941, ""essay"": 0.0588}",industry,True,Our mission is to empower talented individuals from South_america pursuing excellence in agriculture.,We are looking for candidates with strong academic records and proven leadership experience.,False,True,False,False,907.62,False,1
SCH_000529,Brazil Chemistry Scholarship,"[""netherlands"", ""argentina"", ""australia"", ""japan"", ""brazil"", ""switzerland"", ""vietnam""]",17,20,"[""high_school""]","[""science""]","[""chemistry""]",private_a,80.5,69.5,[],True,very_low,brazil,south_america,"{""academic"": 0.2376, ""leadership"": 0.1188, ""olympiad"": 0.2871, ""extracurricular"": 0.1485, ""essay"": 0.2079}",,False,Our mission is to empower talented individuals from South_america pursuing excellence in chemistry.,We are looking for candidates with strong academic records and proven leadership experience.,False,True,False,True,113.25,False,2
SCH_000530,Canada Medicine Scholarship,"[""kenya"", ""chile"", ""malaysia"", ""argentina"", ""egypt"", ""south_korea"", ""japan""]",15,18,"[""high_school""]","[""social_studies""]","[""medicine"", ""mathematics"", ""economics""]",public_a,56.0,71.2,"[{""test_type"": ""hsk"", ""min_score"": 60, ""is_mandatory"": false}]",False,upper_middle,canada,north_america,"{""academic"": 0.275, ""leadership"": 0.0917, ""olympiad"": 0.2167, ""extracurricular"": 0.1917, ""essay"": 0.225}",government,False,We seek to support outstanding students in medicine who demonstrate commitment to knowledge advancement.,We are looking for candidates with strong academic records and proven research experience.,True,False,False,False,64.55,False,1
SCH_000531,France Biology Scholarship,"[""netherlands"", ""switzerland"", ""france"", ""nigeria"", ""india"", ""singapore"", ""thailand""]",16,19,"[""high_school""]","[""languages""]","[""biology""]",excellence,68.4,71.0,[],False,middle,france,europe,"{""academic"": 0.3211, ""leadership"": 0.0734, ""olympiad"": 0.2018, ""extracurricular"": 0.2569, ""essay"": 0.1468}",industry,False,This scholarship aims to nurture future leaders in biology with a passion for financial technology.,We are looking for candidates with strong academic records and proven research experience.,True,False,True,False,927.96,False,2
SCH_000532,Indonesia Engineering Scholarship,"[""germany"", ""singapore""]",15,19,"[""high_school"", ""bachelors""]","[""vocational""]","[""engineering"", ""chemistry""]",excellence,71.8,52.0,"[{""test_type"": ""toefl"", ""min_score"": 95.5, ""is_mandatory"": false}]",False,very_low,indonesia,asia,"{""academic"": 0.3821, ""leadership"": 0.1382, ""olympiad"": 0.1545, ""extracurricular"": 0.1301, ""essay"": 0.1951}",,True,This scholarship aims to nurture future leaders in engineering with a passion for machine learning.,We are looking for candidates with strong academic records and proven research experience.,True,False,False,False,530.38,False,1
SCH_000533,Canada Engineering Scholarship,"[""nigeria"", ""egypt"", ""chile""]",16,21,"[""high_school""]","[""vocational""]","[""engineering"", ""medicine"", ""education""]",private_a,59.4,55.6,[],True,upper_middle,canada,north_america,"{""academic"": 0.2836, ""leadership"": 0.1791, ""olympiad"": 0.1642, ""extracurricular"": 0.1642, ""essay"": 0.209}",ngo_npo,False,We seek to support outstanding students in engineering who demonstrate commitment to knowledge advancement.,We are looking for candidates with strong academic records and proven leadership experience.,True,True,True,False,350.08,True,3
SCH_000534,Netherlands Chemistry Scholarship,"[""indonesia"", ""kenya"", ""india"", ""china"", ""singapore"", ""sweden""]",15,18,"[""high_school""]","[""science"", ""languages""]","[""chemistry"", ""education"", ""agriculture""]",public_a,80.6,76.7,"[{""test_type"": ""delf"", ""min_score"": 40, ""is_mandatory"": true}]",False,upper_middle,netherlands,europe,"{""academic"": 0.254, ""leadership"": 0.1587, ""olympiad"": 0.1111, ""extracurricular"": 0.2381, ""essay"": 0.2381}",,True,This scholarship aims to nurture future leaders in chemistry with a passion for public health policy.,Ideal candidates demonstrate excellence in chemistry and commitment to community service.,True,True,True,False,1489.16,True,3
SCH_000535,Nigeria Law Scholarship,"[""sweden"", ""switzerland"", ""kenya""]",17,20,"[""high_school"", ""bachelors""]","[""languages""]","[""law"", ""economics"", ""biology""]",private_a,71.4,74.2,[],False,middle,nigeria,africa,"{""academic"": 0.2523, ""leadership"": 0.2252, ""olympiad"": 0.1712, ""extracurricular"": 0.1081, ""essay"": 0.2432}",,False,We seek to support outstanding students in law who demonstrate commitment to societal impact.,We value students who show leadership potential and dedication to genomic research.,True,False,False,False,809.56,False,1
SCH_000536,Argentina Economics Scholarship,"[""new_zealand"", ""australia"", ""vietnam"", ""philippines"", ""india"", ""china"", ""canada""]",15,20,"[""high_school""]","[""languages""]","[""economics""]",private_a,80.2,60.5,[],False,low,argentina,south_america,"{""academic"": 0.2174, ""leadership"": 0.1848, ""olympiad"": 0.4022, ""extracurricular"": 0.087, ""essay"": 0.1087}",academic,True,We seek to support outstanding students in economics who demonstrate commitment to societal impact.,We are looking for candidates with strong academic records and proven leadership experience.,False,True,True,False,873.66,False,2
SCH_000537,Thailand Economics Scholarship,"[""malaysia"", ""vietnam"", ""egypt"", ""canada""]",16,19,"[""high_school"", ""bachelors""]","[""religion""]","[""economics"", ""agriculture""]",private_a,60.4,69.5,"[{""test_type"": ""ielts"", ""min_score"": 6.5, ""is_mandatory"": true}]",False,very_low,thailand,asia,"{""academic"": 0.1399, ""leadership"": 0.2098, ""olympiad"": 0.2587, ""extracurricular"": 0.1888, ""essay"": 0.2028}",government,False,This scholarship aims to nurture future leaders in economics with a passion for machine learning.,We are looking for candidates with strong academic records and proven leadership experience.,True,True,False,True,1931.69,True,3
SCH_000538,Brazil Chemistry Scholarship,"[""new_zealand"", ""south_korea"", ""thailand"", ""japan"", ""china"", ""netherlands""]",16,20,"[""high_school""]","[""vocational""]","[""chemistry"", ""education""]",excellence,73.1,65.5,"[{""test_type"": ""ielts"", ""min_score"": 6.8, ""is_mandatory"": false}]",False,low,brazil,south_america,"{""academic"": 0.3214, ""leadership"": 0.2, ""olympiad"": 0.1857, ""extracurricular"": 0.0929, ""essay"": 0.2}",government,False,We seek to support outstanding students in chemistry who demonstrate commitment to knowledge advancement.,Ideal candidates demonstrate excellence in chemistry and commitment to technological advancement.,False,False,False,True,1135.06,False,1
SCH_000539,Indonesia Engineering Scholarship,"[""australia"", ""philippines"", ""vietnam""]",17,22,"[""high_school""]","[""religion""]","[""engineering"", ""medicine"", ""agriculture"", ""social_sciences""]",public_a,75.6,75.9,[],False,middle,indonesia,asia,"{""academic"": 0.4301, ""leadership"": 0.2581, ""olympiad"": 0.1075, ""extracurricular"": 0.086, ""essay"": 0.1183}",entrepreneurship,False,Our mission is to empower talented individuals from Asia pursuing excellence in engineering.,We are looking for candidates with strong academic records and proven leadership experience.,False,True,True,False,1518.75,False,2
SCH_000540,South Africa Economics Scholarship,"[""switzerland"", ""netherlands"", ""philippines"", ""malaysia""]",16,20,"[""high_school""]","[""social_studies"", ""religion""]","[""economics"", ""agriculture""]",private_a,58.5,64.5,"[{""test_type"": ""topik"", ""min_score"": 200, ""is_mandatory"": true}]",False,very_low,south_africa,africa,"{""academic"": 0.203, ""leadership"": 0.1053, ""olympiad"": 0.2707, ""extracurricular"": 0.218, ""essay"": 0.203}",ngo_npo,False,This scholarship aims to nurture future leaders in economics with a passion for education reform.,Ideal candidates demonstrate excellence in economics and commitment to technological advancement.,True,True,True,False,180.48,True,3
SCH_000541,New Zealand Arts Humanities Scholarship,"[""morocco"", ""egypt"", ""nigeria"", ""australia"", ""singapore"", ""south_korea""]",15,19,"[""high_school""]","[""religion"", ""vocational""]","[""arts_humanities"", ""law""]",public_a,84.8,72.8,"[{""test_type"": ""jlpt"", ""min_score"": 40, ""is_mandatory"": true}]",False,upper_middle,new_zealand,oceania,"{""academic"": 0.2615, ""leadership"": 0.2, ""olympiad"": 0.1923, ""extracurricular"": 0.2154, ""essay"": 0.1308}",public_service,False,This scholarship aims to nurture future leaders in arts_humanities with a passion for genomic research.,We are looking for candidates with strong academic records and proven leadership experience.,True,True,True,False,42.42,True,3
SCH_000542,Usa Physics Scholarship,"[""australia"", ""canada""]",17,20,"[""high_school""]","[""science""]","[""physics"", ""engineering""]",accredited_b,84.1,60.0,"[{""test_type"": ""toefl"", ""min_score"": 102.3, ""is_mandatory"": true}]",False,upper_middle,usa,north_america,"{""academic"": 0.2178, ""leadership"": 0.2376, ""olympiad"": 0.1287, ""extracurricular"": 0.1683, ""essay"": 0.2475}",,False,Our mission is to empower talented individuals from North_america pursuing excellence in physics.,We value students who show leadership potential and dedication to climate change mitigation.,True,False,True,False,904.44,False,2
SCH_000543,China Economics Scholarship,"[""china"", ""thailand"", ""philippines"", ""usa"", ""germany"", ""uk""]",17,21,"[""high_school""]","[""languages""]","[""economics""]",private_a,68.5,78.8,[],False,upper_middle,china,asia,"{""academic"": 0.3254, ""leadership"": 0.2222, ""olympiad"": 0.0794, ""extracurricular"": 0.2302, ""essay"": 0.1429}",,True,This scholarship aims to nurture future leaders in economics with a passion for sustainable agriculture.,Ideal candidates demonstrate excellence in economics and commitment to community service.,True,True,True,False,395.77,True,3
SCH_000544,Singapore Medicine Scholarship,"[""philippines"", ""argentina"", ""new_zealand"", ""canada"", ""kenya"", ""south_korea"", ""chile""]",17,21,"[""high_school"", ""bachelors""]","[""vocational""]","[""medicine""]",public_a,77.1,69.5,"[{""test_type"": ""ielts"", ""min_score"": 6.9, ""is_mandatory"": true}]",False,upper_middle,singapore,asia,"{""academic"": 0.1875, ""leadership"": 0.2679, ""olympiad"": 0.25, ""extracurricular"": 0.0804, ""essay"": 0.2143}",ngo_npo,False,This scholarship aims to nurture future leaders in medicine with a passion for cybersecurity.,We value students who show leadership potential and dedication to cybersecurity.,True,True,True,False,430.09,True,3
SCH_000545,Chile Business Scholarship,"[""usa"", ""indonesia"", ""switzerland"", ""south_africa"", ""south_korea"", ""kenya"", ""thailand""]",17,22,"[""high_school"", ""bachelors""]","[""religion""]","[""business""]",private_a,63.3,68.4,"[{""test_type"": ""topik"", ""min_score"": 150, ""is_mandatory"": false}]",False,low,chile,south_america,"{""academic"": 0.2857, ""leadership"": 0.2755, ""olympiad"": 0.1224, ""extracurricular"": 0.1837, ""essay"": 0.1327}",government,False,This scholarship aims to nurture future leaders in business with a passion for genomic research.,Ideal candidates demonstrate excellence in business and commitment to community service.,True,True,True,False,944.77,True,3
SCH_000546,Morocco Social Sciences Scholarship,"[""argentina"", ""chile"", ""philippines"", ""australia"", ""egypt"", ""japan"", ""india""]",16,21,"[""high_school"", ""bachelors""]","[""social_studies""]","[""social_sciences"", ""chemistry"", ""physics""]",private_a,67.0,51.9,[],False,low,morocco,africa,"{""academic"": 0.2348, ""leadership"": 0.1391, ""olympiad"": 0.3217, ""extracurricular"": 0.113, ""essay"": 0.1913}",,False,Our mission is to empower talented individuals from Africa pursuing excellence in social_sciences.,We are looking for candidates with strong academic records and proven research experience.,True,True,True,True,395.91,True,4
SCH_000547,Brazil Biology Scholarship,"[""indonesia"", ""netherlands"", ""australia"", ""china"", ""germany"", ""india""]",17,20,"[""high_school"", ""bachelors""]","[""science"", ""languages""]","[""biology"", ""mathematics"", ""agriculture"", ""social_sciences""]",accredited_b,76.6,59.3,"[{""test_type"": ""toefl"", ""min_score"": 96.5, ""is_mandatory"": true}]",True,low,brazil,south_america,"{""academic"": 0.2095, ""leadership"": 0.2, ""olympiad"": 0.381, ""extracurricular"": 0.0762, ""essay"": 0.1333}",government,False,We seek to support outstanding students in biology who demonstrate commitment to societal impact.,Ideal candidates demonstrate excellence in biology and commitment to community service.,True,True,False,False,983.73,True,2
SCH_000548,South Africa Arts Humanities Scholarship,"[""germany"", ""vietnam"", ""kenya"", ""malaysia"", ""argentina"", ""canada"", ""usa""]",17,22,"[""high_school""]","[""vocational""]","[""arts_humanities"", ""chemistry""]",private_a,82.7,55.0,"[{""test_type"": ""ielts"", ""min_score"": 7.0, ""is_mandatory"": false}]",False,middle,south_africa,africa,"{""academic"": 0.3488, ""leadership"": 0.1085, ""olympiad"": 0.2326, ""extracurricular"": 0.186, ""essay"": 0.124}",public_service,False,We seek to support outstanding students in arts_humanities who demonstrate commitment to knowledge advancement.,We value students who show leadership potential and dedication to human-computer interaction.,True,False,True,False,1562.48,False,2
SCH_000549,Japan Agriculture Scholarship,"[""singapore"", ""morocco"", ""japan"", ""south_korea""]",17,22,"[""high_school"", ""bachelors""]","[""vocational""]","[""agriculture""]",public_a,84.5,69.1,[],False,low,japan,asia,"{""academic"": 0.3058, ""leadership"": 0.157, ""olympiad"": 0.1736, ""extracurricular"": 0.124, ""essay"": 0.2397}",entrepreneurship,False,We seek to support outstanding students in agriculture who demonstrate commitment to innovation.,We are looking for candidates with strong academic records and proven research experience.,True,True,False,True,482.61,True,3
SCH_000550,Usa Business Scholarship,"[""indonesia"", ""canada"", ""uk""]",17,22,"[""high_school""]","[""religion"", ""social_studies""]","[""business""]",private_a,57.8,53.7,"[{""test_type"": ""ielts"", ""min_score"": 7.4, ""is_mandatory"": true}]",False,middle,usa,north_america,"{""academic"": 0.3605, ""leadership"": 0.2093, ""olympiad"": 0.1395, ""extracurricular"": 0.1512, ""essay"": 0.1395}",,False,This scholarship aims to nurture future leaders in business with a passion for machine learning.,Ideal candidates demonstrate excellence in business and commitment to technological advancement.,True,True,True,False,1998.66,True,3
SCH_000551,France Business Scholarship,"[""philippines"", ""switzerland"", ""sweden"", ""canada"", ""brazil"", ""south_africa""]",15,18,"[""high_school"", ""bachelors""]","[""vocational"", ""science""]","[""business"", ""social_sciences""]",private_a,84.9,51.6,"[{""test_type"": ""ielts"", ""min_score"": 7.7, ""is_mandatory"": true}]",False,low,france,europe,"{""academic"": 0.2041, ""leadership"": 0.2245, ""olympiad"": 0.3061, ""extracurricular"": 0.0612, ""essay"": 0.2041}",,False,Our mission is to empower talented individuals from Europe pursuing excellence in business.,Ideal candidates demonstrate excellence in business and commitment to community service.,True,False,False,True,503.41,False,2
SCH_000552,Argentina Physics Scholarship,"[""china"", ""canada"", ""philippines"", ""switzerland"", ""south_africa"", ""uk"", ""australia""]",16,21,"[""high_school"", ""bachelors""]","[""social_studies"", ""languages""]","[""physics"", ""economics"", ""biology""]",accredited_b,66.3,55.7,"[{""test_type"": ""topik"", ""min_score"": 150, ""is_mandatory"": false}]",False,middle,argentina,south_america,"{""academic"": 0.3545, ""leadership"": 0.1545, ""olympiad"": 0.1273, ""extracurricular"": 0.1455, ""essay"": 0.2182}",,False,We seek to support outstanding students in physics who demonstrate commitment to knowledge advancement.,Ideal candidates demonstrate excellence in physics and commitment to community service.,True,True,False,True,784.0,True,3
SCH_000553,Argentina Business Scholarship,"[""chile"", ""uk"", ""france"", ""brazil"", ""netherlands""]",15,18,"[""high_school""]","[""science"", ""religion""]","[""business""]",excellence,63.9,72.5,"[{""test_type"": ""toefl"", ""min_score"": 99.1, ""is_mandatory"": true}]",True,very_low,argentina,south_america,"{""academic"": 0.3579, ""leadership"": 0.2737, ""olympiad"": 0.1368, ""extracurricular"": 0.0737, ""essay"": 0.1579}",public_service,False,We seek to support outstanding students in business who demonstrate commitment to innovation.,We value students who show leadership potential and dedication to renewable energy systems.,True,True,False,False,707.99,True,2
SCH_000554,New Zealand Education Scholarship,"[""philippines"", ""sweden"", ""vietnam"", ""thailand"", ""uk"", ""india""]",15,18,"[""high_school"", ""bachelors""]","[""social_studies""]","[""education""]",accredited_b,61.5,64.2,"[{""test_type"": ""ielts"", ""min_score"": 7.5, ""is_mandatory"": false}]",False,middle,new_zealand,oceania,"{""academic"": 0.2333, ""leadership"": 0.0778, ""olympiad"": 0.2222, ""extracurricular"": 0.2889, ""essay"": 0.1778}",,False,Our mission is to empower talented individuals from Oceania pursuing excellence in education.,We value students who show leadership potential and dedication to education reform.,True,False,True,False,998.7,False,2
SCH_000555,Usa Computer Science Scholarship,"[""singapore"", ""usa"", ""canada"", ""morocco""]",17,22,"[""high_school""]","[""languages"", ""science""]","[""computer_science"", ""physics"", ""agriculture""]",accredited_b,57.3,60.0,"[{""test_type"": ""toefl"", ""min_score"": 104.9, ""is_mandatory"": false}]",False,very_low,usa,north_america,"{""academic"": 0.2553, ""leadership"": 0.2872, ""olympiad"": 0.117, ""extracurricular"": 0.234, ""essay"": 0.1064}",ngo_npo,False,This scholarship aims to nurture future leaders in computer_science with a passion for machine learning.,We value students who show leadership potential and dedication to machine learning.,False,True,True,False,9.15,False,2
SCH_000556,Nigeria Agriculture Scholarship,"[""morocco"", ""chile"", ""china"", ""uk"", ""south_korea""]",15,19,"[""high_school""]","[""religion""]","[""agriculture"", ""chemistry"", ""social_sciences""]",public_a,68.1,70.3,"[{""test_type"": ""ielts"", ""min_score"": 7.3, ""is_mandatory"": false}]",True,very_low,nigeria,africa,"{""academic"": 0.359, ""leadership"": 0.2051, ""olympiad"": 0.3077, ""extracurricular"": 0.0684, ""essay"": 0.0598}",,False,Our mission is to empower talented individuals from Africa pursuing excellence in agriculture.,Ideal candidates demonstrate excellence in agriculture and commitment to technological advancement.,False,True,False,False,259.97,False,1
SCH_000557,Australia Engineering Scholarship,"[""vietnam"", ""chile"", ""malaysia"", ""argentina"", ""nigeria"", ""australia""]",15,18,"[""high_school""]","[""social_studies""]","[""engineering"", ""social_sciences"", ""business"", ""physics""]",accredited_b,55.5,77.2,[],False,middle,australia,oceania,"{""academic"": 0.3125, ""leadership"": 0.2321, ""olympiad"": 0.1786, ""extracurricular"": 0.0625, ""essay"": 0.2143}",entrepreneurship,False,We seek to support outstanding students in engineering who demonstrate commitment to innovation.,Ideal candidates demonstrate excellence in engineering and commitment to technological advancement.,True,True,False,False,483.67,True,2
SCH_000558,New Zealand Law Scholarship,"[""malaysia"", ""netherlands""]",15,19,"[""high_school""]","[""languages"", ""religion""]","[""law""]",public_a,77.4,66.9,"[{""test_type"": ""delf"", ""min_score"": 60, ""is_mandatory"": true}]",False,middle,new_zealand,oceania,"{""academic"": 0.2661, ""leadership"": 0.1651, ""olympiad"": 0.2936, ""extracurricular"": 0.211, ""essay"": 0.0642}",,False,We seek to support outstanding students in law who demonstrate commitment to societal impact.,We value students who show leadership potential and dedication to human-computer interaction.,True,True,False,False,1529.08,True,2
SCH_000559,Nigeria Engineering Scholarship,"[""switzerland"", ""china"", ""uk""]",17,22,"[""high_school"", ""bachelors""]","[""social_studies"", ""languages""]","[""engineering"", ""education""]",excellence,62.4,54.2,[],False,upper_middle,nigeria,africa,"{""academic"": 0.3933, ""leadership"": 0.1236, ""olympiad"": 0.3483, ""extracurricular"": 0.0674, ""essay"": 0.0674}",ngo_npo,False,Our mission is to empower talented individuals from Africa pursuing excellence in engineering.,We value students who show leadership potential and dedication to financial technology.,True,False,False,False,1770.27,False,1
SCH_000560,Switzerland Business Scholarship,"[""brazil"", ""china"", ""south_africa""]",15,19,"[""high_school"", ""bachelors""]","[""social_studies"", ""religion""]","[""business""]",private_a,84.7,78.5,[],False,low,switzerland,europe,"{""academic"": 0.2364, ""leadership"": 0.2636, ""olympiad"": 0.2545, ""extracurricular"": 0.1545, ""essay"": 0.0909}",,True,We seek to support outstanding students in business who demonstrate commitment to societal impact.,We are looking for candidates with strong academic records and proven leadership experience.,True,True,True,True,118.63,True,4
SCH_000561,Germany Mathematics Scholarship,"[""malaysia"", ""usa""]",16,21,"[""high_school"", ""bachelors""]","[""languages""]","[""mathematics"", ""biology"", ""agriculture"", ""arts_humanities""]",public_a,78.7,59.1,"[{""test_type"": ""jlpt"", ""min_score"": 60, ""is_mandatory"": true}]",False,upper_middle,germany,europe,"{""academic"": 0.296, ""leadership"": 0.208, ""olympiad"": 0.28, ""extracurricular"": 0.136, ""essay"": 0.08}",,True,We seek to support outstanding students in mathematics who demonstrate commitment to societal impact.,Ideal candidates demonstrate excellence in mathematics and commitment to community service.,True,True,True,False,114.13,True,3
SCH_000562,Argentina Medicine Scholarship,"[""thailand"", ""egypt"", ""canada"", ""kenya"", ""australia"", ""switzerland"", ""china""]",15,19,"[""high_school""]","[""science""]","[""medicine"", ""computer_science""]",excellence,65.2,52.6,"[{""test_type"": ""ielts"", ""min_score"": 6.4, ""is_mandatory"": true}]",False,very_low,argentina,south_america,"{""academic"": 0.1765, ""leadership"": 0.2017, ""olympiad"": 0.2605, ""extracurricular"": 0.1176, ""essay"": 0.2437}",government,True,We seek to support outstanding students in medicine who demonstrate commitment to societal impact.,We value students who show leadership potential and dedication to genomic research.,True,False,True,False,1016.3,False,2
SCH_000563,Malaysia Physics Scholarship,"[""philippines"", ""indonesia"", ""nigeria"", ""kenya"", ""argentina"", ""canada"", ""thailand""]",17,20,"[""high_school""]","[""social_studies"", ""vocational""]","[""physics"", ""law"", ""economics"", ""social_sciences""]",excellence,74.2,79.4,"[{""test_type"": ""delf"", ""min_score"": 60, ""is_mandatory"": false}]",False,low,malaysia,asia,"{""academic"": 0.2813, ""leadership"": 0.1797, ""olympiad"": 0.2578, ""extracurricular"": 0.1172, ""essay"": 0.1641}",entrepreneurship,False,This scholarship aims to nurture future leaders in physics with a passion for renewable energy systems.,Ideal candidates demonstrate excellence in physics and commitment to technological advancement.,False,False,False,False,989.54,False,0
SCH_000564,South Africa Biology Scholarship,"[""philippines"", ""argentina"", ""switzerland""]",16,21,"[""high_school""]","[""science"", ""social_studies""]","[""biology"", ""education"", ""engineering""]",public_a,70.4,71.3,[],False,upper_middle,south_africa,africa,"{""academic"": 0.2871, ""leadership"": 0.198, ""olympiad"": 0.198, ""extracurricular"": 0.1881, ""essay"": 0.1287}",,False,This scholarship aims to nurture future leaders in biology with a passion for education reform.,Ideal candidates demonstrate excellence in biology and commitment to community service.,True,False,False,True,332.28,False,2
SCH_000565,South Korea Medicine Scholarship,"[""thailand"", ""france"", ""kenya"", ""canada"", ""morocco""]",15,20,"[""high_school""]","[""science"", ""religion""]","[""medicine"", ""education"", ""mathematics"", ""computer_science""]",private_a,55.2,68.1,"[{""test_type"": ""ielts"", ""min_score"": 7.7, ""is_mandatory"": false}]",True,middle,south_korea,asia,"{""academic"": 0.3769, ""leadership"": 0.2, ""olympiad"": 0.1769, ""extracurricular"": 0.1308, ""essay"": 0.1154}",,False,We seek to support outstanding students in medicine who demonstrate commitment to societal impact.,Ideal candidates demonstrate excellence in medicine and commitment to community service.,False,True,False,True,1004.37,False,2
SCH_000566,Canada Law Scholarship,"[""india"", ""argentina"", ""new_zealand"", ""egypt"", ""thailand""]",15,19,"[""high_school"", ""bachelors""]","[""science"", ""vocational""]","[""law"", ""mathematics"", ""engineering"", ""economics""]",accredited_b,74.1,66.7,[],True,very_low,canada,north_america,"{""academic"": 0.3, ""leadership"": 0.1273, ""olympiad"": 0.2455, ""extracurricular"": 0.0909, ""essay"": 0.2364}",,False,We seek to support outstanding students in law who demonstrate commitment to knowledge advancement.,Ideal candidates demonstrate excellence in law and commitment to technological advancement.,True,True,False,True,47.15,True,3
SCH_000567,Uk Business Scholarship,"[""uk"", ""kenya"", ""netherlands"", ""vietnam""]",15,19,"[""high_school"", ""bachelors""]","[""social_studies""]","[""business"", ""medicine"", ""social_sciences""]",public_a,74.2,57.1,"[{""test_type"": ""ielts"", ""min_score"": 7.1, ""is_mandatory"": true}]",False,middle,uk,europe,"{""academic"": 0.3784, ""leadership"": 0.1892, ""olympiad"": 0.2162, ""extracurricular"": 0.0991, ""essay"": 0.1171}",,True,This scholarship aims to nurture future leaders in business with a passion for artificial intelligence.,Ideal candidates demonstrate excellence in business and commitment to community service.,False,True,True,True,1012.79,False,3
SCH_000568,New Zealand Business Scholarship,"[""vietnam"", ""germany""]",15,18,"[""high_school""]","[""religion""]","[""business""]",excellence,62.6,67.6,"[{""test_type"": ""ielts"", ""min_score"": 6.0, ""is_mandatory"": false}]",True,middle,new_zealand,oceania,"{""academic"": 0.2177, ""leadership"": 0.0484, ""olympiad"": 0.3145, ""extracurricular"": 0.2339, ""essay"": 0.1855}",,False,This scholarship aims to nurture future leaders in business with a passion for education reform.,We value students who show leadership potential and dedication to education reform.,True,True,False,False,1267.57,True,2
SCH_000569,Australia Arts Humanities Scholarship,"[""argentina"", ""chile"", ""thailand"", ""sweden"", ""kenya"", ""vietnam""]",17,21,"[""high_school"", ""bachelors""]","[""languages""]","[""arts_humanities"", ""physics""]",private_a,59.8,60.8,[],False,low,australia,oceania,"{""academic"": 0.3511, ""leadership"": 0.084, ""olympiad"": 0.2595, ""extracurricular"": 0.084, ""essay"": 0.2214}",,True,This scholarship aims to nurture future leaders in arts_humanities with a passion for public health policy.,We value students who show leadership potential and dedication to public health policy.,True,False,False,True,1473.24,False,2
SCH_000570,Nigeria Engineering Scholarship,"[""brazil"", ""usa"", ""kenya"", ""nigeria"", ""singapore""]",16,19,"[""high_school"", ""bachelors""]","[""social_studies""]","[""engineering"", ""social_sciences"", ""medicine""]",excellence,69.1,53.5,"[{""test_type"": ""toefl"", ""min_score"": 105.7, ""is_mandatory"": true}]",False,very_low,nigeria,africa,"{""academic"": 0.2881, ""leadership"": 0.161, ""olympiad"": 0.2034, ""extracurricular"": 0.2542, ""essay"": 0.0932}",industry,False,We seek to support outstanding students in engineering who demonstrate commitment to societal impact.,We are looking for candidates with strong academic records and proven leadership experience.,True,False,False,True,1841.65,False,2
SCH_000571,Switzerland Social Sciences Scholarship,"[""australia"", ""egypt"", ""france"", ""philippines"", ""usa"", ""kenya"", ""switzerland""]",16,20,"[""high_school""]","[""religion"", ""languages""]","[""social_sciences"", ""economics"", ""business"", ""engineering""]",private_a,59.9,62.2,"[{""test_type"": ""ielts"", ""min_score"": 6.5, ""is_mandatory"": true}]",False,low,switzerland,europe,"{""academic"": 0.3212, ""leadership"": 0.2117, ""olympiad"": 0.1679, ""extracurricular"": 0.1168, ""essay"": 0.1825}",entrepreneurship,False,Our mission is to empower talented individuals from Europe pursuing excellence in social_sciences.,We are looking for candidates with strong academic records and proven leadership experience.,False,False,False,True,516.45,False,1
SCH_000572,Brazil Social Sciences Scholarship,"[""japan"", ""morocco"", ""uk"", ""chile"", ""kenya"", ""vietnam""]",17,22,"[""high_school"", ""bachelors""]","[""religion""]","[""social_sciences"", ""physics"", ""economics""]",accredited_b,77.5,59.7,"[{""test_type"": ""delf"", ""min_score"": 40, ""is_mandatory"": false}]",True,very_low,brazil,south_america,"{""academic"": 0.2708, ""leadership"": 0.125, ""olympiad"": 0.2292, ""extracurricular"": 0.0625, ""essay"": 0.3125}",government,False,This scholarship aims to nurture future leaders in social_sciences with a passion for quantum computing.,We are looking for candidates with strong academic records and proven research experience.,False,False,False,False,63.71,False,0
SCH_000573,New Zealand Engineering Scholarship,"[""uk"", ""china""]",17,22,"[""high_school""]","[""vocational"", ""languages""]","[""engineering"", ""chemistry""]",public_a,65.4,62.5,"[{""test_type"": ""ielts"", ""min_score"": 6.9, ""is_mandatory"": true}]",False,upper_middle,new_zealand,oceania,"{""academic"": 0.4078, ""leadership"": 0.1165, ""olympiad"": 0.2816, ""extracurricular"": 0.1165, ""essay"": 0.0777}",ngo_npo,False,We seek to support outstanding students in engineering who demonstrate commitment to knowledge advancement.,We value students who show leadership potential and dedication to artificial intelligence.,True,True,False,True,1253.49,True,3
SCH_000574,Usa Medicine Scholarship,"[""canada"", ""japan"", ""vietnam"", ""south_africa"", ""netherlands""]",16,20,"[""high_school"", ""bachelors""]","[""vocational"", ""languages""]","[""medicine"", ""biology"", ""computer_science""]",excellence,80.8,57.2,"[{""test_type"": ""ielts"", ""min_score"": 6.1, ""is_mandatory"": false}]",False,middle,usa,north_america,"{""academic"": 0.2828, ""leadership"": 0.1515, ""olympiad"": 0.3434, ""extracurricular"": 0.0909, ""essay"": 0.1313}",industry,False,This scholarship aims to nurture future leaders in medicine with a passion for sustainable agriculture.,Ideal candidates demonstrate excellence in medicine and commitment to technological advancement.,True,False,False,False,899.97,False,1
SCH_000575,Brazil Computer Science Scholarship,"[""china"", ""canada"", ""uk"", ""germany""]",16,21,"[""high_school"", ""bachelors""]","[""languages"", ""social_studies""]","[""computer_science"", ""education""]",excellence,56.0,52.4,"[{""test_type"": ""ielts"", ""min_score"": 7.7, ""is_mandatory"": true}]",False,very_low,brazil,south_america,"{""academic"": 0.2632, ""leadership"": 0.1404, ""olympiad"": 0.2719, ""extracurricular"": 0.1228, ""essay"": 0.2018}",government,False,Our mission is to empower talented individuals from South_america pursuing excellence in computer_science.,We are looking for candidates with strong academic records and proven research experience.,True,True,True,False,1085.72,True,3
SCH_000576,Canada Business Scholarship,"[""brazil"", ""indonesia"", ""south_korea"", ""vietnam"", ""switzerland"", ""australia"", ""chile""]",17,21,"[""high_school""]","[""religion"", ""social_studies""]","[""business"", ""arts_humanities"", ""medicine"", ""education""]",accredited_b,60.5,61.6,"[{""test_type"": ""toefl"", ""min_score"": 91.5, ""is_mandatory"": true}]",False,upper_middle,canada,north_america,"{""academic"": 0.3178, ""leadership"": 0.2056, ""olympiad"": 0.1215, ""extracurricular"": 0.1776, ""essay"": 0.1776}",,False,We seek to support outstanding students in business who demonstrate commitment to knowledge advancement.,We value students who show leadership potential and dedication to financial technology.,True,False,True,False,1260.29,False,2
SCH_000577,New Zealand Chemistry Scholarship,"[""malaysia"", ""uk"", ""argentina""]",15,19,"[""high_school""]","[""social_studies"", ""science""]","[""chemistry"", ""biology"", ""education"", ""social_sciences""]",excellence,78.4,56.7,"[{""test_type"": ""jlpt"", ""min_score"": 60, ""is_mandatory"": true}]",False,upper_middle,new_zealand,oceania,"{""academic"": 0.3707, ""leadership"": 0.0862, ""olympiad"": 0.3017, ""extracurricular"": 0.181, ""essay"": 0.0603}",,False,Our mission is to empower talented individuals from Oceania pursuing excellence in chemistry.,We value students who show leadership potential and dedication to quantum computing.,True,False,True,False,1463.08,False,2
SCH_000578,Argentina Mathematics Scholarship,"[""brazil"", ""philippines"", ""canada"", ""south_korea""]",15,18,"[""high_school"", ""bachelors""]","[""science"", ""vocational""]","[""mathematics"", ""agriculture"", ""law""]",public_a,72.5,72.7,"[{""test_type"": ""topik"", ""min_score"": 150, ""is_mandatory"": false}]",False,middle,argentina,south_america,"{""academic"": 0.325, ""leadership"": 0.0833, ""olympiad"": 0.2833, ""extracurricular"": 0.225, ""essay"": 0.0833}",,True,This scholarship aims to nurture future leaders in mathematics with a passion for education reform.,Ideal candidates demonstrate excellence in mathematics and commitment to community service.,True,True,True,False,1137.0,True,3
SCH_000579,New Zealand Education Scholarship,"[""new_zealand"", ""chile"", ""netherlands"", ""germany"", ""uk""]",16,19,"[""high_school"", ""bachelors""]","[""science"", ""vocational""]","[""education"", ""engineering"", ""social_sciences""]",public_a,61.3,72.6,"[{""test_type"": ""toefl"", ""min_score"": 83.4, ""is_mandatory"": false}]",False,low,new_zealand,oceania,"{""academic"": 0.2178, ""leadership"": 0.2475, ""olympiad"": 0.2079, ""extracurricular"": 0.1584, ""essay"": 0.1683}",,False,This scholarship aims to nurture future leaders in education with a passion for sustainable agriculture.,We are looking for candidates with strong academic records and proven leadership experience.,True,True,False,True,298.51,True,3
SCH_000580,Australia Chemistry Scholarship,"[""nigeria"", ""canada"", ""argentina""]",16,20,"[""high_school"", ""bachelors""]","[""languages""]","[""chemistry"", ""business"", ""engineering"", ""mathematics""]",private_a,72.2,55.8,"[{""test_type"": ""toefl"", ""min_score"": 83.5, ""is_mandatory"": true}]",False,low,australia,oceania,"{""academic"": 0.3739, ""leadership"": 0.1391, ""olympiad"": 0.2609, ""extracurricular"": 0.1652, ""essay"": 0.0609}",,False,This scholarship aims to nurture future leaders in chemistry with a passion for renewable energy systems.,We value students who show leadership potential and dedication to renewable energy systems.,True,False,True,False,1144.26,False,2
SCH_000581,Indonesia Arts Humanities Scholarship,"[""philippines"", ""south_korea"", ""india"", ""brazil"", ""australia"", ""france"", ""new_zealand""]",16,21,"[""high_school"", ""bachelors""]","[""vocational"", ""science""]","[""arts_humanities""]",accredited_b,63.4,51.5,"[{""test_type"": ""toefl"", ""min_score"": 103.1, ""is_mandatory"": true}]",False,upper_middle,indonesia,asia,"{""academic"": 0.2069, ""leadership"": 0.1121, ""olympiad"": 0.3103, ""extracurricular"": 0.2155, ""essay"": 0.1552}",,True,This scholarship aims to nurture future leaders in arts_humanities with a passion for human-computer interaction.,We are looking for candidates with strong academic records and proven research experience.,False,True,True,False,1161.4,False,2
SCH_000582,Argentina Arts Humanities Scholarship,"[""egypt"", ""uk""]",17,20,"[""high_school"", ""bachelors""]","[""religion"", ""vocational""]","[""arts_humanities"", ""medicine""]",public_a,59.0,79.9,[],False,low,argentina,south_america,"{""academic"": 0.2917, ""leadership"": 0.0833, ""olympiad"": 0.1979, ""extracurricular"": 0.25, ""essay"": 0.1771}",public_service,False,This scholarship aims to nurture future leaders in arts_humanities with a passion for quantum computing.,Ideal candidates demonstrate excellence in arts_humanities and commitment to technological advancement.,False,True,True,False,777.71,False,2
SCH_000583,Switzerland Social Sciences Scholarship,"[""singapore"", ""sweden"", ""philippines"", ""france"", ""switzerland"", ""china"", ""usa""]",17,20,"[""high_school"", ""bachelors""]","[""languages""]","[""social_sciences"", ""business"", ""mathematics"", ""economics""]",public_a,78.9,65.5,"[{""test_type"": ""delf"", ""min_score"": 40, ""is_mandatory"": true}]",False,middle,switzerland,europe,"{""academic"": 0.198, ""leadership"": 0.2475, ""olympiad"": 0.297, ""extracurricular"": 0.1386, ""essay"": 0.1188}",ngo_npo,False,This scholarship aims to nurture future leaders in social_sciences with a passion for quantum computing.,Ideal candidates demonstrate excellence in social_sciences and commitment to community service.,True,False,False,True,749.52,False,2
SCH_000584,Brazil Law Scholarship,"[""germany"", ""kenya"", ""brazil"", ""morocco"", ""usa"", ""netherlands""]",16,21,"[""high_school"", ""bachelors""]","[""vocational"", ""religion""]","[""law"", ""engineering"", ""computer_science""]",private_a,66.2,76.3,[],False,very_low,brazil,south_america,"{""academic"": 0.3443, ""leadership"": 0.0574, ""olympiad"": 0.2869, ""extracurricular"": 0.1393, ""essay"": 0.1721}",academic,True,This scholarship aims to nurture future leaders in law with a passion for education reform.,Ideal candidates demonstrate excellence in law and commitment to community service.,True,False,True,False,235.23,False,2
SCH_000585,Indonesia Engineering Scholarship,"[""kenya"", ""brazil"", ""south_korea"", ""netherlands"", ""egypt""]",16,19,"[""high_school""]","[""vocational""]","[""engineering"", ""law""]",public_a,61.4,69.5,"[{""test_type"": ""hsk"", ""min_score"": 60, ""is_mandatory"": true}]",False,very_low,indonesia,asia,"{""academic"": 0.2441, ""leadership"": 0.2205, ""olympiad"": 0.189, ""extracurricular"": 0.1339, ""essay"": 0.2126}",,False,We seek to support outstanding students in engineering who demonstrate commitment to societal impact.,Ideal candidates demonstrate excellence in engineering and commitment to technological advancement.,False,True,False,True,657.12,False,2
SCH_000586,Brazil Engineering Scholarship,"[""new_zealand"", ""malaysia"", ""argentina"", ""france"", ""china"", ""south_korea""]",15,20,"[""high_school""]","[""vocational"", ""science""]","[""engineering"", ""biology""]",private_a,59.9,66.8,[],False,middle,brazil,south_america,"{""academic"": 0.33, ""leadership"": 0.15, ""olympiad"": 0.28, ""extracurricular"": 0.11, ""essay"": 0.13}",ngo_npo,True,We seek to support outstanding students in engineering who demonstrate commitment to innovation.,We value students who show leadership potential and dedication to sustainable agriculture.,True,True,False,True,149.45,True,3
SCH_000587,Usa Computer Science Scholarship,"[""singapore"", ""france"", ""uk""]",17,21,"[""high_school"", ""bachelors""]","[""religion""]","[""computer_science"", ""biology""]",excellence,62.2,72.1,"[{""test_type"": ""ielts"", ""min_score"": 6.8, ""is_mandatory"": false}]",False,very_low,usa,north_america,"{""academic"": 0.3684, ""leadership"": 0.1667, ""olympiad"": 0.2105, ""extracurricular"": 0.1316, ""essay"": 0.1228}",government,False,Our mission is to empower talented individuals from North_america pursuing excellence in computer_science.,We value students who show leadership potential and dedication to sustainable agriculture.,True,True,True,False,739.65,True,3
SCH_000588,New Zealand Medicine Scholarship,"[""south_korea"", ""canada"", ""thailand"", ""india""]",15,19,"[""high_school"", ""bachelors""]","[""social_studies"", ""religion""]","[""medicine"", ""computer_science""]",public_a,68.2,59.6,[],True,low,new_zealand,oceania,"{""academic"": 0.2075, ""leadership"": 0.217, ""olympiad"": 0.3113, ""extracurricular"": 0.1132, ""essay"": 0.1509}",entrepreneurship,True,Our mission is to empower talented individuals from Oceania pursuing excellence in medicine.,We value students who show leadership potential and dedication to genomic research.,True,True,False,True,273.23,True,3
SCH_000589,Australia Mathematics Scholarship,"[""germany"", ""philippines"", ""nigeria"", ""south_africa"", ""new_zealand"", ""switzerland"", ""uk""]",15,19,"[""high_school"", ""bachelors""]","[""vocational""]","[""mathematics"", ""computer_science"", ""engineering"", ""social_sciences""]",accredited_b,77.3,69.2,"[{""test_type"": ""ielts"", ""min_score"": 6.6, ""is_mandatory"": true}]",False,upper_middle,australia,oceania,"{""academic"": 0.395, ""leadership"": 0.2185, ""olympiad"": 0.1849, ""extracurricular"": 0.0756, ""essay"": 0.1261}",academic,False,We seek to support outstanding students in mathematics who demonstrate commitment to societal impact.,Ideal candidates demonstrate excellence in mathematics and commitment to technological advancement.,True,False,False,False,1385.58,False,1
SCH_000590,Morocco Social Sciences Scholarship,"[""singapore"", ""malaysia"", ""china"", ""chile"", ""netherlands"", ""nigeria"", ""japan""]",15,20,"[""high_school"", ""bachelors""]","[""social_studies""]","[""social_sciences"", ""agriculture""]",private_a,63.0,57.4,"[{""test_type"": ""ielts"", ""min_score"": 7.6, ""is_mandatory"": true}]",False,middle,morocco,africa,"{""academic"": 0.2165, ""leadership"": 0.1753, ""olympiad"": 0.2474, ""extracurricular"": 0.1959, ""essay"": 0.1649}",public_service,False,This scholarship aims to nurture future leaders in social_sciences with a passion for sustainable agriculture.,We value students who show leadership potential and dedication to sustainable agriculture.,False,False,False,True,1155.09,False,1
SCH_000591,Morocco Law Scholarship,"[""vietnam"", ""morocco"", ""kenya""]",15,19,"[""high_school"", ""bachelors""]","[""religion""]","[""law"", ""business""]",excellence,65.0,53.2,"[{""test_type"": ""hsk"", ""min_score"": 60, ""is_mandatory"": true}]",False,very_low,morocco,africa,"{""academic"": 0.2128, ""leadership"": 0.2872, ""olympiad"": 0.1489, ""extracurricular"": 0.0638, ""essay"": 0.2872}",industry,False,This scholarship aims to nurture future leaders in law with a passion for renewable energy systems.,We are looking for candidates with strong academic records and proven leadership experience.,True,True,True,False,1231.08,True,3
SCH_000592,New Zealand Engineering Scholarship,"[""indonesia"", ""canada"", ""australia"", ""singapore"", ""germany"", ""south_korea"", ""japan""]",17,22,"[""high_school"", ""bachelors""]","[""languages"", ""science""]","[""engineering"", ""education"", ""law""]",excellence,59.7,59.3,"[{""test_type"": ""ielts"", ""min_score"": 7.3, ""is_mandatory"": true}]",True,middle,new_zealand,oceania,"{""academic"": 0.2917, ""leadership"": 0.1979, ""olympiad"": 0.1146, ""extracurricular"": 0.1458, ""essay"": 0.25}",industry,False,This scholarship aims to nurture future leaders in engineering with a passion for quantum computing.,We value students who show leadership potential and dedication to quantum computing.,True,True,True,True,567.68,True,4
SCH_000593,Kenya Mathematics Scholarship,"[""vietnam"", ""australia"", ""malaysia"", ""brazil"", ""canada""]",17,22,"[""high_school"", ""bachelors""]","[""science""]","[""mathematics"", ""law"", ""economics""]",private_a,64.3,52.3,[],False,upper_middle,kenya,africa,"{""academic"": 0.4304, ""leadership"": 0.1392, ""olympiad"": 0.2152, ""extracurricular"": 0.1013, ""essay"": 0.1139}",,False,This scholarship aims to nurture future leaders in mathematics with a passion for cybersecurity.,We value students who show leadership potential and dedication to cybersecurity.,False,True,False,False,1960.57,False,1
SCH_000594,Morocco Economics Scholarship,"[""sweden"", ""south_korea"", ""morocco"", ""india"", ""indonesia"", ""usa"", ""switzerland""]",17,21,"[""high_school""]","[""social_studies""]","[""economics"", ""biology"", ""chemistry""]",excellence,75.2,60.2,[],False,upper_middle,morocco,africa,"{""academic"": 0.374, ""leadership"": 0.145, ""olympiad"": 0.2137, ""extracurricular"": 0.1603, ""essay"": 0.1069}",government,False,Our mission is to empower talented individuals from Africa pursuing excellence in economics.,Ideal candidates demonstrate excellence in economics and commitment to community service.,True,False,False,True,542.73,False,2
SCH_000595,New Zealand Engineering Scholarship,"[""netherlands"", ""france"", ""new_zealand"", ""germany""]",16,21,"[""high_school"", ""bachelors""]","[""vocational"", ""religion""]","[""engineering"", ""medicine""]",excellence,62.4,65.5,[],False,upper_middle,new_zealand,oceania,"{""academic"": 0.275, ""leadership"": 0.2, ""olympiad"": 0.225, ""extracurricular"": 0.1625, ""essay"": 0.1375}",government,False,We seek to support outstanding students in engineering who demonstrate commitment to societal impact.,We value students who show leadership potential and dedication to education reform.,True,False,True,False,580.4,False,2
SCH_000596,Australia Computer Science Scholarship,"[""canada"", ""egypt"", ""nigeria"", ""argentina"", ""china"", ""south_korea"", ""uk""]",15,18,"[""high_school"", ""bachelors""]","[""social_studies""]","[""computer_science""]",accredited_b,81.9,73.3,"[{""test_type"": ""delf"", ""min_score"": 40, ""is_mandatory"": true}]",False,middle,australia,oceania,"{""academic"": 0.3171, ""leadership"": 0.1545, ""olympiad"": 0.0894, ""extracurricular"": 0.1951, ""essay"": 0.2439}",,True,Our mission is to empower talented individuals from Oceania pursuing excellence in computer_science.,We are looking for candidates with strong academic records and proven research experience.,True,True,True,True,1342.48,True,4
SCH_000597,Chile Engineering Scholarship,"[""morocco"", ""china"", ""egypt"", ""south_korea"", ""argentina"", ""chile"", ""japan""]",15,19,"[""high_school""]","[""social_studies"", ""vocational""]","[""engineering"", ""biology"", ""education"", ""computer_science""]",excellence,79.7,51.2,"[{""test_type"": ""toefl"", ""min_score"": 109.0, ""is_mandatory"": false}]",True,low,chile,south_america,"{""academic"": 0.3692, ""leadership"": 0.2231, ""olympiad"": 0.1, ""extracurricular"": 0.1077, ""essay"": 0.2}",government,False,This scholarship aims to nurture future leaders in engineering with a passion for cybersecurity.,We are looking for candidates with strong academic records and proven leadership experience.,True,False,True,False,1987.45,False,2
SCH_000598,Argentina Agriculture Scholarship,"[""morocco"", ""chile""]",15,19,"[""high_school"", ""bachelors""]","[""social_studies""]","[""agriculture""]",accredited_b,71.3,51.9,[],False,very_low,argentina,south_america,"{""academic"": 0.2736, ""leadership"": 0.2736, ""olympiad"": 0.2358, ""extracurricular"": 0.1038, ""essay"": 0.1132}",,True,This scholarship aims to nurture future leaders in agriculture with a passion for financial technology.,We are looking for candidates with strong academic records and proven leadership experience.,True,True,False,False,390.07,True,2
SCH_000599,Uk Physics Scholarship,"[""germany"", ""sweden"", ""netherlands"", ""india"", ""south_korea""]",15,19,"[""high_school"", ""bachelors""]","[""science""]","[""physics""]",excellence,59.7,66.3,[],False,upper_middle,uk,europe,"{""academic"": 0.4432, ""leadership"": 0.0909, ""olympiad"": 0.3295, ""extracurricular"": 0.0682, ""essay"": 0.0682}",,False,We seek to support outstanding students in physics who demonstrate commitment to innovation.,We are looking for candidates with strong academic records and proven research experience.,False,True,True,True,150.84,False,3
SCH_000600,Australia Economics Scholarship,"[""sweden"", ""canada"", ""switzerland"", ""thailand"", ""usa"", ""netherlands"", ""egypt""]",17,21,"[""high_school"", ""bachelors""]","[""religion""]","[""economics""]",public_a,67.3,63.1,[],True,very_low,australia,oceania,"{""academic"": 0.1933, ""leadership"": 0.2269, ""olympiad"": 0.2857, ""extracurricular"": 0.0924, ""essay"": 0.2017}",,True,We seek to support outstanding students in economics who demonstrate commitment to societal impact.,We value students who show leadership potential and dedication to cybersecurity.,True,True,True,False,1971.12,True,3
SCH_000601,Philippines Business Scholarship,"[""uk"", ""netherlands"", ""vietnam"", ""india"", ""argentina""]",15,20,"[""high_school"", ""bachelors""]","[""vocational""]","[""business"", ""engineering"", ""biology"", ""chemistry""]",private_a,73.1,76.7,[],False,very_low,philippines,asia,"{""academic"": 0.3333, ""leadership"": 0.0762, ""olympiad"": 0.3524, ""extracurricular"": 0.1524, ""essay"": 0.0857}",academic,False,We seek to support outstanding students in business who demonstrate commitment to societal impact.,We value students who show leadership potential and dedication to artificial intelligence.,True,False,True,False,1052.77,False,2
SCH_000602,Canada Social Sciences Scholarship,"[""thailand"", ""morocco""]",17,21,"[""high_school"", ""bachelors""]","[""science"", ""vocational""]","[""social_sciences"", ""business"", ""medicine""]",accredited_b,58.3,58.4,[],True,low,canada,north_america,"{""academic"": 0.4135, ""leadership"": 0.1827, ""olympiad"": 0.1058, ""extracurricular"": 0.2212, ""essay"": 0.0769}",entrepreneurship,False,This scholarship aims to nurture future leaders in social_sciences with a passion for climate change mitigation.,Ideal candidates demonstrate excellence in social_sciences and commitment to technological advancement.,True,True,False,True,842.65,True,3
SCH_000603,Brazil Engineering Scholarship,"[""japan"", ""vietnam"", ""nigeria"", ""canada"", ""indonesia"", ""china"", ""netherlands""]",16,20,"[""high_school""]","[""social_studies"", ""religion""]","[""engineering"", ""mathematics"", ""medicine""]",accredited_b,81.6,56.8,[],False,very_low,brazil,south_america,"{""academic"": 0.4216, ""leadership"": 0.1961, ""olympiad"": 0.1569, ""extracurricular"": 0.0882, ""essay"": 0.1373}",public_service,False,Our mission is to empower talented individuals from South_america pursuing excellence in engineering.,We are looking for candidates with strong academic records and proven leadership experience.,True,True,True,False,442.17,True,3
SCH_000604,Usa Law Scholarship,"[""chile"", ""sweden"", ""usa"", ""egypt"", ""singapore"", ""australia"", ""brazil""]",15,20,"[""high_school"", ""bachelors""]","[""vocational""]","[""law"", ""business"", ""engineering""]",private_a,66.1,59.7,[],False,middle,usa,north_america,"{""academic"": 0.3171, ""leadership"": 0.2114, ""olympiad"": 0.1463, ""extracurricular"": 0.1626, ""essay"": 0.1626}",industry,False,Our mission is to empower talented individuals from North_america pursuing excellence in law.,We are looking for candidates with strong academic records and proven research experience.,True,False,True,False,526.33,False,2
SCH_000605,Usa Law Scholarship,"[""kenya"", ""india"", ""thailand"", ""morocco""]",15,18,"[""high_school""]","[""languages""]","[""law"", ""arts_humanities"", ""education""]",excellence,73.7,68.9,"[{""test_type"": ""delf"", ""min_score"": 40, ""is_mandatory"": false}]",False,low,usa,north_america,"{""academic"": 0.188, ""leadership"": 0.2051, ""olympiad"": 0.2821, ""extracurricular"": 0.1624, ""essay"": 0.1624}",,True,This scholarship aims to nurture future leaders in law with a passion for education reform.,We value students who show leadership potential and dedication to education reform.,True,True,True,True,1466.49,True,4
SCH_000606,Sweden Engineering Scholarship,"[""brazil"", ""netherlands"", ""morocco"", ""switzerland"", ""germany"", ""usa"", ""chile""]",16,21,"[""high_school""]","[""languages""]","[""engineering"", ""medicine"", ""law"", ""social_sciences""]",public_a,72.0,67.4,"[{""test_type"": ""jlpt"", ""min_score"": 40, ""is_mandatory"": true}]",False,very_low,sweden,europe,"{""academic"": 0.1927, ""leadership"": 0.2477, ""olympiad"": 0.156, ""extracurricular"": 0.1927, ""essay"": 0.211}",,False,This scholarship aims to nurture future leaders in engineering with a passion for human-computer interaction.,We value students who show leadership potential and dedication to human-computer interaction.,True,False,False,True,1901.16,False,2
SCH_000607,Canada Chemistry Scholarship,"[""kenya"", ""indonesia"", ""philippines"", ""netherlands"", ""thailand"", ""france"", ""india""]",15,19,"[""high_school""]","[""religion""]","[""chemistry""]",public_a,72.2,60.2,"[{""test_type"": ""topik"", ""min_score"": 200, ""is_mandatory"": true}]",False,low,canada,north_america,"{""academic"": 0.3415, ""leadership"": 0.0407, ""olympiad"": 0.3089, ""extracurricular"": 0.0894, ""essay"": 0.2195}",,False,Our mission is to empower talented individuals from North_america pursuing excellence in chemistry.,We value students who show leadership potential and dedication to education reform.,False,True,True,False,412.25,False,2
SCH_000608,Germany Computer Science Scholarship,"[""philippines"", ""chile""]",16,21,"[""high_school""]","[""science"", ""social_studies""]","[""computer_science"", ""economics"", ""engineering""]",accredited_b,67.7,68.7,"[{""test_type"": ""ielts"", ""min_score"": 7.9, ""is_mandatory"": true}]",False,very_low,germany,europe,"{""academic"": 0.2736, ""leadership"": 0.1981, ""olympiad"": 0.2547, ""extracurricular"": 0.1132, ""essay"": 0.1604}",industry,False,We seek to support outstanding students in computer_science who demonstrate commitment to societal impact.,We are looking for candidates with strong academic records and proven leadership experience.,True,False,False,True,856.45,False,2
SCH_000609,China Mathematics Scholarship,"[""sweden"", ""egypt"", ""philippines"", ""vietnam"", ""argentina"", ""usa""]",17,21,"[""high_school"", ""bachelors""]","[""social_studies""]","[""mathematics"", ""physics""]",accredited_b,80.0,76.5,"[{""test_type"": ""ielts"", ""min_score"": 6.2, ""is_mandatory"": false}]",False,upper_middle,china,asia,"{""academic"": 0.2897, ""leadership"": 0.1776, ""olympiad"": 0.2617, ""extracurricular"": 0.215, ""essay"": 0.0561}",,False,Our mission is to empower talented individuals from Asia pursuing excellence in mathematics.,We are looking for candidates with strong academic records and proven leadership experience.,False,False,True,False,1777.11,False,1
SCH_000610,Vietnam Biology Scholarship,"[""nigeria"", ""sweden""]",17,20,"[""high_school""]","[""religion"", ""vocational""]","[""biology"", ""chemistry"", ""social_sciences""]",accredited_b,61.9,60.1,"[{""test_type"": ""toefl"", ""min_score"": 102.0, ""is_mandatory"": true}]",False,very_low,vietnam,asia,"{""academic"": 0.3837, ""leadership"": 0.0581, ""olympiad"": 0.314, ""extracurricular"": 0.186, ""essay"": 0.0581}",,False,Our mission is to empower talented individuals from Asia pursuing excellence in biology.,Ideal candidates demonstrate excellence in biology and commitment to community service.,True,True,True,False,1280.83,True,3
SCH_000611,Canada Biology Scholarship,"[""germany"", ""netherlands""]",15,20,"[""high_school"", ""bachelors""]","[""social_studies"", ""science""]","[""biology""]",accredited_b,82.2,75.2,[],False,low,canada,north_america,"{""academic"": 0.25, ""leadership"": 0.1466, ""olympiad"": 0.1983, ""extracurricular"": 0.1897, ""essay"": 0.2155}",,False,This scholarship aims to nurture future leaders in biology with a passion for sustainable agriculture.,Ideal candidates demonstrate excellence in biology and commitment to technological advancement.,False,True,True,True,1051.97,False,3
SCH_000612,Morocco Agriculture Scholarship,"[""netherlands"", ""australia"", ""morocco"", ""france"", ""canada"", ""south_korea"", ""japan""]",17,21,"[""high_school""]","[""vocational""]","[""agriculture""]",excellence,63.6,58.8,"[{""test_type"": ""toefl"", ""min_score"": 86.2, ""is_mandatory"": true}]",False,very_low,morocco,africa,"{""academic"": 0.3206, ""leadership"": 0.2137, ""olympiad"": 0.1145, ""extracurricular"": 0.1985, ""essay"": 0.1527}",academic,True,We seek to support outstanding students in agriculture who demonstrate commitment to innovation.,We are looking for candidates with strong academic records and proven leadership experience.,False,True,False,False,1280.93,False,1
SCH_000613,South Africa Computer Science Scholarship,"[""vietnam"", ""philippines"", ""uk"", ""china"", ""nigeria""]",16,19,"[""high_school"", ""bachelors""]","[""languages"", ""religion""]","[""computer_science""]",excellence,75.1,78.4,[],False,very_low,south_africa,africa,"{""academic"": 0.3299, ""leadership"": 0.134, ""olympiad"": 0.1134, ""extracurricular"": 0.1546, ""essay"": 0.268}",academic,False,Our mission is to empower talented individuals from Africa pursuing excellence in computer_science.,Ideal candidates demonstrate excellence in computer_science and commitment to community service.,True,True,True,False,1357.69,True,3
SCH_000614,New Zealand Computer Science Scholarship,"[""usa"", ""germany"", ""china"", ""south_africa"", ""india"", ""chile"", ""netherlands""]",17,22,"[""high_school""]","[""science"", ""social_studies""]","[""computer_science"", ""engineering"", ""biology""]",excellence,56.9,64.6,"[{""test_type"": ""ielts"", ""min_score"": 7.5, ""is_mandatory"": true}]",False,very_low,new_zealand,oceania,"{""academic"": 0.4159, ""leadership"": 0.0619, ""olympiad"": 0.1239, ""extracurricular"": 0.1504, ""essay"": 0.2478}",ngo_npo,False,This scholarship aims to nurture future leaders in computer_science with a passion for public health policy.,Ideal candidates demonstrate excellence in computer_science and commitment to community service.,True,True,False,False,1066.95,True,2
SCH_000615,Sweden Engineering Scholarship,"[""south_africa"", ""morocco"", ""germany"", ""argentina"", ""brazil"", ""france""]",16,21,"[""high_school""]","[""languages""]","[""engineering""]",accredited_b,68.3,78.4,"[{""test_type"": ""ielts"", ""min_score"": 6.5, ""is_mandatory"": true}]",False,upper_middle,sweden,europe,"{""academic"": 0.3485, ""leadership"": 0.197, ""olympiad"": 0.2727, ""extracurricular"": 0.1439, ""essay"": 0.0379}",,True,We seek to support outstanding students in engineering who demonstrate commitment to societal impact.,Ideal candidates demonstrate excellence in engineering and commitment to technological advancement.,True,False,True,False,912.15,False,2
SCH_000616,New Zealand Business Scholarship,"[""indonesia"", ""malaysia"", ""philippines""]",16,20,"[""high_school""]","[""social_studies"", ""languages""]","[""business""]",public_a,55.0,61.7,"[{""test_type"": ""ielts"", ""min_score"": 6.1, ""is_mandatory"": true}]",False,middle,new_zealand,oceania,"{""academic"": 0.3391, ""leadership"": 0.113, ""olympiad"": 0.0957, ""extracurricular"": 0.2, ""essay"": 0.2522}",,False,We seek to support outstanding students in business who demonstrate commitment to knowledge advancement.,Ideal candidates demonstrate excellence in business and commitment to technological advancement.,True,True,True,False,1638.73,True,3
SCH_000617,New Zealand Physics Scholarship,"[""morocco"", ""switzerland"", ""thailand"", ""china"", ""egypt""]",17,22,"[""high_school"", ""bachelors""]","[""social_studies""]","[""physics"", ""computer_science"", ""economics""]",accredited_b,58.5,65.4,"[{""test_type"": ""toefl"", ""min_score"": 106.7, ""is_mandatory"": false}]",False,middle,new_zealand,oceania,"{""academic"": 0.3393, ""leadership"": 0.1964, ""olympiad"": 0.1429, ""extracurricular"": 0.0625, ""essay"": 0.2589}",,False,This scholarship aims to nurture future leaders in physics with a passion for public health policy.,Ideal candidates demonstrate excellence in physics and commitment to technological advancement.,True,True,False,False,739.19,True,2
SCH_000618,France Economics Scholarship,"[""kenya"", ""malaysia"", ""japan"", ""vietnam"", ""sweden"", ""new_zealand""]",16,20,"[""high_school""]","[""religion"", ""social_studies""]","[""economics"", ""engineering"", ""computer_science""]",excellence,83.6,78.1,"[{""test_type"": ""toefl"", ""min_score"": 92.6, ""is_mandatory"": true}]",False,very_low,france,europe,"{""academic"": 0.38, ""leadership"": 0.24, ""olympiad"": 0.14, ""extracurricular"": 0.15, ""essay"": 0.09}",government,False,Our mission is to empower talented individuals from Europe pursuing excellence in economics.,We value students who show leadership potential and dedication to public health policy.,True,True,False,False,297.54,True,2
SCH_000619,Australia Arts Humanities Scholarship,"[""usa"", ""malaysia"", ""kenya"", ""chile"", ""egypt""]",17,22,"[""high_school""]","[""languages""]","[""arts_humanities"", ""law""]",accredited_b,68.4,70.7,[],False,low,australia,oceania,"{""academic"": 0.3519, ""leadership"": 0.0741, ""olympiad"": 0.2963, ""extracurricular"": 0.1944, ""essay"": 0.0833}",,True,Our mission is to empower talented individuals from Oceania pursuing excellence in arts_humanities.,Ideal candidates demonstrate excellence in arts_humanities and commitment to community service.,True,True,False,True,1093.62,True,3
SCH_000620,Chile Law Scholarship,"[""south_korea"", ""switzerland"", ""india"", ""australia"", ""nigeria""]",15,20,"[""high_school"", ""bachelors""]","[""languages"", ""religion""]","[""law"", ""mathematics"", ""social_sciences"", ""education""]",excellence,66.9,78.4,[],True,low,chile,south_america,"{""academic"": 0.375, ""leadership"": 0.1023, ""olympiad"": 0.125, ""extracurricular"": 0.2955, ""essay"": 0.1023}",public_service,False,Our mission is to empower talented individuals from South_america pursuing excellence in law.,We are looking for candidates with strong academic records and proven leadership experience.,True,True,True,False,1617.79,True,3
SCH_000621,Vietnam Physics Scholarship,"[""south_africa"", ""kenya"", ""canada"", ""japan"", ""indonesia""]",15,18,"[""high_school""]","[""vocational""]","[""physics"", ""arts_humanities""]",excellence,64.1,55.7,"[{""test_type"": ""hsk"", ""min_score"": 60, ""is_mandatory"": true}]",False,low,vietnam,asia,"{""academic"": 0.2529, ""leadership"": 0.3103, ""olympiad"": 0.2069, ""extracurricular"": 0.069, ""essay"": 0.1609}",,False,We seek to support outstanding students in physics who demonstrate commitment to societal impact.,We are looking for candidates with strong academic records and proven leadership experience.,True,False,True,False,464.72,False,2
SCH_000622,New Zealand Biology Scholarship,"[""netherlands"", ""thailand"", ""india"", ""canada""]",15,19,"[""high_school"", ""bachelors""]","[""science"", ""social_studies""]","[""biology"", ""medicine"", ""engineering"", ""economics""]",private_a,77.7,72.6,"[{""test_type"": ""toefl"", ""min_score"": 81.1, ""is_mandatory"": true}]",False,low,new_zealand,oceania,"{""academic"": 0.3361, ""leadership"": 0.1261, ""olympiad"": 0.2605, ""extracurricular"": 0.0588, ""essay"": 0.2185}",public_service,False,We seek to support outstanding students in biology who demonstrate commitment to knowledge advancement.,We are looking for candidates with strong academic records and proven leadership experience.,True,True,False,True,1084.73,True,3
SCH_000623,Canada Agriculture Scholarship,"[""philippines"", ""australia""]",17,21,"[""high_school""]","[""vocational""]","[""agriculture"", ""social_sciences""]",private_a,61.0,74.9,"[{""test_type"": ""jlpt"", ""min_score"": 40, ""is_mandatory"": false}]",True,middle,canada,north_america,"{""academic"": 0.25, ""leadership"": 0.181, ""olympiad"": 0.2414, ""extracurricular"": 0.2069, ""essay"": 0.1207}",public_service,False,Our mission is to empower talented individuals from North_america pursuing excellence in agriculture.,We value students who show leadership potential and dedication to education reform.,True,True,True,False,909.36,True,3
SCH_000624,Uk Mathematics Scholarship,"[""france"", ""usa"", ""new_zealand"", ""uk""]",15,20,"[""high_school"", ""bachelors""]","[""languages""]","[""mathematics"", ""social_sciences"", ""computer_science"", ""medicine""]",public_a,73.5,63.7,"[{""test_type"": ""ielts"", ""min_score"": 7.4, ""is_mandatory"": false}]",False,very_low,uk,europe,"{""academic"": 0.3646, ""leadership"": 0.0625, ""olympiad"": 0.1354, ""extracurricular"": 0.2083, ""essay"": 0.2292}",,False,Our mission is to empower talented individuals from Europe pursuing excellence in mathematics.,Ideal candidates demonstrate excellence in mathematics and commitment to community service.,False,True,False,False,887.37,False,1
SCH_000625,Usa Physics Scholarship,"[""sweden"", ""vietnam"", ""thailand""]",16,21,"[""high_school""]","[""social_studies"", ""languages""]","[""physics""]",private_a,83.3,77.6,[],False,low,usa,north_america,"{""academic"": 0.2, ""leadership"": 0.1778, ""olympiad"": 0.2815, ""extracurricular"": 0.1778, ""essay"": 0.163}",,False,We seek to support outstanding students in physics who demonstrate commitment to societal impact.,Ideal candidates demonstrate excellence in physics and commitment to technological advancement.,True,False,False,False,1302.96,False,1
SCH_000626,New Zealand Education Scholarship,"[""argentina"", ""china"", ""philippines"", ""australia""]",16,20,"[""high_school""]","[""languages"", ""religion""]","[""education"", ""law""]",accredited_b,69.6,60.2,"[{""test_type"": ""ielts"", ""min_score"": 7.8, ""is_mandatory"": true}]",False,middle,new_zealand,oceania,"{""academic"": 0.3099, ""leadership"": 0.1549, ""olympiad"": 0.2606, ""extracurricular"": 0.1549, ""essay"": 0.1197}",entrepreneurship,True,This scholarship aims to nurture future leaders in education with a passion for human-computer interaction.,We value students who show leadership potential and dedication to human-computer interaction.,True,False,True,False,932.44,False,2
SCH_000627,Australia Engineering Scholarship,"[""india"", ""thailand"", ""malaysia"", ""argentina"", ""france"", ""netherlands""]",17,22,"[""high_school"", ""bachelors""]","[""religion"", ""vocational""]","[""engineering"", ""law"", ""agriculture"", ""business""]",accredited_b,65.5,55.3,"[{""test_type"": ""ielts"", ""min_score"": 7.8, ""is_mandatory"": true}]",False,upper_middle,australia,oceania,"{""academic"": 0.3264, ""leadership"": 0.1111, ""olympiad"": 0.2153, ""extracurricular"": 0.1875, ""essay"": 0.1597}",,False,This scholarship aims to nurture future leaders in engineering with a passion for machine learning.,Ideal candidates demonstrate excellence in engineering and commitment to community service.,True,True,True,False,465.29,True,3
SCH_000628,Australia Chemistry Scholarship,"[""usa"", ""new_zealand"", ""singapore"", ""indonesia"", ""egypt""]",15,20,"[""high_school"", ""bachelors""]","[""languages"", ""social_studies""]","[""chemistry"", ""business"", ""arts_humanities"", ""economics""]",excellence,82.6,67.6,"[{""test_type"": ""toefl"", ""min_score"": 105.6, ""is_mandatory"": false}]",False,very_low,australia,oceania,"{""academic"": 0.2821, ""leadership"": 0.1795, ""olympiad"": 0.2179, ""extracurricular"": 0.1667, ""essay"": 0.1538}",,False,We seek to support outstanding students in chemistry who demonstrate commitment to knowledge advancement.,We value students who show leadership potential and dedication to cybersecurity.,True,False,False,True,1907.31,False,2
SCH_000629,Germany Engineering Scholarship,"[""vietnam"", ""egypt"", ""thailand"", ""sweden""]",17,20,"[""high_school""]","[""vocational"", ""science""]","[""engineering"", ""biology""]",public_a,78.1,76.2,"[{""test_type"": ""jlpt"", ""min_score"": 40, ""is_mandatory"": true}]",False,upper_middle,germany,europe,"{""academic"": 0.2016, ""leadership"": 0.186, ""olympiad"": 0.2868, ""extracurricular"": 0.1395, ""essay"": 0.186}",academic,False,Our mission is to empower talented individuals from Europe pursuing excellence in engineering.,We are looking for candidates with strong academic records and proven research experience.,True,False,False,False,771.39,False,1
SCH_000630,Malaysia Computer Science Scholarship,"[""brazil"", ""argentina"", ""australia"", ""south_africa""]",15,20,"[""high_school"", ""bachelors""]","[""vocational""]","[""computer_science"", ""agriculture"", ""medicine"", ""mathematics""]",excellence,65.7,75.0,"[{""test_type"": ""ielts"", ""min_score"": 7.0, ""is_mandatory"": true}]",False,low,malaysia,asia,"{""academic"": 0.3152, ""leadership"": 0.0978, ""olympiad"": 0.4239, ""extracurricular"": 0.0978, ""essay"": 0.0652}",,True,We seek to support outstanding students in computer_science who demonstrate commitment to innovation.,Ideal candidates demonstrate excellence in computer_science and commitment to technological advancement.,True,False,False,False,729.2,False,1
SCH_000631,Indonesia Chemistry Scholarship,"[""thailand"", ""india""]",16,20,"[""high_school"", ""bachelors""]","[""science"", ""languages""]","[""chemistry""]",public_a,63.9,64.0,"[{""test_type"": ""topik"", ""min_score"": 150, ""is_mandatory"": true}]",True,very_low,indonesia,asia,"{""academic"": 0.3237, ""leadership"": 0.0647, ""olympiad"": 0.2806, ""extracurricular"": 0.1583, ""essay"": 0.1727}",public_service,True,This scholarship aims to nurture future leaders in chemistry with a passion for financial technology.,Ideal candidates demonstrate excellence in chemistry and commitment to technological advancement.,True,True,True,True,1300.37,True,4
SCH_000632,Chile Mathematics Scholarship,"[""indonesia"", ""kenya"", ""france"", ""south_africa""]",15,20,"[""high_school""]","[""languages"", ""vocational""]","[""mathematics"", ""chemistry"", ""education""]",excellence,78.0,63.8,"[{""test_type"": ""topik"", ""min_score"": 200, ""is_mandatory"": true}]",True,very_low,chile,south_america,"{""academic"": 0.2621, ""leadership"": 0.1553, ""olympiad"": 0.3107, ""extracurricular"": 0.1359, ""essay"": 0.1359}",ngo_npo,False,Our mission is to empower talented individuals from South_america pursuing excellence in mathematics.,We are looking for candidates with strong academic records and proven research experience.,True,False,True,True,836.55,False,3
SCH_000633,Malaysia Chemistry Scholarship,"[""south_africa"", ""switzerland""]",15,18,"[""high_school""]","[""languages""]","[""chemistry""]",private_a,62.7,62.3,[],False,very_low,malaysia,asia,"{""academic"": 0.2059, ""leadership"": 0.1765, ""olympiad"": 0.3333, ""extracurricular"": 0.0588, ""essay"": 0.2255}",,True,This scholarship aims to nurture future leaders in chemistry with a passion for quantum computing.,We are looking for candidates with strong academic records and proven research experience.,True,True,True,False,743.21,True,3
SCH_000634,South Africa Computer Science Scholarship,"[""thailand"", ""france"", ""chile"", ""indonesia"", ""canada"", ""philippines""]",15,20,"[""high_school"", ""bachelors""]","[""vocational""]","[""computer_science"", ""education"", ""mathematics"", ""arts_humanities""]",public_a,61.0,53.4,"[{""test_type"": ""ielts"", ""min_score"": 6.6, ""is_mandatory"": true}]",False,upper_middle,south_africa,africa,"{""academic"": 0.2552, ""leadership"": 0.1034, ""olympiad"": 0.2345, ""extracurricular"": 0.2, ""essay"": 0.2069}",,True,Our mission is to empower talented individuals from Africa pursuing excellence in computer_science.,We value students who show leadership potential and dedication to financial technology.,True,True,True,True,19.75,True,4
SCH_000635,Brazil Economics Scholarship,"[""new_zealand"", ""china"", ""canada"", ""kenya""]",16,19,"[""high_school"", ""bachelors""]","[""social_studies""]","[""economics"", ""mathematics"", ""social_sciences"", ""business""]",public_a,83.8,54.3,[],True,middle,brazil,south_america,"{""academic"": 0.2619, ""leadership"": 0.2619, ""olympiad"": 0.2976, ""extracurricular"": 0.0833, ""essay"": 0.0952}",entrepreneurship,False,This scholarship aims to nurture future leaders in economics with a passion for climate change mitigation.,We are looking for candidates with strong academic records and proven research experience.,False,True,False,True,174.3,False,2
SCH_000636,Kenya Mathematics Scholarship,"[""indonesia"", ""chile"", ""canada"", ""south_africa"", ""thailand"", ""australia""]",17,21,"[""high_school""]","[""languages"", ""science""]","[""mathematics"", ""medicine""]",private_a,62.2,67.3,[],False,low,kenya,africa,"{""academic"": 0.4016, ""leadership"": 0.1393, ""olympiad"": 0.1311, ""extracurricular"": 0.1393, ""essay"": 0.1885}",,False,This scholarship aims to nurture future leaders in mathematics with a passion for machine learning.,We value students who show leadership potential and dedication to machine learning.,True,True,False,True,1972.29,True,3
SCH_000637,Nigeria Social Sciences Scholarship,"[""netherlands"", ""new_zealand"", ""switzerland""]",16,21,"[""high_school"", ""bachelors""]","[""vocational"", ""social_studies""]","[""social_sciences"", ""mathematics"", ""arts_humanities""]",public_a,68.1,75.7,"[{""test_type"": ""ielts"", ""min_score"": 7.2, ""is_mandatory"": false}]",False,middle,nigeria,africa,"{""academic"": 0.3148, ""leadership"": 0.1111, ""olympiad"": 0.2222, ""extracurricular"": 0.2037, ""essay"": 0.1481}",academic,False,This scholarship aims to nurture future leaders in social_sciences with a passion for sustainable agriculture.,Ideal candidates demonstrate excellence in social_sciences and commitment to technological advancement.,True,True,False,False,344.74,True,2
SCH_000638,Australia Biology Scholarship,"[""brazil"", ""germany"", ""south_korea"", ""netherlands""]",15,19,"[""high_school""]","[""religion""]","[""biology"", ""economics"", ""arts_humanities""]",excellence,55.3,73.8,"[{""test_type"": ""toefl"", ""min_score"": 88.7, ""is_mandatory"": false}]",False,upper_middle,australia,oceania,"{""academic"": 0.3471, ""leadership"": 0.1818, ""olympiad"": 0.2149, ""extracurricular"": 0.0661, ""essay"": 0.1901}",,False,Our mission is to empower talented individuals from Oceania pursuing excellence in biology.,Ideal candidates demonstrate excellence in biology and commitment to community service.,True,True,False,True,385.02,True,3
SCH_000639,Usa Chemistry Scholarship,"[""indonesia"", ""argentina"", ""malaysia"", ""new_zealand"", ""morocco""]",17,22,"[""high_school""]","[""languages"", ""religion""]","[""chemistry"", ""agriculture""]",accredited_b,61.3,63.3,"[{""test_type"": ""ielts"", ""min_score"": 6.1, ""is_mandatory"": true}]",False,upper_middle,usa,north_america,"{""academic"": 0.3548, ""leadership"": 0.172, ""olympiad"": 0.1183, ""extracurricular"": 0.0645, ""essay"": 0.2903}",,False,Our mission is to empower talented individuals from North_america pursuing excellence in chemistry.,Ideal candidates demonstrate excellence in chemistry and commitment to technological advancement.,False,True,True,False,1711.5,False,2
SCH_000640,New Zealand Mathematics Scholarship,"[""netherlands"", ""egypt""]",15,18,"[""high_school"", ""bachelors""]","[""vocational"", ""social_studies""]","[""mathematics""]",accredited_b,55.8,55.2,"[{""test_type"": ""topik"", ""min_score"": 200, ""is_mandatory"": true}]",False,low,new_zealand,oceania,"{""academic"": 0.3925, ""leadership"": 0.1215, ""olympiad"": 0.1308, ""extracurricular"": 0.2617, ""essay"": 0.0935}",,False,This scholarship aims to nurture future leaders in mathematics with a passion for artificial intelligence.,We are looking for candidates with strong academic records and proven leadership experience.,True,True,True,True,1378.77,True,4
SCH_000641,Canada Medicine Scholarship,"[""kenya"", ""south_korea"", ""vietnam"", ""usa"", ""philippines""]",15,20,"[""high_school"", ""bachelors""]","[""religion"", ""vocational""]","[""medicine"", ""education"", ""chemistry""]",public_a,82.7,54.6,"[{""test_type"": ""ielts"", ""min_score"": 6.7, ""is_mandatory"": false}]",False,upper_middle,canada,north_america,"{""academic"": 0.3694, ""leadership"": 0.1351, ""olympiad"": 0.1441, ""extracurricular"": 0.1802, ""essay"": 0.1712}",,True,We seek to support outstanding students in medicine who demonstrate commitment to societal impact.,Ideal candidates demonstrate excellence in medicine and commitment to community service.,True,True,False,True,701.67,True,3
SCH_000642,Argentina Business Scholarship,"[""kenya"", ""thailand"", ""japan"", ""usa"", ""philippines"", ""nigeria""]",16,19,"[""high_school"", ""bachelors""]","[""social_studies"", ""religion""]","[""business"", ""engineering"", ""chemistry"", ""agriculture""]",public_a,65.1,70.8,[],True,middle,argentina,south_america,"{""academic"": 0.3889, ""leadership"": 0.2222, ""olympiad"": 0.0952, ""extracurricular"": 0.1905, ""essay"": 0.1032}",,False,We seek to support outstanding students in business who demonstrate commitment to societal impact.,Ideal candidates demonstrate excellence in business and commitment to community service.,False,True,False,False,948.08,False,1
SCH_000643,Germany Engineering Scholarship,"[""japan"", ""kenya"", ""sweden"", ""singapore"", ""india"", ""germany""]",15,19,"[""high_school"", ""bachelors""]","[""social_studies"", ""languages""]","[""engineering"", ""mathematics"", ""arts_humanities"", ""social_sciences""]",public_a,59.0,66.0,"[{""test_type"": ""delf"", ""min_score"": 60, ""is_mandatory"": false}]",False,very_low,germany,europe,"{""academic"": 0.2721, ""leadership"": 0.2206, ""olympiad"": 0.1103, ""extracurricular"": 0.2132, ""essay"": 0.1838}",academic,True,This scholarship aims to nurture future leaders in engineering with a passion for cybersecurity.,Ideal candidates demonstrate excellence in engineering and commitment to technological advancement.,True,True,True,True,464.07,True,4
SCH_000644,South Africa Economics Scholarship,"[""usa"", ""china"", ""new_zealand""]",15,19,"[""high_school"", ""bachelors""]","[""religion""]","[""economics""]",accredited_b,60.8,75.0,"[{""test_type"": ""toefl"", ""min_score"": 82.3, ""is_mandatory"": false}]",False,upper_middle,south_africa,africa,"{""academic"": 0.2185, ""leadership"": 0.1933, ""olympiad"": 0.3361, ""extracurricular"": 0.1513, ""essay"": 0.1008}",,False,This scholarship aims to nurture future leaders in economics with a passion for human-computer interaction.,We are looking for candidates with strong academic records and proven research experience.,True,True,False,False,1896.72,True,2
SCH_000645,Canada Biology Scholarship,"[""france"", ""canada"", ""philippines"", ""nigeria"", ""argentina"", ""morocco""]",17,22,"[""high_school""]","[""languages"", ""vocational""]","[""biology""]",accredited_b,76.3,59.1,"[{""test_type"": ""toefl"", ""min_score"": 83.4, ""is_mandatory"": true}]",True,middle,canada,north_america,"{""academic"": 0.2619, ""leadership"": 0.1905, ""olympiad"": 0.2619, ""extracurricular"": 0.0873, ""essay"": 0.1984}",,False,We seek to support outstanding students in biology who demonstrate commitment to innovation.,We value students who show leadership potential and dedication to climate change mitigation.,True,True,True,False,642.74,True,3
SCH_000646,Kenya Computer Science Scholarship,"[""canada"", ""kenya"", ""china"", ""morocco""]",16,21,"[""high_school""]","[""social_studies""]","[""computer_science"", ""chemistry"", ""physics""]",excellence,78.4,71.5,"[{""test_type"": ""delf"", ""min_score"": 40, ""is_mandatory"": false}]",False,upper_middle,kenya,africa,"{""academic"": 0.3898, ""leadership"": 0.1186, ""olympiad"": 0.2373, ""extracurricular"": 0.0932, ""essay"": 0.161}",industry,False,This scholarship aims to nurture future leaders in computer_science with a passion for climate change mitigation.,We are looking for candidates with strong academic records and proven leadership experience.,True,True,False,False,80.92,True,2
SCH_000647,Singapore Biology Scholarship,"[""chile"", ""usa"", ""switzerland"", ""morocco"", ""india"", ""thailand"", ""australia""]",17,22,"[""high_school"", ""bachelors""]","[""science""]","[""biology""]",excellence,71.9,79.4,"[{""test_type"": ""hsk"", ""min_score"": 60, ""is_mandatory"": true}]",False,low,singapore,asia,"{""academic"": 0.3, ""leadership"": 0.1385, ""olympiad"": 0.2308, ""extracurricular"": 0.1846, ""essay"": 0.1462}",,False,We seek to support outstanding students in biology who demonstrate commitment to societal impact.,We are looking for candidates with strong academic records and proven leadership experience.,True,True,True,True,1147.29,True,4
SCH_000648,Nigeria Medicine Scholarship,"[""netherlands"", ""singapore"", ""china"", ""philippines"", ""egypt"", ""south_korea"", ""australia""]",17,21,"[""high_school""]","[""vocational"", ""religion""]","[""medicine"", ""arts_humanities""]",excellence,59.4,78.8,"[{""test_type"": ""hsk"", ""min_score"": 60, ""is_mandatory"": true}]",False,middle,nigeria,africa,"{""academic"": 0.3377, ""leadership"": 0.2468, ""olympiad"": 0.2338, ""extracurricular"": 0.0649, ""essay"": 0.1169}",industry,True,Our mission is to empower talented individuals from Africa pursuing excellence in medicine.,We value students who show leadership potential and dedication to sustainable agriculture.,True,True,False,True,1194.47,True,3
SCH_000649,India Physics Scholarship,"[""singapore"", ""south_korea"", ""china"", ""argentina"", ""indonesia""]",17,22,"[""high_school"", ""bachelors""]","[""social_studies""]","[""physics"", ""chemistry""]",private_a,60.6,72.0,"[{""test_type"": ""hsk"", ""min_score"": 60, ""is_mandatory"": true}]",False,low,india,asia,"{""academic"": 0.3381, ""leadership"": 0.1655, ""olympiad"": 0.259, ""extracurricular"": 0.1295, ""essay"": 0.1079}",entrepreneurship,False,Our mission is to empower talented individuals from Asia pursuing excellence in physics.,We value students who show leadership potential and dedication to cybersecurity.,True,False,False,False,786.49,False,1
SCH_000650,Usa Mathematics Scholarship,"[""south_africa"", ""canada""]",16,21,"[""high_school""]","[""science""]","[""mathematics"", ""business"", ""physics"", ""computer_science""]",public_a,56.6,71.4,"[{""test_type"": ""topik"", ""min_score"": 150, ""is_mandatory"": true}]",False,low,usa,north_america,"{""academic"": 0.3652, ""leadership"": 0.0783, ""olympiad"": 0.1739, ""extracurricular"": 0.1478, ""essay"": 0.2348}",public_service,False,Our mission is to empower talented individuals from North_america pursuing excellence in mathematics.,We are looking for candidates with strong academic records and proven leadership experience.,True,True,False,False,824.43,True,2
SCH_000651,South Korea Chemistry Scholarship,"[""canada"", ""australia"", ""singapore"", ""indonesia"", ""south_korea"", ""brazil"", ""india""]",16,20,"[""high_school"", ""bachelors""]","[""social_studies""]","[""chemistry""]",public_a,71.8,64.1,"[{""test_type"": ""jlpt"", ""min_score"": 40, ""is_mandatory"": true}]",True,low,south_korea,asia,"{""academic"": 0.2234, ""leadership"": 0.0957, ""olympiad"": 0.1596, ""extracurricular"": 0.2979, ""essay"": 0.2234}",ngo_npo,False,We seek to support outstanding students in chemistry who demonstrate commitment to knowledge advancement.,We value students who show leadership potential and dedication to genomic research.,True,True,False,False,1285.01,True,2
SCH_000652,Usa Medicine Scholarship,"[""south_korea"", ""thailand"", ""india"", ""switzerland""]",17,22,"[""high_school"", ""bachelors""]","[""religion"", ""vocational""]","[""medicine""]",public_a,69.7,74.4,"[{""test_type"": ""toefl"", ""min_score"": 104.6, ""is_mandatory"": false}]",False,low,usa,north_america,"{""academic"": 0.5062, ""leadership"": 0.0617, ""olympiad"": 0.1481, ""extracurricular"": 0.0864, ""essay"": 0.1975}",ngo_npo,True,We seek to support outstanding students in medicine who demonstrate commitment to innovation.,Ideal candidates demonstrate excellence in medicine and commitment to technological advancement.,True,False,False,True,1850.37,False,2
SCH_000653,Indonesia Medicine Scholarship,"[""argentina"", ""canada"", ""chile""]",17,21,"[""high_school""]","[""religion""]","[""medicine""]",public_a,68.9,63.3,"[{""test_type"": ""ielts"", ""min_score"": 7.3, ""is_mandatory"": true}]",False,low,indonesia,asia,"{""academic"": 0.2868, ""leadership"": 0.1544, ""olympiad"": 0.2941, ""extracurricular"": 0.1618, ""essay"": 0.1029}",industry,True,Our mission is to empower talented individuals from Asia pursuing excellence in medicine.,We value students who show leadership potential and dedication to genomic research.,True,False,True,False,661.94,False,2
SCH_000654,Egypt Medicine Scholarship,"[""argentina"", ""chile"", ""philippines"", ""sweden"", ""usa""]",17,21,"[""high_school""]","[""science"", ""religion""]","[""medicine""]",excellence,69.4,65.6,[],False,middle,egypt,africa,"{""academic"": 0.4211, ""leadership"": 0.1842, ""olympiad"": 0.114, ""extracurricular"": 0.1491, ""essay"": 0.1316}",entrepreneurship,False,We seek to support outstanding students in medicine who demonstrate commitment to knowledge advancement.,We are looking for candidates with strong academic records and proven research experience.,True,True,True,True,1623.67,True,4
SCH_000655,Brazil Mathematics Scholarship,"[""philippines"", ""indonesia"", ""nigeria"", ""south_korea"", ""france"", ""germany""]",17,20,"[""high_school"", ""bachelors""]","[""social_studies"", ""vocational""]","[""mathematics"", ""arts_humanities""]",public_a,68.2,65.7,"[{""test_type"": ""ielts"", ""min_score"": 7.7, ""is_mandatory"": false}]",False,upper_middle,brazil,south_america,"{""academic"": 0.2696, ""leadership"": 0.1304, ""olympiad"": 0.1478, ""extracurricular"": 0.2174, ""essay"": 0.2348}",government,False,We seek to support outstanding students in mathematics who demonstrate commitment to societal impact.,We value students who show leadership potential and dedication to financial technology.,True,True,True,False,703.89,True,3
SCH_000656,Malaysia Physics Scholarship,"[""usa"", ""malaysia"", ""singapore"", ""switzerland"", ""vietnam"", ""germany"", ""south_korea""]",16,20,"[""high_school""]","[""languages"", ""science""]","[""physics"", ""education""]",private_a,55.2,68.9,"[{""test_type"": ""ielts"", ""min_score"": 6.4, ""is_mandatory"": true}]",False,upper_middle,malaysia,asia,"{""academic"": 0.2427, ""leadership"": 0.2524, ""olympiad"": 0.1068, ""extracurricular"": 0.2427, ""essay"": 0.1553}",government,False,Our mission is to empower talented individuals from Asia pursuing excellence in physics.,Ideal candidates demonstrate excellence in physics and commitment to community service.,True,False,True,True,187.63,False,3
SCH_000657,France Medicine Scholarship,"[""netherlands"", ""thailand"", ""brazil"", ""vietnam"", ""sweden""]",17,20,"[""high_school"", ""bachelors""]","[""languages""]","[""medicine"", ""education""]",public_a,67.8,64.3,"[{""test_type"": ""ielts"", ""min_score"": 6.5, ""is_mandatory"": false}]",False,low,france,europe,"{""academic"": 0.2673, ""leadership"": 0.0594, ""olympiad"": 0.3663, ""extracurricular"": 0.0891, ""essay"": 0.2178}",,False,We seek to support outstanding students in medicine who demonstrate commitment to societal impact.,Ideal candidates demonstrate excellence in medicine and commitment to technological advancement.,True,True,False,True,1629.46,True,3
SCH_000658,Brazil Law Scholarship,"[""south_korea"", ""philippines"", ""japan"", ""canada"", ""uk""]",17,22,"[""high_school"", ""bachelors""]","[""languages""]","[""law"", ""computer_science""]",accredited_b,71.5,76.2,"[{""test_type"": ""delf"", ""min_score"": 40, ""is_mandatory"": false}]",True,upper_middle,brazil,south_america,"{""academic"": 0.2313, ""leadership"": 0.2015, ""olympiad"": 0.2239, ""extracurricular"": 0.1791, ""essay"": 0.1642}",ngo_npo,False,We seek to support outstanding students in law who demonstrate commitment to societal impact.,We value students who show leadership potential and dedication to public health policy.,True,False,False,True,1047.42,False,2
SCH_000659,Chile Economics Scholarship,"[""uk"", ""brazil"", ""kenya"", ""nigeria"", ""philippines""]",17,21,"[""high_school""]","[""science"", ""social_studies""]","[""economics"", ""computer_science"", ""law""]",accredited_b,75.3,79.2,"[{""test_type"": ""toefl"", ""min_score"": 91.0, ""is_mandatory"": true}]",False,upper_middle,chile,south_america,"{""academic"": 0.3375, ""leadership"": 0.2875, ""olympiad"": 0.15, ""extracurricular"": 0.125, ""essay"": 0.1}",,False,We seek to support outstanding students in economics who demonstrate commitment to innovation.,We are looking for candidates with strong academic records and proven research experience.,True,True,True,False,1098.43,True,3
SCH_000660,Chile Education Scholarship,"[""usa"", ""kenya"", ""thailand""]",15,18,"[""high_school""]","[""vocational""]","[""education"", ""arts_humanities"", ""law""]",private_a,80.4,58.3,"[{""test_type"": ""toefl"", ""min_score"": 92.6, ""is_mandatory"": false}]",True,upper_middle,chile,south_america,"{""academic"": 0.3, ""leadership"": 0.2182, ""olympiad"": 0.2909, ""extracurricular"": 0.1091, ""essay"": 0.0818}",industry,False,Our mission is to empower talented individuals from South_america pursuing excellence in education.,We are looking for candidates with strong academic records and proven research experience.,True,True,False,True,530.31,True,3
SCH_000661,Morocco Social Sciences Scholarship,"[""egypt"", ""morocco"", ""chile"", ""sweden"", ""usa"", ""france"", ""uk""]",15,18,"[""high_school"", ""bachelors""]","[""vocational""]","[""social_sciences"", ""biology"", ""mathematics"", ""chemistry""]",excellence,81.4,59.0,"[{""test_type"": ""ielts"", ""min_score"": 7.9, ""is_mandatory"": true}]",False,upper_middle,morocco,africa,"{""academic"": 0.2977, ""leadership"": 0.1832, ""olympiad"": 0.3053, ""extracurricular"": 0.1527, ""essay"": 0.0611}",entrepreneurship,True,This scholarship aims to nurture future leaders in social_sciences with a passion for financial technology.,We are looking for candidates with strong academic records and proven research experience.,True,True,False,False,475.7,True,2
SCH_000662,Sweden Mathematics Scholarship,"[""germany"", ""japan"", ""australia""]",15,20,"[""high_school""]","[""religion""]","[""mathematics"", ""biology""]",excellence,70.8,58.3,"[{""test_type"": ""jlpt"", ""min_score"": 60, ""is_mandatory"": true}]",False,low,sweden,europe,"{""academic"": 0.2137, ""leadership"": 0.2137, ""olympiad"": 0.2443, ""extracurricular"": 0.1603, ""essay"": 0.1679}",academic,False,Our mission is to empower talented individuals from Europe pursuing excellence in mathematics.,We are looking for candidates with strong academic records and proven leadership experience.,True,True,True,False,1484.24,True,3
SCH_000663,Morocco Physics Scholarship,"[""germany"", ""south_africa""]",15,20,"[""high_school"", ""bachelors""]","[""vocational"", ""social_studies""]","[""physics""]",private_a,59.8,71.2,"[{""test_type"": ""hsk"", ""min_score"": 80, ""is_mandatory"": false}]",True,middle,morocco,africa,"{""academic"": 0.2764, ""leadership"": 0.1951, ""olympiad"": 0.3089, ""extracurricular"": 0.0976, ""essay"": 0.122}",public_service,False,This scholarship aims to nurture future leaders in physics with a passion for education reform.,We are looking for candidates with strong academic records and proven leadership experience.,True,True,True,False,1816.85,True,3
SCH_000664,Argentina Social Sciences Scholarship,"[""vietnam"", ""philippines"", ""brazil"", ""new_zealand"", ""egypt"", ""malaysia""]",17,21,"[""high_school"", ""bachelors""]","[""science""]","[""social_sciences"", ""law"", ""chemistry"", ""medicine""]",excellence,62.5,53.8,"[{""test_type"": ""ielts"", ""min_score"": 7.2, ""is_mandatory"": true}]",False,very_low,argentina,south_america,"{""academic"": 0.2529, ""leadership"": 0.1724, ""olympiad"": 0.1954, ""extracurricular"": 0.2644, ""essay"": 0.1149}",public_service,False,This scholarship aims to nurture future leaders in social_sciences with a passion for renewable energy systems.,Ideal candidates demonstrate excellence in social_sciences and commitment to community service.,True,False,True,True,1574.72,False,3
SCH_000665,Japan Economics Scholarship,"[""chile"", ""morocco"", ""switzerland"", ""australia"", ""thailand""]",16,20,"[""high_school"", ""bachelors""]","[""languages""]","[""economics"", ""chemistry"", ""law""]",private_a,60.0,75.6,"[{""test_type"": ""topik"", ""min_score"": 200, ""is_mandatory"": false}]",False,low,japan,asia,"{""academic"": 0.2264, ""leadership"": 0.0472, ""olympiad"": 0.3208, ""extracurricular"": 0.1321, ""essay"": 0.2736}",,False,Our mission is to empower talented individuals from Asia pursuing excellence in economics.,We are looking for candidates with strong academic records and proven research experience.,True,True,False,False,535.89,True,2
SCH_000666,Germany Medicine Scholarship,"[""kenya"", ""morocco""]",17,22,"[""high_school"", ""bachelors""]","[""languages""]","[""medicine"", ""education""]",public_a,72.9,51.8,"[{""test_type"": ""ielts"", ""min_score"": 7.7, ""is_mandatory"": false}]",False,very_low,germany,europe,"{""academic"": 0.2857, ""leadership"": 0.2381, ""olympiad"": 0.1786, ""extracurricular"": 0.2262, ""essay"": 0.0714}",,False,We seek to support outstanding students in medicine who demonstrate commitment to innovation.,Ideal candidates demonstrate excellence in medicine and commitment to community service.,True,False,True,False,613.27,False,2
SCH_000667,New Zealand Engineering Scholarship,"[""malaysia"", ""indonesia"", ""japan"", ""france"", ""morocco""]",16,21,"[""high_school"", ""bachelors""]","[""science""]","[""engineering"", ""mathematics"", ""education""]",accredited_b,68.1,68.4,[],False,upper_middle,new_zealand,oceania,"{""academic"": 0.3153, ""leadership"": 0.0991, ""olympiad"": 0.1802, ""extracurricular"": 0.2252, ""essay"": 0.1802}",,False,We seek to support outstanding students in engineering who demonstrate commitment to knowledge advancement.,We are looking for candidates with strong academic records and proven research experience.,True,True,True,False,632.37,True,3
SCH_000668,Egypt Medicine Scholarship,"[""usa"", ""germany"", ""malaysia"", ""south_korea"", ""philippines"", ""france""]",16,20,"[""high_school"", ""bachelors""]","[""science"", ""vocational""]","[""medicine"", ""business""]",public_a,64.5,57.4,"[{""test_type"": ""toefl"", ""min_score"": 107.8, ""is_mandatory"": false}]",False,upper_middle,egypt,africa,"{""academic"": 0.3796, ""leadership"": 0.0926, ""olympiad"": 0.3056, ""extracurricular"": 0.1019, ""essay"": 0.1204}",government,False,This scholarship aims to nurture future leaders in medicine with a passion for genomic research.,We are looking for candidates with strong academic records and proven leadership experience.,True,False,True,False,724.95,False,2
SCH_000669,Malaysia Chemistry Scholarship,"[""south_korea"", ""chile""]",17,20,"[""high_school""]","[""religion""]","[""chemistry""]",private_a,58.2,53.7,[],False,upper_middle,malaysia,asia,"{""academic"": 0.2397, ""leadership"": 0.1901, ""olympiad"": 0.3223, ""extracurricular"": 0.1653, ""essay"": 0.0826}",government,False,We seek to support outstanding students in chemistry who demonstrate commitment to innovation.,We are looking for candidates with strong academic records and proven leadership experience.,True,True,True,True,1490.05,True,4
SCH_000670,China Business Scholarship,"[""indonesia"", ""singapore"", ""vietnam"", ""argentina"", ""china"", ""philippines"", ""india""]",15,18,"[""high_school""]","[""religion"", ""science""]","[""business"", ""physics"", ""social_sciences"", ""law""]",excellence,77.0,78.1,"[{""test_type"": ""delf"", ""min_score"": 40, ""is_mandatory"": true}]",True,very_low,china,asia,"{""academic"": 0.2624, ""leadership"": 0.1773, ""olympiad"": 0.2624, ""extracurricular"": 0.1631, ""essay"": 0.1348}",government,False,This scholarship aims to nurture future leaders in business with a passion for human-computer interaction.,We value students who show leadership potential and dedication to human-computer interaction.,False,False,True,False,1194.68,False,1
SCH_000671,Usa Chemistry Scholarship,"[""malaysia"", ""philippines"", ""china"", ""chile""]",17,21,"[""high_school"", ""bachelors""]","[""religion""]","[""chemistry"", ""business""]",private_a,58.5,66.2,"[{""test_type"": ""ielts"", ""min_score"": 8.0, ""is_mandatory"": true}]",True,upper_middle,usa,north_america,"{""academic"": 0.434, ""leadership"": 0.2358, ""olympiad"": 0.0943, ""extracurricular"": 0.1792, ""essay"": 0.0566}",,False,We seek to support outstanding students in chemistry who demonstrate commitment to knowledge advancement.,Ideal candidates demonstrate excellence in chemistry and commitment to community service.,True,True,False,False,547.09,True,2
SCH_000672,Usa Education Scholarship,"[""japan"", ""malaysia"", ""uk""]",17,21,"[""high_school""]","[""religion""]","[""education"", ""computer_science""]",public_a,62.0,69.1,[],True,low,usa,north_america,"{""academic"": 0.25, ""leadership"": 0.1786, ""olympiad"": 0.131, ""extracurricular"": 0.1429, ""essay"": 0.2976}",,False,This scholarship aims to nurture future leaders in education with a passion for machine learning.,We are looking for candidates with strong academic records and proven research experience.,True,True,False,False,488.1,True,2
SCH_000673,Usa Arts Humanities Scholarship,"[""germany"", ""japan""]",16,19,"[""high_school"", ""bachelors""]","[""languages"", ""vocational""]","[""arts_humanities"", ""mathematics"", ""social_sciences"", ""economics""]",excellence,80.0,54.0,"[{""test_type"": ""toefl"", ""min_score"": 108.4, ""is_mandatory"": true}]",False,low,usa,north_america,"{""academic"": 0.3222, ""leadership"": 0.3222, ""olympiad"": 0.2111, ""extracurricular"": 0.0778, ""essay"": 0.0667}",public_service,False,This scholarship aims to nurture future leaders in arts_humanities with a passion for quantum computing.,We are looking for candidates with strong academic records and proven research experience.,True,True,True,False,1498.0,True,3
SCH_000674,New Zealand Mathematics Scholarship,"[""nigeria"", ""malaysia"", ""netherlands"", ""france"", ""south_korea"", ""china""]",16,19,"[""high_school"", ""bachelors""]","[""religion""]","[""mathematics""]",excellence,78.1,66.4,"[{""test_type"": ""jlpt"", ""min_score"": 40, ""is_mandatory"": true}]",False,very_low,new_zealand,oceania,"{""academic"": 0.4118, ""leadership"": 0.1176, ""olympiad"": 0.1765, ""extracurricular"": 0.2, ""essay"": 0.0941}",,False,Our mission is to empower talented individuals from Oceania pursuing excellence in mathematics.,We value students who show leadership potential and dedication to public health policy.,False,True,False,False,731.63,False,1
SCH_000675,Canada Mathematics Scholarship,"[""vietnam"", ""chile"", ""nigeria"", ""netherlands"", ""indonesia""]",17,21,"[""high_school"", ""bachelors""]","[""social_studies""]","[""mathematics"", ""arts_humanities"", ""biology"", ""economics""]",accredited_b,84.5,61.7,"[{""test_type"": ""ielts"", ""min_score"": 7.1, ""is_mandatory"": false}]",False,very_low,canada,north_america,"{""academic"": 0.3798, ""leadership"": 0.1473, ""olympiad"": 0.2481, ""extracurricular"": 0.093, ""essay"": 0.1318}",,True,Our mission is to empower talented individuals from North_america pursuing excellence in mathematics.,We value students who show leadership potential and dedication to financial technology.,True,False,False,True,1385.39,False,2
SCH_000676,Switzerland Arts Humanities Scholarship,"[""egypt"", ""south_africa""]",17,21,"[""high_school"", ""bachelors""]","[""vocational""]","[""arts_humanities"", ""mathematics""]",private_a,74.9,73.0,"[{""test_type"": ""ielts"", ""min_score"": 7.4, ""is_mandatory"": false}]",False,low,switzerland,europe,"{""academic"": 0.3486, ""leadership"": 0.0917, ""olympiad"": 0.2661, ""extracurricular"": 0.055, ""essay"": 0.2385}",,False,This scholarship aims to nurture future leaders in arts_humanities with a passion for renewable energy systems.,We are looking for candidates with strong academic records and proven research experience.,True,True,True,False,1203.63,True,3
SCH_000677,New Zealand Computer Science Scholarship,"[""australia"", ""south_korea"", ""india"", ""south_africa""]",15,19,"[""high_school"", ""bachelors""]","[""vocational""]","[""computer_science""]",accredited_b,63.1,73.4,"[{""test_type"": ""ielts"", ""min_score"": 7.1, ""is_mandatory"": true}]",False,very_low,new_zealand,oceania,"{""academic"": 0.4087, ""leadership"": 0.2609, ""olympiad"": 0.1217, ""extracurricular"": 0.113, ""essay"": 0.0957}",public_service,False,We seek to support outstanding students in computer_science who demonstrate commitment to societal impact.,We value students who show leadership potential and dedication to public health policy.,True,True,True,True,703.01,True,4
SCH_000678,Sweden Law Scholarship,"[""netherlands"", ""usa""]",16,20,"[""high_school""]","[""religion""]","[""law"", ""computer_science""]",private_a,73.1,76.7,"[{""test_type"": ""toefl"", ""min_score"": 95.0, ""is_mandatory"": true}]",True,very_low,sweden,europe,"{""academic"": 0.3673, ""leadership"": 0.2245, ""olympiad"": 0.1327, ""extracurricular"": 0.1531, ""essay"": 0.1224}",ngo_npo,True,Our mission is to empower talented individuals from Europe pursuing excellence in law.,Ideal candidates demonstrate excellence in law and commitment to technological advancement.,False,True,True,True,1405.1,False,3
SCH_000679,South Korea Education Scholarship,"[""egypt"", ""uk"", ""new_zealand""]",16,20,"[""high_school"", ""bachelors""]","[""science"", ""vocational""]","[""education"", ""business"", ""mathematics""]",private_a,71.1,52.2,[],False,very_low,south_korea,asia,"{""academic"": 0.2946, ""leadership"": 0.1705, ""olympiad"": 0.186, ""extracurricular"": 0.1318, ""essay"": 0.2171}",,True,This scholarship aims to nurture future leaders in education with a passion for public health policy.,We value students who show leadership potential and dedication to public health policy.,True,True,True,True,1864.9,True,4
SCH_000680,Kenya Computer Science Scholarship,"[""netherlands"", ""south_korea""]",15,19,"[""high_school""]","[""languages"", ""science""]","[""computer_science"", ""economics"", ""biology"", ""business""]",private_a,75.5,54.7,"[{""test_type"": ""jlpt"", ""min_score"": 40, ""is_mandatory"": true}]",True,very_low,kenya,africa,"{""academic"": 0.2698, ""leadership"": 0.1349, ""olympiad"": 0.2381, ""extracurricular"": 0.1429, ""essay"": 0.2143}",government,False,This scholarship aims to nurture future leaders in computer_science with a passion for sustainable agriculture.,We are looking for candidates with strong academic records and proven leadership experience.,True,False,False,True,140.34,False,2
SCH_000681,Nigeria Physics Scholarship,"[""india"", ""egypt"", ""south_africa"", ""usa"", ""australia"", ""japan""]",17,20,"[""high_school""]","[""languages""]","[""physics"", ""computer_science""]",accredited_b,74.0,72.9,"[{""test_type"": ""jlpt"", ""min_score"": 60, ""is_mandatory"": true}]",True,middle,nigeria,africa,"{""academic"": 0.2444, ""leadership"": 0.1778, ""olympiad"": 0.2889, ""extracurricular"": 0.1889, ""essay"": 0.1}",government,False,This scholarship aims to nurture future leaders in physics with a passion for artificial intelligence.,Ideal candidates demonstrate excellence in physics and commitment to community service.,False,True,False,False,1820.17,False,1
SCH_000682,Canada Computer Science Scholarship,"[""nigeria"", ""new_zealand"", ""switzerland"", ""south_korea"", ""canada"", ""germany""]",15,18,"[""high_school""]","[""languages"", ""religion""]","[""computer_science"", ""biology""]",excellence,82.3,71.4,"[{""test_type"": ""toefl"", ""min_score"": 92.1, ""is_mandatory"": true}]",False,very_low,canada,north_america,"{""academic"": 0.3459, ""leadership"": 0.0451, ""olympiad"": 0.2105, ""extracurricular"": 0.188, ""essay"": 0.2105}",,False,This scholarship aims to nurture future leaders in computer_science with a passion for renewable energy systems.,We value students who show leadership potential and dedication to renewable energy systems.,True,True,False,False,1995.92,True,2
SCH_000683,Canada Mathematics Scholarship,"[""south_africa"", ""china"", ""argentina"", ""vietnam"", ""france""]",17,20,"[""high_school""]","[""religion""]","[""mathematics"", ""education""]",accredited_b,71.5,54.8,[],True,upper_middle,canada,north_america,"{""academic"": 0.3441, ""leadership"": 0.0645, ""olympiad"": 0.1183, ""extracurricular"": 0.2473, ""essay"": 0.2258}",,False,Our mission is to empower talented individuals from North_america pursuing excellence in mathematics.,Ideal candidates demonstrate excellence in mathematics and commitment to community service.,True,True,True,False,343.58,True,3
SCH_000684,Usa Economics Scholarship,"[""uk"", ""egypt"", ""vietnam"", ""singapore"", ""nigeria""]",16,20,"[""high_school"", ""bachelors""]","[""social_studies"", ""religion""]","[""economics"", ""mathematics"", ""computer_science"", ""physics""]",private_a,66.3,51.2,"[{""test_type"": ""ielts"", ""min_score"": 7.2, ""is_mandatory"": true}]",False,low,usa,north_america,"{""academic"": 0.377, ""leadership"": 0.0574, ""olympiad"": 0.2705, ""extracurricular"": 0.1721, ""essay"": 0.123}",public_service,False,This scholarship aims to nurture future leaders in economics with a passion for financial technology.,We value students who show leadership potential and dedication to financial technology.,False,False,False,True,1658.39,False,1
SCH_000685,Usa Physics Scholarship,"[""india"", ""switzerland"", ""new_zealand"", ""nigeria"", ""usa"", ""argentina"", ""south_korea""]",15,19,"[""high_school""]","[""vocational"", ""languages""]","[""physics"", ""law"", ""agriculture"", ""engineering""]",excellence,81.6,55.2,"[{""test_type"": ""ielts"", ""min_score"": 6.9, ""is_mandatory"": true}]",False,low,usa,north_america,"{""academic"": 0.3415, ""leadership"": 0.0976, ""olympiad"": 0.3008, ""extracurricular"": 0.1707, ""essay"": 0.0894}",entrepreneurship,False,This scholarship aims to nurture future leaders in physics with a passion for climate change mitigation.,We value students who show leadership potential and dedication to climate change mitigation.,True,True,True,False,1326.56,True,3
SCH_000686,Australia Law Scholarship,"[""germany"", ""chile"", ""morocco"", ""uk"", ""brazil"", ""australia"", ""egypt""]",17,22,"[""high_school""]","[""religion"", ""languages""]","[""law""]",public_a,64.0,78.0,"[{""test_type"": ""delf"", ""min_score"": 40, ""is_mandatory"": true}]",False,middle,australia,oceania,"{""academic"": 0.3267, ""leadership"": 0.18, ""olympiad"": 0.1267, ""extracurricular"": 0.1733, ""essay"": 0.1933}",entrepreneurship,True,This scholarship aims to nurture future leaders in law with a passion for public health policy.,Ideal candidates demonstrate excellence in law and commitment to community service.,True,True,True,False,336.74,True,3
SCH_000687,South Korea Chemistry Scholarship,"[""thailand"", ""usa"", ""switzerland"", ""south_africa"", ""new_zealand"", ""germany""]",17,21,"[""high_school""]","[""vocational"", ""languages""]","[""chemistry"", ""mathematics""]",public_a,60.4,62.7,"[{""test_type"": ""topik"", ""min_score"": 150, ""is_mandatory"": true}]",False,low,south_korea,asia,"{""academic"": 0.3759, ""leadership"": 0.2105, ""olympiad"": 0.0902, ""extracurricular"": 0.2105, ""essay"": 0.1128}",public_service,False,This scholarship aims to nurture future leaders in chemistry with a passion for cybersecurity.,We are looking for candidates with strong academic records and proven leadership experience.,True,True,False,True,777.08,True,3
SCH_000688,Usa Social Sciences Scholarship,"[""australia"", ""kenya"", ""malaysia"", ""germany"", ""nigeria"", ""brazil""]",15,20,"[""high_school""]","[""science"", ""languages""]","[""social_sciences"", ""law"", ""mathematics"", ""arts_humanities""]",public_a,59.0,62.8,"[{""test_type"": ""toefl"", ""min_score"": 87.2, ""is_mandatory"": true}]",False,upper_middle,usa,north_america,"{""academic"": 0.2453, ""leadership"": 0.0943, ""olympiad"": 0.3491, ""extracurricular"": 0.1038, ""essay"": 0.2075}",,True,This scholarship aims to nurture future leaders in social_sciences with a passion for sustainable agriculture.,Ideal candidates demonstrate excellence in social_sciences and commitment to community service.,True,False,False,False,1668.57,False,1
SCH_000689,New Zealand Law Scholarship,"[""argentina"", ""switzerland""]",17,22,"[""high_school"", ""bachelors""]","[""religion""]","[""law"", ""medicine""]",accredited_b,67.7,76.9,"[{""test_type"": ""ielts"", ""min_score"": 6.7, ""is_mandatory"": true}]",False,very_low,new_zealand,oceania,"{""academic"": 0.2963, ""leadership"": 0.1407, ""olympiad"": 0.2222, ""extracurricular"": 0.1407, ""essay"": 0.2}",government,False,This scholarship aims to nurture future leaders in law with a passion for renewable energy systems.,Ideal candidates demonstrate excellence in law and commitment to community service.,True,False,True,False,1030.16,False,2
SCH_000690,Usa Biology Scholarship,"[""singapore"", ""australia"", ""philippines"", ""france"", ""new_zealand"", ""argentina""]",15,20,"[""high_school"", ""bachelors""]","[""religion"", ""science""]","[""biology"", ""engineering"", ""business"", ""physics""]",accredited_b,61.8,70.1,"[{""test_type"": ""jlpt"", ""min_score"": 40, ""is_mandatory"": true}]",False,middle,usa,north_america,"{""academic"": 0.1917, ""leadership"": 0.2, ""olympiad"": 0.2667, ""extracurricular"": 0.1333, ""essay"": 0.2083}",,False,We seek to support outstanding students in biology who demonstrate commitment to knowledge advancement.,We are looking for candidates with strong academic records and proven leadership experience.,True,False,False,False,1780.35,False,1
SCH_000691,Chile Engineering Scholarship,"[""australia"", ""kenya"", ""south_korea"", ""brazil"", ""japan"", ""nigeria""]",15,18,"[""high_school""]","[""languages"", ""social_studies""]","[""engineering"", ""arts_humanities"", ""business"", ""mathematics""]",accredited_b,75.9,69.3,"[{""test_type"": ""toefl"", ""min_score"": 105.6, ""is_mandatory"": true}]",False,upper_middle,chile,south_america,"{""academic"": 0.2977, ""leadership"": 0.145, ""olympiad"": 0.2977, ""extracurricular"": 0.0382, ""essay"": 0.2214}",,False,This scholarship aims to nurture future leaders in engineering with a passion for human-computer interaction.,Ideal candidates demonstrate excellence in engineering and commitment to technological advancement.,True,False,True,False,1293.53,False,2
SCH_000692,Egypt Social Sciences Scholarship,"[""argentina"", ""south_africa"", ""china"", ""india"", ""uk"", ""egypt""]",16,20,"[""high_school""]","[""vocational""]","[""social_sciences"", ""computer_science"", ""arts_humanities"", ""biology""]",excellence,60.9,70.9,"[{""test_type"": ""toefl"", ""min_score"": 103.1, ""is_mandatory"": false}]",False,low,egypt,africa,"{""academic"": 0.3551, ""leadership"": 0.1812, ""olympiad"": 0.2029, ""extracurricular"": 0.1232, ""essay"": 0.1377}",,False,We seek to support outstanding students in social_sciences who demonstrate commitment to societal impact.,We value students who show leadership potential and dedication to machine learning.,True,True,True,False,1580.89,True,3
SCH_000693,Kenya Engineering Scholarship,"[""morocco"", ""kenya"", ""australia"", ""chile""]",17,22,"[""high_school"", ""bachelors""]","[""religion""]","[""engineering""]",excellence,78.4,74.1,"[{""test_type"": ""toefl"", ""min_score"": 87.8, ""is_mandatory"": false}]",False,upper_middle,kenya,africa,"{""academic"": 0.375, ""leadership"": 0.0703, ""olympiad"": 0.1484, ""extracurricular"": 0.2266, ""essay"": 0.1797}",public_service,False,This scholarship aims to nurture future leaders in engineering with a passion for genomic research.,We are looking for candidates with strong academic records and proven leadership experience.,False,True,True,False,231.85,False,2
SCH_000694,Canada Business Scholarship,"[""china"", ""chile"", ""france"", ""south_korea"", ""usa"", ""singapore""]",16,20,"[""high_school"", ""bachelors""]","[""vocational"", ""social_studies""]","[""business""]",accredited_b,60.0,58.5,"[{""test_type"": ""topik"", ""min_score"": 200, ""is_mandatory"": false}]",False,upper_middle,canada,north_america,"{""academic"": 0.2844, ""leadership"": 0.156, ""olympiad"": 0.2202, ""extracurricular"": 0.2018, ""essay"": 0.1376}",,False,This scholarship aims to nurture future leaders in business with a passion for climate change mitigation.,Ideal candidates demonstrate excellence in business and commitment to community service.,True,True,False,False,1144.28,True,2
SCH_000695,South Africa Social Sciences Scholarship,"[""malaysia"", ""egypt"", ""china"", ""singapore"", ""kenya""]",17,22,"[""high_school"", ""bachelors""]","[""social_studies""]","[""social_sciences""]",accredited_b,64.8,73.7,"[{""test_type"": ""ielts"", ""min_score"": 7.4, ""is_mandatory"": true}]",True,upper_middle,south_africa,africa,"{""academic"": 0.2946, ""leadership"": 0.155, ""olympiad"": 0.2868, ""extracurricular"": 0.2171, ""essay"": 0.0465}",academic,False,Our mission is to empower talented individuals from Africa pursuing excellence in social_sciences.,We value students who show leadership potential and dedication to machine learning.,True,True,False,False,1782.4,True,2
SCH_000696,Canada Arts Humanities Scholarship,"[""indonesia"", ""morocco"", ""south_korea"", ""japan"", ""australia"", ""malaysia""]",17,21,"[""high_school"", ""bachelors""]","[""social_studies"", ""religion""]","[""arts_humanities"", ""law"", ""business"", ""chemistry""]",public_a,62.9,60.7,[],True,very_low,canada,north_america,"{""academic"": 0.2371, ""leadership"": 0.1237, ""olympiad"": 0.3093, ""extracurricular"": 0.1753, ""essay"": 0.1546}",industry,False,Our mission is to empower talented individuals from North_america pursuing excellence in arts_humanities.,Ideal candidates demonstrate excellence in arts_humanities and commitment to community service.,True,True,True,True,588.93,True,4
SCH_000697,Kenya Physics Scholarship,"[""sweden"", ""japan"", ""malaysia"", ""india""]",17,21,"[""high_school""]","[""social_studies"", ""vocational""]","[""physics"", ""law"", ""economics""]",private_a,69.6,72.1,"[{""test_type"": ""ielts"", ""min_score"": 7.5, ""is_mandatory"": true}]",False,very_low,kenya,africa,"{""academic"": 0.2019, ""leadership"": 0.1538, ""olympiad"": 0.1442, ""extracurricular"": 0.2212, ""essay"": 0.2788}",entrepreneurship,False,We seek to support outstanding students in physics who demonstrate commitment to innovation.,We are looking for candidates with strong academic records and proven leadership experience.,True,True,False,False,1027.99,True,2
SCH_000698,Morocco Social Sciences Scholarship,"[""indonesia"", ""thailand"", ""germany"", ""nigeria"", ""switzerland"", ""chile""]",17,21,"[""high_school"", ""bachelors""]","[""religion""]","[""social_sciences""]",accredited_b,74.4,68.9,"[{""test_type"": ""toefl"", ""min_score"": 89.7, ""is_mandatory"": true}]",True,upper_middle,morocco,africa,"{""academic"": 0.1964, ""leadership"": 0.25, ""olympiad"": 0.3214, ""extracurricular"": 0.1071, ""essay"": 0.125}",,True,We seek to support outstanding students in social_sciences who demonstrate commitment to societal impact.,We are looking for candidates with strong academic records and proven leadership experience.,True,True,False,True,947.79,True,3
SCH_000699,Australia Education Scholarship,"[""vietnam"", ""indonesia"", ""australia"", ""egypt"", ""netherlands"", ""kenya"", ""argentina""]",17,22,"[""high_school"", ""bachelors""]","[""languages""]","[""education""]",private_a,79.3,73.8,"[{""test_type"": ""toefl"", ""min_score"": 104.6, ""is_mandatory"": true}]",True,low,australia,oceania,"{""academic"": 0.3689, ""leadership"": 0.041, ""olympiad"": 0.2459, ""extracurricular"": 0.2131, ""essay"": 0.1311}",,False,Our mission is to empower talented individuals from Oceania pursuing excellence in education.,We value students who show leadership potential and dedication to human-computer interaction.,True,True,False,True,681.97,True,3
SCH_000700,Australia Engineering Scholarship,"[""canada"", ""malaysia"", ""india"", ""brazil"", ""thailand"", ""chile""]",16,20,"[""high_school"", ""bachelors""]","[""languages"", ""science""]","[""engineering"", ""computer_science"", ""arts_humanities"", ""mathematics""]",public_a,75.9,70.0,"[{""test_type"": ""topik"", ""min_score"": 200, ""is_mandatory"": true}]",False,middle,australia,oceania,"{""academic"": 0.2336, ""leadership"": 0.1215, ""olympiad"": 0.2523, ""extracurricular"": 0.1869, ""essay"": 0.2056}",,True,Our mission is to empower talented individuals from Oceania pursuing excellence in engineering.,Ideal candidates demonstrate excellence in engineering and commitment to technological advancement.,True,True,True,False,1910.05,True,3
SCH_000701,South Africa Arts Humanities Scholarship,"[""japan"", ""india"", ""brazil"", ""australia"", ""malaysia""]",16,19,"[""high_school""]","[""social_studies"", ""languages""]","[""arts_humanities"", ""education"", ""medicine"", ""computer_science""]",private_a,80.6,64.1,"[{""test_type"": ""toefl"", ""min_score"": 93.6, ""is_mandatory"": true}]",False,upper_middle,south_africa,africa,"{""academic"": 0.3826, ""leadership"": 0.1304, ""olympiad"": 0.2348, ""extracurricular"": 0.1739, ""essay"": 0.0783}",ngo_npo,True,Our mission is to empower talented individuals from Africa pursuing excellence in arts_humanities.,Ideal candidates demonstrate excellence in arts_humanities and commitment to community service.,True,False,True,False,1630.28,False,2
SCH_000702,Sweden Medicine Scholarship,"[""chile"", ""singapore"", ""thailand"", ""germany"", ""south_korea""]",16,19,"[""high_school"", ""bachelors""]","[""social_studies"", ""religion""]","[""medicine""]",excellence,63.0,74.4,"[{""test_type"": ""toefl"", ""min_score"": 99.9, ""is_mandatory"": true}]",True,middle,sweden,europe,"{""academic"": 0.3261, ""leadership"": 0.0652, ""olympiad"": 0.1087, ""extracurricular"": 0.3152, ""essay"": 0.1848}",,True,Our mission is to empower talented individuals from Europe pursuing excellence in medicine.,Ideal candidates demonstrate excellence in medicine and commitment to technological advancement.,True,True,False,False,1394.18,True,2
SCH_000703,Usa Mathematics Scholarship,"[""france"", ""thailand"", ""netherlands""]",16,19,"[""high_school"", ""bachelors""]","[""languages""]","[""mathematics"", ""physics"", ""economics"", ""education""]",private_a,62.7,54.5,"[{""test_type"": ""toefl"", ""min_score"": 108.1, ""is_mandatory"": false}]",False,upper_middle,usa,north_america,"{""academic"": 0.3652, ""leadership"": 0.0522, ""olympiad"": 0.2783, ""extracurricular"": 0.0957, ""essay"": 0.2087}",industry,False,This scholarship aims to nurture future leaders in mathematics with a passion for genomic research.,We are looking for candidates with strong academic records and proven research experience.,True,True,True,False,1692.43,True,3
SCH_000704,Vietnam Computer Science Scholarship,"[""south_korea"", ""south_africa"", ""chile"", ""thailand"", ""indonesia""]",17,22,"[""high_school""]","[""vocational"", ""languages""]","[""computer_science"", ""physics"", ""economics""]",excellence,66.3,50.9,"[{""test_type"": ""toefl"", ""min_score"": 98.7, ""is_mandatory"": false}]",False,upper_middle,vietnam,asia,"{""academic"": 0.419, ""leadership"": 0.1048, ""olympiad"": 0.1238, ""extracurricular"": 0.181, ""essay"": 0.1714}",,False,We seek to support outstanding students in computer_science who demonstrate commitment to societal impact.,Ideal candidates demonstrate excellence in computer_science and commitment to technological advancement.,True,False,True,False,1381.28,False,2
SCH_000705,Switzerland Education Scholarship,"[""egypt"", ""south_korea"", ""chile"", ""morocco"", ""philippines""]",17,22,"[""high_school"", ""bachelors""]","[""religion"", ""languages""]","[""education""]",private_a,56.5,74.0,[],True,very_low,switzerland,europe,"{""academic"": 0.4608, ""leadership"": 0.1471, ""olympiad"": 0.1667, ""extracurricular"": 0.098, ""essay"": 0.1275}",,False,We seek to support outstanding students in education who demonstrate commitment to knowledge advancement.,We value students who show leadership potential and dedication to sustainable agriculture.,True,True,False,False,1488.97,True,2
SCH_000706,Germany Mathematics Scholarship,"[""new_zealand"", ""indonesia"", ""nigeria"", ""france"", ""south_africa"", ""brazil"", ""egypt""]",17,21,"[""high_school"", ""bachelors""]","[""science"", ""vocational""]","[""mathematics"", ""law"", ""biology"", ""computer_science""]",public_a,63.4,59.4,"[{""test_type"": ""ielts"", ""min_score"": 6.7, ""is_mandatory"": true}]",False,low,germany,europe,"{""academic"": 0.2903, ""leadership"": 0.1935, ""olympiad"": 0.3226, ""extracurricular"": 0.1075, ""essay"": 0.086}",,False,This scholarship aims to nurture future leaders in mathematics with a passion for education reform.,We value students who show leadership potential and dedication to education reform.,False,True,True,False,263.0,False,2
SCH_000707,South Korea Business Scholarship,"[""switzerland"", ""morocco""]",15,19,"[""high_school""]","[""languages""]","[""business"", ""economics"", ""chemistry"", ""physics""]",excellence,75.0,53.9,[],False,very_low,south_korea,asia,"{""academic"": 0.1835, ""leadership"": 0.2477, ""olympiad"": 0.1835, ""extracurricular"": 0.2752, ""essay"": 0.1101}",,False,Our mission is to empower talented individuals from Asia pursuing excellence in business.,We value students who show leadership potential and dedication to climate change mitigation.,True,False,True,True,1967.71,False,3
SCH_000708,Australia Mathematics Scholarship,"[""usa"", ""japan"", ""argentina"", ""uk"", ""germany"", ""malaysia"", ""chile""]",15,20,"[""high_school""]","[""religion"", ""vocational""]","[""mathematics"", ""business"", ""physics""]",public_a,61.2,64.0,[],False,low,australia,oceania,"{""academic"": 0.2632, ""leadership"": 0.0752, ""olympiad"": 0.2256, ""extracurricular"": 0.218, ""essay"": 0.218}",public_service,False,This scholarship aims to nurture future leaders in mathematics with a passion for sustainable agriculture.,We value students who show leadership potential and dedication to sustainable agriculture.,True,True,True,True,286.57,True,4
SCH_000709,Nigeria Law Scholarship,"[""brazil"", ""thailand"", ""switzerland"", ""australia""]",17,21,"[""high_school"", ""bachelors""]","[""science""]","[""law"", ""computer_science"", ""education""]",private_a,59.3,74.1,[],False,middle,nigeria,africa,"{""academic"": 0.3889, ""leadership"": 0.0833, ""olympiad"": 0.1111, ""extracurricular"": 0.1759, ""essay"": 0.2407}",,False,This scholarship aims to nurture future leaders in law with a passion for climate change mitigation.,Ideal candidates demonstrate excellence in law and commitment to technological advancement.,False,True,False,False,696.38,False,1
SCH_000710,Brazil Biology Scholarship,"[""chile"", ""morocco""]",16,19,"[""high_school"", ""bachelors""]","[""languages""]","[""biology""]",excellence,70.8,63.9,"[{""test_type"": ""ielts"", ""min_score"": 6.8, ""is_mandatory"": false}]",True,upper_middle,brazil,south_america,"{""academic"": 0.2541, ""leadership"": 0.2049, ""olympiad"": 0.3197, ""extracurricular"": 0.1639, ""essay"": 0.0574}",academic,True,This scholarship aims to nurture future leaders in biology with a passion for education reform.,We value students who show leadership potential and dedication to education reform.,True,False,True,True,431.15,False,3
SCH_000711,Germany Agriculture Scholarship,"[""malaysia"", ""philippines"", ""brazil"", ""netherlands"", ""usa""]",17,22,"[""high_school"", ""bachelors""]","[""science"", ""languages""]","[""agriculture"", ""economics"", ""business"", ""education""]",excellence,80.6,72.3,"[{""test_type"": ""hsk"", ""min_score"": 80, ""is_mandatory"": false}]",False,very_low,germany,europe,"{""academic"": 0.3913, ""leadership"": 0.2261, ""olympiad"": 0.1739, ""extracurricular"": 0.0522, ""essay"": 0.1565}",entrepreneurship,False,This scholarship aims to nurture future leaders in agriculture with a passion for education reform.,Ideal candidates demonstrate excellence in agriculture and commitment to community service.,True,True,True,True,1041.03,True,4
SCH_000712,France Social Sciences Scholarship,"[""netherlands"", ""germany"", ""france"", ""philippines"", ""south_korea"", ""south_africa""]",16,21,"[""high_school""]","[""vocational""]","[""social_sciences""]",private_a,68.1,67.4,"[{""test_type"": ""ielts"", ""min_score"": 6.3, ""is_mandatory"": true}]",False,low,france,europe,"{""academic"": 0.1667, ""leadership"": 0.1583, ""olympiad"": 0.3083, ""extracurricular"": 0.175, ""essay"": 0.1917}",public_service,False,This scholarship aims to nurture future leaders in social_sciences with a passion for genomic research.,Ideal candidates demonstrate excellence in social_sciences and commitment to community service.,True,True,False,True,101.12,True,3
SCH_000713,South Africa Mathematics Scholarship,"[""brazil"", ""india"", ""south_korea"", ""philippines"", ""egypt""]",17,21,"[""high_school""]","[""vocational""]","[""mathematics"", ""computer_science""]",excellence,69.0,54.1,"[{""test_type"": ""jlpt"", ""min_score"": 40, ""is_mandatory"": true}]",False,low,south_africa,africa,"{""academic"": 0.3889, ""leadership"": 0.0556, ""olympiad"": 0.1905, ""extracurricular"": 0.2063, ""essay"": 0.1587}",entrepreneurship,True,Our mission is to empower talented individuals from Africa pursuing excellence in mathematics.,Ideal candidates demonstrate excellence in mathematics and commitment to community service.,True,True,False,False,462.49,True,2
SCH_000714,Egypt Education Scholarship,"[""south_africa"", ""chile"", ""argentina"", ""new_zealand"", ""thailand"", ""germany"", ""singapore""]",16,19,"[""high_school""]","[""religion""]","[""education"", ""law"", ""engineering"", ""economics""]",private_a,83.7,60.6,[],True,upper_middle,egypt,africa,"{""academic"": 0.3415, ""leadership"": 0.0894, ""olympiad"": 0.1463, ""extracurricular"": 0.2033, ""essay"": 0.2195}",,False,This scholarship aims to nurture future leaders in education with a passion for machine learning.,We are looking for candidates with strong academic records and proven research experience.,False,True,False,False,409.57,False,1
SCH_000715,France Business Scholarship,"[""canada"", ""kenya"", ""china"", ""brazil""]",16,21,"[""high_school"", ""bachelors""]","[""languages""]","[""business"", ""economics"", ""physics""]",excellence,69.0,77.8,"[{""test_type"": ""ielts"", ""min_score"": 7.3, ""is_mandatory"": true}]",False,low,france,europe,"{""academic"": 0.3846, ""leadership"": 0.0962, ""olympiad"": 0.1827, ""extracurricular"": 0.1538, ""essay"": 0.1827}",academic,False,We seek to support outstanding students in business who demonstrate commitment to innovation.,We are looking for candidates with strong academic records and proven leadership experience.,True,False,False,False,1422.87,False,1
SCH_000716,Germany Education Scholarship,"[""germany"", ""brazil"", ""uk"", ""singapore"", ""china""]",15,18,"[""high_school""]","[""social_studies""]","[""education""]",accredited_b,77.9,68.2,"[{""test_type"": ""toefl"", ""min_score"": 103.0, ""is_mandatory"": false}]",False,upper_middle,germany,europe,"{""academic"": 0.2967, ""leadership"": 0.2857, ""olympiad"": 0.1209, ""extracurricular"": 0.2088, ""essay"": 0.0879}",ngo_npo,False,This scholarship aims to nurture future leaders in education with a passion for financial technology.,Ideal candidates demonstrate excellence in education and commitment to technological advancement.,False,True,False,True,1040.14,False,2
SCH_000717,Kenya Medicine Scholarship,"[""netherlands"", ""argentina"", ""chile"", ""singapore"", ""malaysia"", ""philippines""]",15,18,"[""high_school"", ""bachelors""]","[""religion""]","[""medicine"", ""agriculture""]",private_a,63.1,73.9,"[{""test_type"": ""jlpt"", ""min_score"": 40, ""is_mandatory"": true}]",False,low,kenya,africa,"{""academic"": 0.287, ""leadership"": 0.2778, ""olympiad"": 0.25, ""extracurricular"": 0.1296, ""essay"": 0.0556}",,True,Our mission is to empower talented individuals from Africa pursuing excellence in medicine.,We are looking for candidates with strong academic records and proven research experience.,True,False,False,True,591.58,False,2
SCH_000718,Switzerland Biology Scholarship,"[""china"", ""indonesia"", ""argentina"", ""uk"", ""japan"", ""vietnam""]",15,18,"[""high_school""]","[""religion"", ""vocational""]","[""biology""]",private_a,56.1,80.0,"[{""test_type"": ""ielts"", ""min_score"": 6.8, ""is_mandatory"": true}]",False,low,switzerland,europe,"{""academic"": 0.4524, ""leadership"": 0.0833, ""olympiad"": 0.1905, ""extracurricular"": 0.1071, ""essay"": 0.1667}",,False,We seek to support outstanding students in biology who demonstrate commitment to innovation.,We value students who show leadership potential and dedication to artificial intelligence.,True,True,True,False,1906.24,True,3
SCH_000719,Usa Biology Scholarship,"[""australia"", ""netherlands"", ""china""]",16,20,"[""high_school"", ""bachelors""]","[""languages"", ""vocational""]","[""biology"", ""education"", ""medicine"", ""mathematics""]",accredited_b,79.5,50.1,"[{""test_type"": ""topik"", ""min_score"": 200, ""is_mandatory"": true}]",False,upper_middle,usa,north_america,"{""academic"": 0.1852, ""leadership"": 0.1389, ""olympiad"": 0.2593, ""extracurricular"": 0.2315, ""essay"": 0.1852}",ngo_npo,True,Our mission is to empower talented individuals from North_america pursuing excellence in biology.,We value students who show leadership potential and dedication to financial technology.,True,True,False,True,1904.72,True,3
SCH_000720,New Zealand Economics Scholarship,"[""philippines"", ""brazil"", ""south_africa"", ""usa"", ""south_korea"", ""vietnam""]",17,21,"[""high_school""]","[""social_studies""]","[""economics"", ""agriculture"", ""engineering""]",excellence,84.6,55.8,"[{""test_type"": ""ielts"", ""min_score"": 7.0, ""is_mandatory"": true}]",False,low,new_zealand,oceania,"{""academic"": 0.3874, ""leadership"": 0.1261, ""olympiad"": 0.1892, ""extracurricular"": 0.1712, ""essay"": 0.1261}",industry,False,We seek to support outstanding students in economics who demonstrate commitment to societal impact.,We value students who show leadership potential and dedication to renewable energy systems.,True,True,False,False,510.67,True,2
SCH_000721,Usa Engineering Scholarship,"[""netherlands"", ""new_zealand"", ""vietnam"", ""germany""]",15,19,"[""high_school"", ""bachelors""]","[""religion"", ""science""]","[""engineering"", ""biology"", ""medicine""]",accredited_b,72.5,78.7,"[{""test_type"": ""ielts"", ""min_score"": 7.1, ""is_mandatory"": true}]",True,middle,usa,north_america,"{""academic"": 0.3448, ""leadership"": 0.1954, ""olympiad"": 0.1379, ""extracurricular"": 0.1494, ""essay"": 0.1724}",academic,False,We seek to support outstanding students in engineering who demonstrate commitment to innovation.,We are looking for candidates with strong academic records and proven leadership experience.,True,True,False,False,1005.47,True,2
SCH_000722,Usa Law Scholarship,"[""egypt"", ""new_zealand"", ""indonesia"", ""brazil"", ""uk"", ""vietnam""]",15,18,"[""high_school"", ""bachelors""]","[""vocational""]","[""law"", ""chemistry"", ""arts_humanities""]",accredited_b,77.3,60.8,"[{""test_type"": ""toefl"", ""min_score"": 82.7, ""is_mandatory"": true}]",False,low,usa,north_america,"{""academic"": 0.2857, ""leadership"": 0.1818, ""olympiad"": 0.1558, ""extracurricular"": 0.2208, ""essay"": 0.1558}",industry,True,This scholarship aims to nurture future leaders in law with a passion for machine learning.,Ideal candidates demonstrate excellence in law and commitment to technological advancement.,False,True,True,True,809.82,False,3
SCH_000723,Nigeria Physics Scholarship,"[""usa"", ""uk""]",16,21,"[""high_school""]","[""science""]","[""physics"", ""chemistry"", ""agriculture""]",public_a,56.0,56.2,"[{""test_type"": ""hsk"", ""min_score"": 80, ""is_mandatory"": true}]",False,low,nigeria,africa,"{""academic"": 0.3145, ""leadership"": 0.0968, ""olympiad"": 0.3226, ""extracurricular"": 0.1371, ""essay"": 0.129}",ngo_npo,False,Our mission is to empower talented individuals from Africa pursuing excellence in physics.,We value students who show leadership potential and dedication to public health policy.,True,True,False,True,1150.34,True,3
SCH_000724,Australia Mathematics Scholarship,"[""new_zealand"", ""kenya"", ""nigeria""]",16,19,"[""high_school"", ""bachelors""]","[""social_studies"", ""languages""]","[""mathematics"", ""social_sciences""]",public_a,79.0,73.3,"[{""test_type"": ""toefl"", ""min_score"": 108.4, ""is_mandatory"": true}]",False,middle,australia,oceania,"{""academic"": 0.1802, ""leadership"": 0.2432, ""olympiad"": 0.2883, ""extracurricular"": 0.1892, ""essay"": 0.0991}",entrepreneurship,True,Our mission is to empower talented individuals from Oceania pursuing excellence in mathematics.,Ideal candidates demonstrate excellence in mathematics and commitment to technological advancement.,True,False,True,True,266.84,False,3
SCH_000725,Netherlands Law Scholarship,"[""india"", ""new_zealand"", ""vietnam"", ""south_africa"", ""south_korea"", ""switzerland""]",17,22,"[""high_school""]","[""religion""]","[""law"", ""medicine""]",accredited_b,69.3,68.7,"[{""test_type"": ""ielts"", ""min_score"": 7.1, ""is_mandatory"": true}]",False,middle,netherlands,europe,"{""academic"": 0.3729, ""leadership"": 0.1441, ""olympiad"": 0.1864, ""extracurricular"": 0.0763, ""essay"": 0.2203}",,False,Our mission is to empower talented individuals from Europe pursuing excellence in law.,Ideal candidates demonstrate excellence in law and commitment to community service.,True,True,True,False,1187.32,True,3
SCH_000726,South Africa Physics Scholarship,"[""morocco"", ""germany"", ""netherlands"", ""malaysia"", ""france"", ""egypt"", ""brazil""]",17,21,"[""high_school""]","[""social_studies"", ""religion""]","[""physics""]",excellence,57.8,51.1,"[{""test_type"": ""toefl"", ""min_score"": 109.0, ""is_mandatory"": true}]",True,middle,south_africa,africa,"{""academic"": 0.2391, ""leadership"": 0.1304, ""olympiad"": 0.2536, ""extracurricular"": 0.2029, ""essay"": 0.1739}",,False,Our mission is to empower talented individuals from Africa pursuing excellence in physics.,We value students who show leadership potential and dedication to cybersecurity.,True,True,True,True,1774.72,True,4
SCH_000727,Brazil Physics Scholarship,"[""china"", ""south_korea""]",15,20,"[""high_school"", ""bachelors""]","[""science""]","[""physics"", ""medicine"", ""chemistry""]",accredited_b,70.2,61.9,"[{""test_type"": ""ielts"", ""min_score"": 6.4, ""is_mandatory"": true}]",True,low,brazil,south_america,"{""academic"": 0.3968, ""leadership"": 0.1032, ""olympiad"": 0.2222, ""extracurricular"": 0.1032, ""essay"": 0.1746}",,False,We seek to support outstanding students in physics who demonstrate commitment to societal impact.,Ideal candidates demonstrate excellence in physics and commitment to community service.,False,True,False,False,1630.4,False,1
SCH_000728,New Zealand Business Scholarship,"[""kenya"", ""india"", ""netherlands"", ""france"", ""philippines"", ""germany"", ""singapore""]",16,20,"[""high_school"", ""bachelors""]","[""science"", ""vocational""]","[""business""]",excellence,58.9,69.3,"[{""test_type"": ""ielts"", ""min_score"": 7.7, ""is_mandatory"": true}]",True,very_low,new_zealand,oceania,"{""academic"": 0.2833, ""leadership"": 0.1, ""olympiad"": 0.2167, ""extracurricular"": 0.225, ""essay"": 0.175}",,False,Our mission is to empower talented individuals from Oceania pursuing excellence in business.,Ideal candidates demonstrate excellence in business and commitment to technological advancement.,True,True,False,False,756.02,True,2
SCH_000729,Kenya Economics Scholarship,"[""thailand"", ""france"", ""kenya"", ""uk"", ""china""]",16,20,"[""high_school"", ""bachelors""]","[""science""]","[""economics"", ""chemistry"", ""mathematics"", ""agriculture""]",accredited_b,67.7,68.0,"[{""test_type"": ""delf"", ""min_score"": 60, ""is_mandatory"": true}]",True,upper_middle,kenya,africa,"{""academic"": 0.2879, ""leadership"": 0.197, ""olympiad"": 0.197, ""extracurricular"": 0.1212, ""essay"": 0.197}",,True,Our mission is to empower talented individuals from Africa pursuing excellence in economics.,We value students who show leadership potential and dedication to human-computer interaction.,True,True,False,True,1326.67,True,3
SCH_000730,New Zealand Chemistry Scholarship,"[""singapore"", ""brazil"", ""morocco"", ""philippines"", ""egypt""]",17,21,"[""high_school"", ""bachelors""]","[""social_studies"", ""vocational""]","[""chemistry"", ""engineering"", ""agriculture""]",private_a,75.8,70.4,"[{""test_type"": ""toefl"", ""min_score"": 100.3, ""is_mandatory"": true}]",True,upper_middle,new_zealand,oceania,"{""academic"": 0.232, ""leadership"": 0.136, ""olympiad"": 0.256, ""extracurricular"": 0.232, ""essay"": 0.144}",industry,True,We seek to support outstanding students in chemistry who demonstrate commitment to innovation.,Ideal candidates demonstrate excellence in chemistry and commitment to technological advancement.,True,True,False,False,127.78,True,2
SCH_000731,Vietnam Social Sciences Scholarship,"[""indonesia"", ""south_africa"", ""japan"", ""nigeria"", ""uk"", ""singapore""]",15,20,"[""high_school"", ""bachelors""]","[""science""]","[""social_sciences"", ""agriculture"", ""law""]",accredited_b,69.6,75.6,"[{""test_type"": ""toefl"", ""min_score"": 80.9, ""is_mandatory"": true}]",True,very_low,vietnam,asia,"{""academic"": 0.2833, ""leadership"": 0.225, ""olympiad"": 0.3, ""extracurricular"": 0.0583, ""essay"": 0.1333}",,False,We seek to support outstanding students in social_sciences who demonstrate commitment to knowledge advancement.,Ideal candidates demonstrate excellence in social_sciences and commitment to community service.,True,False,False,True,934.83,False,2
SCH_000732,Germany Physics Scholarship,"[""france"", ""malaysia"", ""chile"", ""australia"", ""philippines"", ""egypt"", ""india""]",16,20,"[""high_school""]","[""vocational"", ""science""]","[""physics""]",private_a,68.6,51.7,"[{""test_type"": ""toefl"", ""min_score"": 94.6, ""is_mandatory"": true}]",False,upper_middle,germany,europe,"{""academic"": 0.2474, ""leadership"": 0.1753, ""olympiad"": 0.2887, ""extracurricular"": 0.0928, ""essay"": 0.1959}",,True,This scholarship aims to nurture future leaders in physics with a passion for public health policy.,Ideal candidates demonstrate excellence in physics and commitment to community service.,True,True,True,True,1744.38,True,4
SCH_000733,Argentina Biology Scholarship,"[""south_africa"", ""netherlands"", ""switzerland"", ""brazil"", ""australia""]",17,21,"[""high_school"", ""bachelors""]","[""languages"", ""vocational""]","[""biology"", ""law""]",public_a,63.9,55.8,"[{""test_type"": ""toefl"", ""min_score"": 109.3, ""is_mandatory"": true}]",False,middle,argentina,south_america,"{""academic"": 0.377, ""leadership"": 0.0656, ""olympiad"": 0.3033, ""extracurricular"": 0.1393, ""essay"": 0.1148}",entrepreneurship,False,We seek to support outstanding students in biology who demonstrate commitment to societal impact.,We value students who show leadership potential and dedication to climate change mitigation.,False,True,False,True,975.45,False,2
SCH_000734,Brazil Law Scholarship,"[""argentina"", ""switzerland"", ""australia"", ""china"", ""south_africa""]",16,19,"[""high_school""]","[""languages"", ""religion""]","[""law"", ""social_sciences""]",accredited_b,58.8,60.4,"[{""test_type"": ""ielts"", ""min_score"": 7.8, ""is_mandatory"": true}]",False,low,brazil,south_america,"{""academic"": 0.3167, ""leadership"": 0.0833, ""olympiad"": 0.2, ""extracurricular"": 0.2417, ""essay"": 0.1583}",industry,False,This scholarship aims to nurture future leaders in law with a passion for sustainable agriculture.,Ideal candidates demonstrate excellence in law and commitment to community service.,True,True,False,True,317.45,True,3
SCH_000735,South Africa Chemistry Scholarship,"[""philippines"", ""china"", ""india"", ""south_africa"", ""kenya"", ""chile"", ""new_zealand""]",16,20,"[""high_school""]","[""languages""]","[""chemistry"", ""engineering"", ""social_sciences""]",private_a,71.7,67.3,"[{""test_type"": ""topik"", ""min_score"": 200, ""is_mandatory"": true}]",False,very_low,south_africa,africa,"{""academic"": 0.3551, ""leadership"": 0.2101, ""olympiad"": 0.1594, ""extracurricular"": 0.0942, ""essay"": 0.1812}",ngo_npo,True,Our mission is to empower talented individuals from Africa pursuing excellence in chemistry.,We are looking for candidates with strong academic records and proven research experience.,True,True,True,False,181.57,True,3
SCH_000736,India Law Scholarship,"[""argentina"", ""thailand"", ""uk"", ""australia"", ""india"", ""malaysia"", ""indonesia""]",15,20,"[""high_school""]","[""vocational"", ""religion""]","[""law"", ""arts_humanities""]",accredited_b,73.8,64.7,"[{""test_type"": ""ielts"", ""min_score"": 7.7, ""is_mandatory"": true}]",False,very_low,india,asia,"{""academic"": 0.3571, ""leadership"": 0.1929, ""olympiad"": 0.2071, ""extracurricular"": 0.0429, ""essay"": 0.2}",industry,False,Our mission is to empower talented individuals from Asia pursuing excellence in law.,Ideal candidates demonstrate excellence in law and commitment to technological advancement.,True,False,False,False,1009.97,False,1
SCH_000737,Canada Chemistry Scholarship,"[""nigeria"", ""sweden"", ""china"", ""switzerland""]",16,20,"[""high_school"", ""bachelors""]","[""science"", ""languages""]","[""chemistry"", ""computer_science"", ""arts_humanities"", ""law""]",excellence,75.8,75.7,"[{""test_type"": ""toefl"", ""min_score"": 105.6, ""is_mandatory"": true}]",False,upper_middle,canada,north_america,"{""academic"": 0.4433, ""leadership"": 0.1443, ""olympiad"": 0.1856, ""extracurricular"": 0.0928, ""essay"": 0.134}",ngo_npo,False,We seek to support outstanding students in chemistry who demonstrate commitment to societal impact.,We value students who show leadership potential and dedication to renewable energy systems.,True,True,True,False,1212.66,True,3
SCH_000738,Australia Economics Scholarship,"[""philippines"", ""malaysia""]",15,20,"[""high_school"", ""bachelors""]","[""social_studies"", ""science""]","[""economics""]",private_a,62.9,74.1,"[{""test_type"": ""ielts"", ""min_score"": 6.9, ""is_mandatory"": false}]",False,middle,australia,oceania,"{""academic"": 0.2473, ""leadership"": 0.1505, ""olympiad"": 0.2043, ""extracurricular"": 0.129, ""essay"": 0.2688}",,False,This scholarship aims to nurture future leaders in economics with a passion for artificial intelligence.,Ideal candidates demonstrate excellence in economics and commitment to community service.,False,False,False,True,1892.38,False,1
SCH_000739,Indonesia Business Scholarship,"[""france"", ""australia"", ""egypt"", ""morocco"", ""malaysia"", ""vietnam""]",16,20,"[""high_school""]","[""religion"", ""vocational""]","[""business"", ""law""]",public_a,64.2,57.8,"[{""test_type"": ""ielts"", ""min_score"": 6.8, ""is_mandatory"": false}]",False,low,indonesia,asia,"{""academic"": 0.2017, ""leadership"": 0.1345, ""olympiad"": 0.3025, ""extracurricular"": 0.1176, ""essay"": 0.2437}",ngo_npo,True,Our mission is to empower talented individuals from Asia pursuing excellence in business.,We value students who show leadership potential and dedication to artificial intelligence.,True,False,False,True,1085.28,False,2
SCH_000740,South Africa Computer Science Scholarship,"[""new_zealand"", ""south_korea"", ""kenya"", ""singapore"", ""france"", ""chile""]",17,22,"[""high_school"", ""bachelors""]","[""science"", ""vocational""]","[""computer_science"", ""business""]",accredited_b,78.4,53.6,"[{""test_type"": ""jlpt"", ""min_score"": 40, ""is_mandatory"": true}]",False,middle,south_africa,africa,"{""academic"": 0.3879, ""leadership"": 0.2586, ""olympiad"": 0.181, ""extracurricular"": 0.0603, ""essay"": 0.1121}",,True,We seek to support outstanding students in computer_science who demonstrate commitment to knowledge advancement.,We value students who show leadership potential and dedication to education reform.,False,True,True,True,1289.21,False,3
SCH_000741,Netherlands Physics Scholarship,"[""china"", ""egypt"", ""sweden"", ""japan"", ""uk"", ""usa""]",15,20,"[""high_school""]","[""science""]","[""physics""]",accredited_b,76.3,58.6,"[{""test_type"": ""toefl"", ""min_score"": 89.7, ""is_mandatory"": true}]",False,low,netherlands,europe,"{""academic"": 0.2755, ""leadership"": 0.2041, ""olympiad"": 0.2449, ""extracurricular"": 0.1122, ""essay"": 0.1633}",industry,False,We seek to support outstanding students in physics who demonstrate commitment to innovation.,We value students who show leadership potential and dedication to machine learning.,True,True,True,False,1113.43,True,3
SCH_000742,Argentina Agriculture Scholarship,"[""egypt"", ""philippines"", ""brazil""]",17,20,"[""high_school"", ""bachelors""]","[""religion"", ""vocational""]","[""agriculture""]",private_a,73.6,63.0,"[{""test_type"": ""ielts"", ""min_score"": 6.1, ""is_mandatory"": false}]",False,middle,argentina,south_america,"{""academic"": 0.2647, ""leadership"": 0.1985, ""olympiad"": 0.1691, ""extracurricular"": 0.1691, ""essay"": 0.1985}",,True,We seek to support outstanding students in agriculture who demonstrate commitment to innovation.,We value students who show leadership potential and dedication to sustainable agriculture.,True,False,False,False,546.82,False,1
SCH_000743,Usa Medicine Scholarship,"[""switzerland"", ""south_korea"", ""india"", ""sweden"", ""vietnam"", ""philippines""]",15,18,"[""high_school""]","[""science"", ""social_studies""]","[""medicine"", ""education"", ""agriculture"", ""arts_humanities""]",public_a,58.8,60.7,"[{""test_type"": ""hsk"", ""min_score"": 80, ""is_mandatory"": true}]",True,middle,usa,north_america,"{""academic"": 0.3837, ""leadership"": 0.1163, ""olympiad"": 0.1279, ""extracurricular"": 0.2093, ""essay"": 0.1628}",,True,Our mission is to empower talented individuals from North_america pursuing excellence in medicine.,We value students who show leadership potential and dedication to financial technology.,True,True,True,False,1943.38,True,3
SCH_000744,Usa Medicine Scholarship,"[""south_korea"", ""singapore"", ""south_africa"", ""uk""]",16,20,"[""high_school"", ""bachelors""]","[""vocational"", ""languages""]","[""medicine"", ""agriculture"", ""arts_humanities""]",excellence,76.6,78.1,"[{""test_type"": ""ielts"", ""min_score"": 6.2, ""is_mandatory"": true}]",False,very_low,usa,north_america,"{""academic"": 0.3628, ""leadership"": 0.2566, ""olympiad"": 0.0973, ""extracurricular"": 0.1062, ""essay"": 0.177}",,False,Our mission is to empower talented individuals from North_america pursuing excellence in medicine.,Ideal candidates demonstrate excellence in medicine and commitment to community service.,True,False,True,True,331.94,False,3
SCH_000745,Nigeria Business Scholarship,"[""japan"", ""thailand"", ""india"", ""australia"", ""morocco""]",17,20,"[""high_school""]","[""social_studies"", ""vocational""]","[""business""]",public_a,68.5,77.7,"[{""test_type"": ""toefl"", ""min_score"": 92.2, ""is_mandatory"": true}]",False,low,nigeria,africa,"{""academic"": 0.2727, ""leadership"": 0.0909, ""olympiad"": 0.2841, ""extracurricular"": 0.2045, ""essay"": 0.1477}",ngo_npo,False,This scholarship aims to nurture future leaders in business with a passion for financial technology.,Ideal candidates demonstrate excellence in business and commitment to technological advancement.,True,True,False,True,1362.79,True,3
SCH_000746,Nigeria Law Scholarship,"[""south_korea"", ""france"", ""germany"", ""south_africa"", ""vietnam"", ""singapore""]",15,20,"[""high_school""]","[""vocational""]","[""law"", ""arts_humanities"", ""engineering""]",private_a,57.1,51.0,[],False,middle,nigeria,africa,"{""academic"": 0.2561, ""leadership"": 0.1463, ""olympiad"": 0.1463, ""extracurricular"": 0.0976, ""essay"": 0.3537}",,False,We seek to support outstanding students in law who demonstrate commitment to societal impact.,Ideal candidates demonstrate excellence in law and commitment to technological advancement.,False,True,False,False,736.28,False,1
SCH_000747,Brazil Agriculture Scholarship,"[""uk"", ""kenya"", ""chile"", ""vietnam"", ""malaysia"", ""morocco""]",16,19,"[""high_school"", ""bachelors""]","[""languages"", ""vocational""]","[""agriculture""]",excellence,56.0,55.8,"[{""test_type"": ""jlpt"", ""min_score"": 40, ""is_mandatory"": true}]",True,upper_middle,brazil,south_america,"{""academic"": 0.3205, ""leadership"": 0.1667, ""olympiad"": 0.1282, ""extracurricular"": 0.1795, ""essay"": 0.2051}",,False,This scholarship aims to nurture future leaders in agriculture with a passion for renewable energy systems.,We are looking for candidates with strong academic records and proven leadership experience.,True,True,False,False,1313.8,True,2
SCH_000748,Vietnam Social Sciences Scholarship,"[""south_africa"", ""morocco"", ""egypt"", ""canada"", ""indonesia"", ""china"", ""india""]",15,18,"[""high_school""]","[""social_studies"", ""vocational""]","[""social_sciences"", ""mathematics"", ""law""]",private_a,58.6,76.5,"[{""test_type"": ""ielts"", ""min_score"": 6.3, ""is_mandatory"": true}]",False,upper_middle,vietnam,asia,"{""academic"": 0.3364, ""leadership"": 0.1776, ""olympiad"": 0.1308, ""extracurricular"": 0.1776, ""essay"": 0.1776}",,False,This scholarship aims to nurture future leaders in social_sciences with a passion for sustainable agriculture.,Ideal candidates demonstrate excellence in social_sciences and commitment to technological advancement.,True,True,False,False,1029.51,True,2
SCH_000749,France Education Scholarship,"[""vietnam"", ""egypt"", ""argentina"", ""brazil"", ""new_zealand""]",15,20,"[""high_school"", ""bachelors""]","[""social_studies""]","[""education""]",excellence,77.3,57.2,"[{""test_type"": ""ielts"", ""min_score"": 6.9, ""is_mandatory"": true}]",True,middle,france,europe,"{""academic"": 0.374, ""leadership"": 0.1626, ""olympiad"": 0.2764, ""extracurricular"": 0.1138, ""essay"": 0.0732}",academic,False,This scholarship aims to nurture future leaders in education with a passion for artificial intelligence.,We are looking for candidates with strong academic records and proven research experience.,True,True,True,False,1614.94,True,3
SCH_000750,Argentina Physics Scholarship,"[""australia"", ""argentina"", ""vietnam"", ""new_zealand"", ""south_africa""]",17,21,"[""high_school""]","[""social_studies""]","[""physics"", ""agriculture"", ""education"", ""computer_science""]",private_a,64.9,59.1,"[{""test_type"": ""toefl"", ""min_score"": 102.0, ""is_mandatory"": true}]",False,middle,argentina,south_america,"{""academic"": 0.2368, ""leadership"": 0.2193, ""olympiad"": 0.307, ""extracurricular"": 0.1053, ""essay"": 0.1316}",,True,We seek to support outstanding students in physics who demonstrate commitment to societal impact.,We are looking for candidates with strong academic records and proven research experience.,True,True,True,False,63.08,True,3
SCH_000751,New Zealand Social Sciences Scholarship,"[""new_zealand"", ""brazil""]",16,20,"[""high_school""]","[""social_studies"", ""religion""]","[""social_sciences"", ""education""]",accredited_b,79.1,52.4,"[{""test_type"": ""jlpt"", ""min_score"": 40, ""is_mandatory"": true}]",False,upper_middle,new_zealand,oceania,"{""academic"": 0.1913, ""leadership"": 0.0783, ""olympiad"": 0.287, ""extracurricular"": 0.2174, ""essay"": 0.2261}",industry,False,This scholarship aims to nurture future leaders in social_sciences with a passion for machine learning.,We value students who show leadership potential and dedication to machine learning.,False,True,True,True,1911.98,False,3
SCH_000752,Chile Biology Scholarship,"[""indonesia"", ""south_africa"", ""kenya"", ""india""]",15,20,"[""high_school""]","[""vocational""]","[""biology"", ""social_sciences""]",accredited_b,66.0,68.1,[],False,upper_middle,chile,south_america,"{""academic"": 0.2105, ""leadership"": 0.2018, ""olympiad"": 0.2719, ""extracurricular"": 0.0789, ""essay"": 0.2368}",,False,We seek to support outstanding students in biology who demonstrate commitment to innovation.,We value students who show leadership potential and dedication to genomic research.,True,True,True,False,1126.02,True,3
SCH_000753,Canada Education Scholarship,"[""germany"", ""australia"", ""brazil"", ""indonesia"", ""malaysia"", ""usa"", ""chile""]",16,21,"[""high_school""]","[""languages"", ""religion""]","[""education""]",private_a,76.1,74.8,"[{""test_type"": ""ielts"", ""min_score"": 6.9, ""is_mandatory"": true}]",False,very_low,canada,north_america,"{""academic"": 0.2562, ""leadership"": 0.1812, ""olympiad"": 0.25, ""extracurricular"": 0.1625, ""essay"": 0.15}",government,True,This scholarship aims to nurture future leaders in education with a passion for financial technology.,We are looking for candidates with strong academic records and proven research experience.,True,False,True,False,1187.07,False,2
SCH_000754,Morocco Medicine Scholarship,"[""germany"", ""argentina"", ""netherlands"", ""new_zealand"", ""south_korea"", ""china""]",15,20,"[""high_school""]","[""languages"", ""science""]","[""medicine"", ""business"", ""mathematics"", ""education""]",private_a,66.1,68.5,"[{""test_type"": ""toefl"", ""min_score"": 90.1, ""is_mandatory"": false}]",True,very_low,morocco,africa,"{""academic"": 0.2308, ""leadership"": 0.1624, ""olympiad"": 0.2735, ""extracurricular"": 0.2479, ""essay"": 0.0855}",academic,False,This scholarship aims to nurture future leaders in medicine with a passion for cybersecurity.,Ideal candidates demonstrate excellence in medicine and commitment to community service.,True,True,True,True,1520.96,True,4
SCH_000755,Switzerland Engineering Scholarship,"[""south_africa"", ""indonesia"", ""malaysia""]",16,20,"[""high_school"", ""bachelors""]","[""social_studies""]","[""engineering"", ""biology""]",public_a,67.2,57.5,"[{""test_type"": ""hsk"", ""min_score"": 80, ""is_mandatory"": true}]",True,upper_middle,switzerland,europe,"{""academic"": 0.2205, ""leadership"": 0.1181, ""olympiad"": 0.2283, ""extracurricular"": 0.2283, ""essay"": 0.2047}",ngo_npo,True,This scholarship aims to nurture future leaders in engineering with a passion for quantum computing.,Ideal candidates demonstrate excellence in engineering and commitment to technological advancement.,True,False,False,True,849.68,False,2
SCH_000756,Brazil Medicine Scholarship,"[""brazil"", ""thailand"", ""kenya"", ""uk"", ""netherlands"", ""malaysia""]",16,20,"[""high_school"", ""bachelors""]","[""social_studies"", ""vocational""]","[""medicine""]",private_a,85.0,65.4,"[{""test_type"": ""ielts"", ""min_score"": 6.3, ""is_mandatory"": true}]",False,very_low,brazil,south_america,"{""academic"": 0.3368, ""leadership"": 0.1789, ""olympiad"": 0.2105, ""extracurricular"": 0.1368, ""essay"": 0.1368}",,True,Our mission is to empower talented individuals from South_america pursuing excellence in medicine.,We value students who show leadership potential and dedication to financial technology.,False,True,True,True,57.31,False,3
SCH_000757,Canada Mathematics Scholarship,"[""brazil"", ""south_africa"", ""philippines"", ""sweden"", ""usa""]",16,21,"[""high_school"", ""bachelors""]","[""languages"", ""vocational""]","[""mathematics""]",private_a,78.6,61.2,"[{""test_type"": ""ielts"", ""min_score"": 7.4, ""is_mandatory"": true}]",False,very_low,canada,north_america,"{""academic"": 0.3646, ""leadership"": 0.2813, ""olympiad"": 0.1146, ""extracurricular"": 0.0521, ""essay"": 0.1875}",ngo_npo,False,This scholarship aims to nurture future leaders in mathematics with a passion for financial technology.,Ideal candidates demonstrate excellence in mathematics and commitment to technological advancement.,True,True,True,True,1227.07,True,4
SCH_000758,Chile Economics Scholarship,"[""india"", ""morocco""]",15,19,"[""high_school"", ""bachelors""]","[""science"", ""vocational""]","[""economics""]",public_a,83.6,51.9,"[{""test_type"": ""toefl"", ""min_score"": 81.1, ""is_mandatory"": false}]",False,very_low,chile,south_america,"{""academic"": 0.3981, ""leadership"": 0.1359, ""olympiad"": 0.1359, ""extracurricular"": 0.2039, ""essay"": 0.1262}",,False,We seek to support outstanding students in economics who demonstrate commitment to innovation.,We value students who show leadership potential and dedication to renewable energy systems.,True,True,False,False,1475.53,True,2
SCH_000759,Chile Engineering Scholarship,"[""malaysia"", ""india"", ""france"", ""usa"", ""canada""]",16,20,"[""high_school""]","[""science""]","[""engineering"", ""chemistry"", ""economics""]",private_a,79.4,60.9,[],True,upper_middle,chile,south_america,"{""academic"": 0.2897, ""leadership"": 0.215, ""olympiad"": 0.243, ""extracurricular"": 0.1402, ""essay"": 0.1121}",entrepreneurship,False,We seek to support outstanding students in engineering who demonstrate commitment to societal impact.,Ideal candidates demonstrate excellence in engineering and commitment to technological advancement.,True,False,True,True,95.74,False,3
SCH_000760,Nigeria Business Scholarship,"[""sweden"", ""uk"", ""argentina"", ""india"", ""morocco"", ""indonesia""]",17,20,"[""high_school"", ""bachelors""]","[""vocational""]","[""business""]",accredited_b,82.8,73.7,"[{""test_type"": ""toefl"", ""min_score"": 102.1, ""is_mandatory"": true}]",False,upper_middle,nigeria,africa,"{""academic"": 0.3636, ""leadership"": 0.1983, ""olympiad"": 0.1901, ""extracurricular"": 0.0744, ""essay"": 0.1736}",ngo_npo,True,This scholarship aims to nurture future leaders in business with a passion for machine learning.,We are looking for candidates with strong academic records and proven leadership experience.,True,False,True,True,1032.24,False,3
SCH_000761,Indonesia Business Scholarship,"[""vietnam"", ""indonesia"", ""australia"", ""canada"", ""south_africa"", ""philippines"", ""south_korea""]",17,20,"[""high_school"", ""bachelors""]","[""vocational"", ""languages""]","[""business"", ""computer_science""]",public_a,62.8,60.3,"[{""test_type"": ""toefl"", ""min_score"": 82.9, ""is_mandatory"": true}]",False,upper_middle,indonesia,asia,"{""academic"": 0.3913, ""leadership"": 0.1196, ""olympiad"": 0.2609, ""extracurricular"": 0.1304, ""essay"": 0.0978}",,True,We seek to support outstanding students in business who demonstrate commitment to societal impact.,We are looking for candidates with strong academic records and proven research experience.,True,True,False,False,1363.08,True,2
SCH_000762,Usa Chemistry Scholarship,"[""vietnam"", ""china"", ""germany"", ""thailand""]",17,20,"[""high_school"", ""bachelors""]","[""science""]","[""chemistry"", ""education"", ""law"", ""medicine""]",accredited_b,83.1,52.9,"[{""test_type"": ""toefl"", ""min_score"": 82.6, ""is_mandatory"": false}]",False,low,usa,north_america,"{""academic"": 0.3778, ""leadership"": 0.2444, ""olympiad"": 0.1444, ""extracurricular"": 0.1111, ""essay"": 0.1222}",,False,Our mission is to empower talented individuals from North_america pursuing excellence in chemistry.,Ideal candidates demonstrate excellence in chemistry and commitment to technological advancement.,True,False,True,False,402.24,False,2
SCH_000763,Chile Medicine Scholarship,"[""singapore"", ""vietnam"", ""nigeria"", ""philippines""]",17,22,"[""high_school"", ""bachelors""]","[""religion""]","[""medicine"", ""physics"", ""business"", ""social_sciences""]",accredited_b,64.1,72.7,"[{""test_type"": ""ielts"", ""min_score"": 6.9, ""is_mandatory"": true}]",True,upper_middle,chile,south_america,"{""academic"": 0.3088, ""leadership"": 0.1912, ""olympiad"": 0.2574, ""extracurricular"": 0.1691, ""essay"": 0.0735}",ngo_npo,False,This scholarship aims to nurture future leaders in medicine with a passion for human-computer interaction.,Ideal candidates demonstrate excellence in medicine and commitment to technological advancement.,True,False,True,False,709.87,False,2
SCH_000764,Australia Chemistry Scholarship,"[""argentina"", ""egypt"", ""vietnam"", ""new_zealand"", ""japan""]",16,21,"[""high_school"", ""bachelors""]","[""vocational"", ""languages""]","[""chemistry"", ""arts_humanities"", ""economics"", ""computer_science""]",accredited_b,70.8,51.3,[],False,upper_middle,australia,oceania,"{""academic"": 0.3203, ""leadership"": 0.0625, ""olympiad"": 0.2734, ""extracurricular"": 0.1797, ""essay"": 0.1641}",public_service,False,This scholarship aims to nurture future leaders in chemistry with a passion for human-computer interaction.,Ideal candidates demonstrate excellence in chemistry and commitment to community service.,True,True,True,True,501.93,True,4
SCH_000765,New Zealand Business Scholarship,"[""switzerland"", ""australia"", ""canada"", ""morocco""]",17,21,"[""high_school""]","[""religion""]","[""business"", ""medicine"", ""computer_science"", ""physics""]",excellence,56.7,60.4,"[{""test_type"": ""toefl"", ""min_score"": 88.8, ""is_mandatory"": true}]",False,low,new_zealand,oceania,"{""academic"": 0.2432, ""leadership"": 0.1532, ""olympiad"": 0.2973, ""extracurricular"": 0.2162, ""essay"": 0.0901}",,False,We seek to support outstanding students in business who demonstrate commitment to innovation.,Ideal candidates demonstrate excellence in business and commitment to technological advancement.,False,True,False,False,785.61,False,1
SCH_000766,New Zealand Chemistry Scholarship,"[""indonesia"", ""australia"", ""switzerland"", ""uk"", ""philippines"", ""india""]",15,18,"[""high_school""]","[""languages""]","[""chemistry"", ""business"", ""economics""]",excellence,67.1,60.9,"[{""test_type"": ""ielts"", ""min_score"": 6.2, ""is_mandatory"": true}]",False,very_low,new_zealand,oceania,"{""academic"": 0.2542, ""leadership"": 0.178, ""olympiad"": 0.1271, ""extracurricular"": 0.2034, ""essay"": 0.2373}",,False,Our mission is to empower talented individuals from Oceania pursuing excellence in chemistry.,Ideal candidates demonstrate excellence in chemistry and commitment to technological advancement.,True,False,False,True,1399.06,False,2
SCH_000767,Canada Chemistry Scholarship,"[""australia"", ""chile""]",16,19,"[""high_school"", ""bachelors""]","[""religion""]","[""chemistry""]",private_a,81.6,71.5,"[{""test_type"": ""ielts"", ""min_score"": 6.0, ""is_mandatory"": false}]",False,upper_middle,canada,north_america,"{""academic"": 0.3504, ""leadership"": 0.0438, ""olympiad"": 0.2701, ""extracurricular"": 0.1971, ""essay"": 0.1387}",ngo_npo,False,This scholarship aims to nurture future leaders in chemistry with a passion for renewable energy systems.,We are looking for candidates with strong academic records and proven leadership experience.,True,True,True,True,1589.6,True,4
SCH_000768,Chile Arts Humanities Scholarship,"[""philippines"", ""japan"", ""kenya"", ""brazil"", ""canada"", ""egypt""]",17,22,"[""high_school"", ""bachelors""]","[""languages""]","[""arts_humanities"", ""biology"", ""physics"", ""agriculture""]",accredited_b,55.7,60.4,"[{""test_type"": ""hsk"", ""min_score"": 60, ""is_mandatory"": true}]",True,low,chile,south_america,"{""academic"": 0.2385, ""leadership"": 0.1615, ""olympiad"": 0.2462, ""extracurricular"": 0.1308, ""essay"": 0.2231}",academic,False,Our mission is to empower talented individuals from South_america pursuing excellence in arts_humanities.,Ideal candidates demonstrate excellence in arts_humanities and commitment to technological advancement.,True,True,True,False,125.06,True,3
SCH_000769,Argentina Computer Science Scholarship,"[""thailand"", ""usa""]",17,20,"[""high_school"", ""bachelors""]","[""religion""]","[""computer_science""]",public_a,55.4,74.8,"[{""test_type"": ""ielts"", ""min_score"": 6.6, ""is_mandatory"": false}]",False,low,argentina,south_america,"{""academic"": 0.1888, ""leadership"": 0.1958, ""olympiad"": 0.2378, ""extracurricular"": 0.2098, ""essay"": 0.1678}",public_service,True,Our mission is to empower talented individuals from South_america pursuing excellence in computer_science.,We are looking for candidates with strong academic records and proven leadership experience.,True,True,True,False,312.94,True,3
SCH_000770,Usa Mathematics Scholarship,"[""france"", ""south_africa"", ""malaysia"", ""brazil""]",17,22,"[""high_school""]","[""vocational"", ""religion""]","[""mathematics""]",private_a,58.9,76.4,"[{""test_type"": ""toefl"", ""min_score"": 102.2, ""is_mandatory"": true}]",False,low,usa,north_america,"{""academic"": 0.3883, ""leadership"": 0.1553, ""olympiad"": 0.1456, ""extracurricular"": 0.0874, ""essay"": 0.2233}",,False,This scholarship aims to nurture future leaders in mathematics with a passion for machine learning.,We are looking for candidates with strong academic records and proven leadership experience.,True,True,False,False,417.37,True,2
SCH_000771,Morocco Medicine Scholarship,"[""japan"", ""philippines"", ""australia"", ""usa"", ""brazil""]",15,18,"[""high_school""]","[""vocational"", ""science""]","[""medicine"", ""computer_science"", ""social_sciences""]",private_a,67.4,51.1,[],False,upper_middle,morocco,africa,"{""academic"": 0.379, ""leadership"": 0.0645, ""olympiad"": 0.3145, ""extracurricular"": 0.1129, ""essay"": 0.129}",entrepreneurship,False,Our mission is to empower talented individuals from Africa pursuing excellence in medicine.,We are looking for candidates with strong academic records and proven research experience.,True,False,False,False,363.64,False,1
SCH_000772,Usa Chemistry Scholarship,"[""france"", ""germany""]",16,21,"[""high_school"", ""bachelors""]","[""science"", ""religion""]","[""chemistry"", ""computer_science"", ""business""]",accredited_b,55.3,56.3,[],True,low,usa,north_america,"{""academic"": 0.2273, ""leadership"": 0.1545, ""olympiad"": 0.3, ""extracurricular"": 0.0636, ""essay"": 0.2545}",,False,Our mission is to empower talented individuals from North_america pursuing excellence in chemistry.,We value students who show leadership potential and dedication to climate change mitigation.,True,True,False,True,703.08,True,3
SCH_000773,Chile Chemistry Scholarship,"[""vietnam"", ""south_korea"", ""sweden""]",15,18,"[""high_school""]","[""vocational"", ""social_studies""]","[""chemistry"", ""business"", ""education"", ""economics""]",accredited_b,59.4,71.4,"[{""test_type"": ""ielts"", ""min_score"": 6.4, ""is_mandatory"": true}]",False,upper_middle,chile,south_america,"{""academic"": 0.3047, ""leadership"": 0.2266, ""olympiad"": 0.2109, ""extracurricular"": 0.2188, ""essay"": 0.0391}",,False,This scholarship aims to nurture future leaders in chemistry with a passion for climate change mitigation.,Ideal candidates demonstrate excellence in chemistry and commitment to community service.,False,True,True,True,591.11,False,3
SCH_000774,France Social Sciences Scholarship,"[""brazil"", ""chile"", ""south_korea"", ""thailand""]",15,18,"[""high_school"", ""bachelors""]","[""science"", ""social_studies""]","[""social_sciences"", ""medicine""]",accredited_b,56.5,67.7,[],False,very_low,france,europe,"{""academic"": 0.2645, ""leadership"": 0.0909, ""olympiad"": 0.2397, ""extracurricular"": 0.1818, ""essay"": 0.2231}",,False,We seek to support outstanding students in social_sciences who demonstrate commitment to innovation.,Ideal candidates demonstrate excellence in social_sciences and commitment to technological advancement.,True,False,True,True,1338.32,False,3
SCH_000775,Chile Law Scholarship,"[""thailand"", ""singapore"", ""uk""]",16,19,"[""high_school"", ""bachelors""]","[""languages""]","[""law""]",private_a,74.8,71.5,"[{""test_type"": ""toefl"", ""min_score"": 89.7, ""is_mandatory"": false}]",False,upper_middle,chile,south_america,"{""academic"": 0.2037, ""leadership"": 0.2685, ""olympiad"": 0.2778, ""extracurricular"": 0.1389, ""essay"": 0.1111}",ngo_npo,False,Our mission is to empower talented individuals from South_america pursuing excellence in law.,We value students who show leadership potential and dedication to financial technology.,True,True,False,False,1182.06,True,2
SCH_000776,Canada Social Sciences Scholarship,"[""france"", ""sweden"", ""usa""]",17,21,"[""high_school""]","[""social_studies""]","[""social_sciences"", ""business"", ""economics""]",excellence,59.8,69.6,"[{""test_type"": ""ielts"", ""min_score"": 7.1, ""is_mandatory"": true}]",False,low,canada,north_america,"{""academic"": 0.3523, ""leadership"": 0.0682, ""olympiad"": 0.1477, ""extracurricular"": 0.2386, ""essay"": 0.1932}",public_service,True,Our mission is to empower talented individuals from North_america pursuing excellence in social_sciences.,We are looking for candidates with strong academic records and proven research experience.,True,True,True,True,434.46,True,4
SCH_000777,Australia Business Scholarship,"[""argentina"", ""france"", ""netherlands"", ""singapore"", ""thailand"", ""australia""]",16,21,"[""high_school""]","[""religion""]","[""business""]",excellence,65.5,64.2,"[{""test_type"": ""hsk"", ""min_score"": 60, ""is_mandatory"": false}]",False,very_low,australia,oceania,"{""academic"": 0.3362, ""leadership"": 0.0776, ""olympiad"": 0.2845, ""extracurricular"": 0.2069, ""essay"": 0.0948}",,True,Our mission is to empower talented individuals from Oceania pursuing excellence in business.,We are looking for candidates with strong academic records and proven leadership experience.,True,True,False,False,218.51,True,2
SCH_000778,Malaysia Agriculture Scholarship,"[""australia"", ""thailand"", ""india"", ""chile""]",15,18,"[""high_school"", ""bachelors""]","[""religion""]","[""agriculture"", ""chemistry""]",excellence,55.0,56.8,"[{""test_type"": ""ielts"", ""min_score"": 6.4, ""is_mandatory"": true}]",False,very_low,malaysia,asia,"{""academic"": 0.3761, ""leadership"": 0.1284, ""olympiad"": 0.1284, ""extracurricular"": 0.2569, ""essay"": 0.1101}",ngo_npo,True,This scholarship aims to nurture future leaders in agriculture with a passion for climate change mitigation.,We are looking for candidates with strong academic records and proven leadership experience.,True,False,False,True,859.3,False,2
SCH_000779,Uk Social Sciences Scholarship,"[""canada"", ""south_africa""]",15,19,"[""high_school""]","[""languages""]","[""social_sciences"", ""chemistry"", ""biology"", ""agriculture""]",excellence,70.5,72.1,"[{""test_type"": ""ielts"", ""min_score"": 6.7, ""is_mandatory"": true}]",True,upper_middle,uk,europe,"{""academic"": 0.3043, ""leadership"": 0.1739, ""olympiad"": 0.337, ""extracurricular"": 0.0761, ""essay"": 0.1087}",academic,False,This scholarship aims to nurture future leaders in social_sciences with a passion for artificial intelligence.,We value students who show leadership potential and dedication to artificial intelligence.,True,True,False,True,812.7,True,3
SCH_000780,Uk Medicine Scholarship,"[""south_korea"", ""vietnam"", ""south_africa"", ""morocco"", ""canada""]",15,18,"[""high_school"", ""bachelors""]","[""social_studies"", ""vocational""]","[""medicine"", ""agriculture"", ""law""]",excellence,84.4,73.5,"[{""test_type"": ""hsk"", ""min_score"": 60, ""is_mandatory"": true}]",True,middle,uk,europe,"{""academic"": 0.2149, ""leadership"": 0.0661, ""olympiad"": 0.2975, ""extracurricular"": 0.2231, ""essay"": 0.1983}",,False,This scholarship aims to nurture future leaders in medicine with a passion for quantum computing.,We value students who show leadership potential and dedication to quantum computing.,True,True,True,True,126.13,True,4
SCH_000781,Thailand Medicine Scholarship,"[""canada"", ""kenya"", ""japan"", ""china"", ""philippines"", ""chile"", ""australia""]",15,18,"[""high_school""]","[""social_studies"", ""religion""]","[""medicine""]",excellence,59.0,55.2,"[{""test_type"": ""delf"", ""min_score"": 60, ""is_mandatory"": true}]",False,low,thailand,asia,"{""academic"": 0.3458, ""leadership"": 0.1121, ""olympiad"": 0.3271, ""extracurricular"": 0.0935, ""essay"": 0.1215}",,True,We seek to support outstanding students in medicine who demonstrate commitment to knowledge advancement.,We are looking for candidates with strong academic records and proven research experience.,False,True,True,True,822.09,False,3
SCH_000782,Usa Biology Scholarship,"[""nigeria"", ""usa"", ""kenya"", ""japan"", ""singapore"", ""germany"", ""chile""]",16,19,"[""high_school""]","[""social_studies""]","[""biology"", ""mathematics"", ""law""]",public_a,61.7,66.5,"[{""test_type"": ""ielts"", ""min_score"": 7.1, ""is_mandatory"": true}]",False,upper_middle,usa,north_america,"{""academic"": 0.2268, ""leadership"": 0.1443, ""olympiad"": 0.2784, ""extracurricular"": 0.299, ""essay"": 0.0515}",,True,Our mission is to empower talented individuals from North_america pursuing excellence in biology.,We are looking for candidates with strong academic records and proven research experience.,False,False,True,False,108.98,False,1
SCH_000783,South Africa Physics Scholarship,"[""south_africa"", ""india"", ""uk""]",16,19,"[""high_school"", ""bachelors""]","[""languages""]","[""physics"", ""education""]",excellence,78.4,69.8,[],False,middle,south_africa,africa,"{""academic"": 0.3371, ""leadership"": 0.0787, ""olympiad"": 0.1236, ""extracurricular"": 0.2472, ""essay"": 0.2135}",ngo_npo,False,We seek to support outstanding students in physics who demonstrate commitment to knowledge advancement.,We value students who show leadership potential and dedication to sustainable agriculture.,True,False,False,True,1894.18,False,2
SCH_000784,Usa Engineering Scholarship,"[""france"", ""kenya"", ""south_korea"", ""malaysia""]",15,20,"[""high_school""]","[""science""]","[""engineering"", ""physics"", ""chemistry""]",accredited_b,61.8,60.6,"[{""test_type"": ""toefl"", ""min_score"": 105.4, ""is_mandatory"": true}]",False,low,usa,north_america,"{""academic"": 0.2427, ""leadership"": 0.0777, ""olympiad"": 0.3592, ""extracurricular"": 0.2233, ""essay"": 0.0971}",entrepreneurship,False,We seek to support outstanding students in engineering who demonstrate commitment to societal impact.,We value students who show leadership potential and dedication to genomic research.,True,True,False,True,504.98,True,3
SCH_000785,Canada Physics Scholarship,"[""uk"", ""china"", ""vietnam"", ""germany""]",15,20,"[""high_school"", ""bachelors""]","[""religion""]","[""physics"", ""medicine"", ""social_sciences""]",public_a,63.2,72.9,[],False,middle,canada,north_america,"{""academic"": 0.2326, ""leadership"": 0.3023, ""olympiad"": 0.1977, ""extracurricular"": 0.0814, ""essay"": 0.186}",government,False,This scholarship aims to nurture future leaders in physics with a passion for cybersecurity.,We value students who show leadership potential and dedication to cybersecurity.,True,False,True,False,1817.84,False,2
SCH_000786,Canada Law Scholarship,"[""uk"", ""netherlands"", ""france"", ""indonesia"", ""nigeria"", ""china"", ""thailand""]",16,20,"[""high_school"", ""bachelors""]","[""religion"", ""social_studies""]","[""law"", ""agriculture"", ""computer_science""]",accredited_b,56.3,64.8,"[{""test_type"": ""ielts"", ""min_score"": 7.6, ""is_mandatory"": true}]",False,very_low,canada,north_america,"{""academic"": 0.3261, ""leadership"": 0.0761, ""olympiad"": 0.3043, ""extracurricular"": 0.1087, ""essay"": 0.1848}",,True,We seek to support outstanding students in law who demonstrate commitment to knowledge advancement.,We value students who show leadership potential and dedication to quantum computing.,True,False,True,False,1919.65,False,2
SCH_000787,South Africa Biology Scholarship,"[""argentina"", ""france"", ""chile"", ""south_africa"", ""australia""]",15,19,"[""high_school""]","[""social_studies""]","[""biology"", ""business"", ""arts_humanities""]",public_a,55.4,51.0,"[{""test_type"": ""ielts"", ""min_score"": 7.7, ""is_mandatory"": true}]",False,middle,south_africa,africa,"{""academic"": 0.3387, ""leadership"": 0.0887, ""olympiad"": 0.2661, ""extracurricular"": 0.121, ""essay"": 0.1855}",,True,We seek to support outstanding students in biology who demonstrate commitment to societal impact.,We value students who show leadership potential and dedication to climate change mitigation.,True,False,False,True,1927.74,False,2
SCH_000788,India Engineering Scholarship,"[""nigeria"", ""philippines"", ""brazil"", ""australia"", ""morocco""]",16,21,"[""high_school"", ""bachelors""]","[""languages"", ""religion""]","[""engineering"", ""education"", ""physics"", ""business""]",public_a,57.3,56.8,"[{""test_type"": ""ielts"", ""min_score"": 7.5, ""is_mandatory"": false}]",False,middle,india,asia,"{""academic"": 0.3707, ""leadership"": 0.0517, ""olympiad"": 0.2759, ""extracurricular"": 0.2155, ""essay"": 0.0862}",,True,We seek to support outstanding students in engineering who demonstrate commitment to innovation.,We are looking for candidates with strong academic records and proven research experience.,True,True,False,False,1117.47,True,2
SCH_000789,Australia Chemistry Scholarship,"[""japan"", ""argentina""]",15,19,"[""high_school"", ""bachelors""]","[""social_studies""]","[""chemistry""]",public_a,83.2,68.6,"[{""test_type"": ""ielts"", ""min_score"": 7.3, ""is_mandatory"": true}]",False,very_low,australia,oceania,"{""academic"": 0.2581, ""leadership"": 0.1828, ""olympiad"": 0.172, ""extracurricular"": 0.1398, ""essay"": 0.2473}",,False,This scholarship aims to nurture future leaders in chemistry with a passion for sustainable agriculture.,Ideal candidates demonstrate excellence in chemistry and commitment to technological advancement.,False,True,False,False,1846.93,False,1
SCH_000790,Netherlands Economics Scholarship,"[""japan"", ""brazil"", ""new_zealand"", ""chile"", ""philippines"", ""france""]",16,20,"[""high_school""]","[""religion"", ""vocational""]","[""economics"", ""social_sciences"", ""education"", ""chemistry""]",public_a,69.7,75.2,[],True,middle,netherlands,europe,"{""academic"": 0.4667, ""leadership"": 0.0667, ""olympiad"": 0.1778, ""extracurricular"": 0.0556, ""essay"": 0.2333}",,False,This scholarship aims to nurture future leaders in economics with a passion for human-computer interaction.,We are looking for candidates with strong academic records and proven leadership experience.,True,False,True,False,1055.79,False,2
SCH_000791,Canada Physics Scholarship,"[""netherlands"", ""germany""]",15,18,"[""high_school""]","[""languages""]","[""physics"", ""law""]",excellence,70.1,50.3,"[{""test_type"": ""delf"", ""min_score"": 40, ""is_mandatory"": true}]",False,very_low,canada,north_america,"{""academic"": 0.4624, ""leadership"": 0.0538, ""olympiad"": 0.3226, ""extracurricular"": 0.0753, ""essay"": 0.086}",,False,This scholarship aims to nurture future leaders in physics with a passion for genomic research.,Ideal candidates demonstrate excellence in physics and commitment to technological advancement.,True,True,True,False,490.65,True,3
SCH_000792,Morocco Medicine Scholarship,"[""france"", ""kenya"", ""nigeria"", ""canada"", ""chile"", ""singapore"", ""south_korea""]",15,20,"[""high_school""]","[""languages""]","[""medicine"", ""physics"", ""biology"", ""arts_humanities""]",public_a,63.5,57.8,"[{""test_type"": ""toefl"", ""min_score"": 98.3, ""is_mandatory"": true}]",True,middle,morocco,africa,"{""academic"": 0.363, ""leadership"": 0.0963, ""olympiad"": 0.2963, ""extracurricular"": 0.0444, ""essay"": 0.2}",public_service,True,This scholarship aims to nurture future leaders in medicine with a passion for financial technology.,Ideal candidates demonstrate excellence in medicine and commitment to technological advancement.,False,False,True,False,1462.8,False,1
SCH_000793,Nigeria Medicine Scholarship,"[""south_africa"", ""france"", ""kenya""]",16,21,"[""high_school"", ""bachelors""]","[""science""]","[""medicine""]",accredited_b,84.5,69.0,"[{""test_type"": ""toefl"", ""min_score"": 103.5, ""is_mandatory"": false}]",True,low,nigeria,africa,"{""academic"": 0.34, ""leadership"": 0.1, ""olympiad"": 0.13, ""extracurricular"": 0.17, ""essay"": 0.26}",government,True,We seek to support outstanding students in medicine who demonstrate commitment to innovation.,We are looking for candidates with strong academic records and proven research experience.,True,True,True,True,1042.57,True,4
SCH_000794,Germany Mathematics Scholarship,"[""new_zealand"", ""vietnam"", ""netherlands"", ""egypt"", ""philippines"", ""chile"", ""india""]",16,21,"[""high_school""]","[""social_studies""]","[""mathematics""]",public_a,55.9,73.6,[],False,low,germany,europe,"{""academic"": 0.3607, ""leadership"": 0.0738, ""olympiad"": 0.3197, ""extracurricular"": 0.0492, ""essay"": 0.1967}",entrepreneurship,False,This scholarship aims to nurture future leaders in mathematics with a passion for climate change mitigation.,Ideal candidates demonstrate excellence in mathematics and commitment to technological advancement.,False,False,True,False,1252.65,False,1
SCH_000795,Australia Physics Scholarship,"[""china"", ""argentina"", ""germany"", ""thailand"", ""egypt""]",17,21,"[""high_school""]","[""social_studies""]","[""physics"", ""medicine""]",accredited_b,68.1,79.1,[],False,very_low,australia,oceania,"{""academic"": 0.337, ""leadership"": 0.0652, ""olympiad"": 0.2935, ""extracurricular"": 0.1087, ""essay"": 0.1957}",academic,False,We seek to support outstanding students in physics who demonstrate commitment to societal impact.,Ideal candidates demonstrate excellence in physics and commitment to technological advancement.,True,True,False,True,1735.02,True,3
SCH_000796,Argentina Social Sciences Scholarship,"[""south_korea"", ""nigeria""]",15,20,"[""high_school"", ""bachelors""]","[""social_studies"", ""religion""]","[""social_sciences""]",excellence,62.9,50.3,"[{""test_type"": ""toefl"", ""min_score"": 103.6, ""is_mandatory"": false}]",False,low,argentina,south_america,"{""academic"": 0.2816, ""leadership"": 0.068, ""olympiad"": 0.3107, ""extracurricular"": 0.2816, ""essay"": 0.0583}",,False,Our mission is to empower talented individuals from South_america pursuing excellence in social_sciences.,We value students who show leadership potential and dedication to education reform.,True,True,False,True,1484.08,True,3
SCH_000797,Malaysia Biology Scholarship,"[""nigeria"", ""new_zealand"", ""sweden"", ""chile"", ""usa""]",16,19,"[""high_school""]","[""social_studies""]","[""biology""]",public_a,65.4,77.1,"[{""test_type"": ""delf"", ""min_score"": 40, ""is_mandatory"": false}]",False,upper_middle,malaysia,asia,"{""academic"": 0.375, ""leadership"": 0.1354, ""olympiad"": 0.1458, ""extracurricular"": 0.0938, ""essay"": 0.25}",academic,False,Our mission is to empower talented individuals from Asia pursuing excellence in biology.,We value students who show leadership potential and dedication to cybersecurity.,False,True,True,False,1700.82,False,2
SCH_000798,New Zealand Computer Science Scholarship,"[""malaysia"", ""canada"", ""usa"", ""singapore"", ""argentina"", ""new_zealand""]",17,20,"[""high_school""]","[""religion""]","[""computer_science""]",accredited_b,78.4,75.1,"[{""test_type"": ""toefl"", ""min_score"": 80.4, ""is_mandatory"": true}]",False,low,new_zealand,oceania,"{""academic"": 0.3194, ""leadership"": 0.1597, ""olympiad"": 0.2222, ""extracurricular"": 0.1736, ""essay"": 0.125}",industry,False,Our mission is to empower talented individuals from Oceania pursuing excellence in computer_science.,We are looking for candidates with strong academic records and proven leadership experience.,True,True,True,False,548.66,True,3
SCH_000799,Argentina Mathematics Scholarship,"[""france"", ""china"", ""philippines"", ""uk""]",15,18,"[""high_school""]","[""religion"", ""science""]","[""mathematics"", ""computer_science"", ""medicine"", ""physics""]",public_a,57.5,74.4,[],False,low,argentina,south_america,"{""academic"": 0.3511, ""leadership"": 0.1489, ""olympiad"": 0.3511, ""extracurricular"": 0.0745, ""essay"": 0.0745}",entrepreneurship,False,This scholarship aims to nurture future leaders in mathematics with a passion for artificial intelligence.,We value students who show leadership potential and dedication to artificial intelligence.,True,False,True,False,619.15,False,2
